barcode,in_tissue,array_row,array_col,pxl_row_in_fullres,pxl_col_in_fullres
ACGCCTGACACGCGCT-1,0,0,0,9027,8669
TACCGATCCAACACTT-1,0,1,1,8921,8609
ATTAAAGCGGACGAGC-1,0,0,2,9027,8548
GATAAGGGACGATTAG-1,0,1,3,8921,8487
GTGCAAATCACCAATA-1,0,0,4,9026,8426
TGTTGGCTGGCGGAAG-1,0,1,5,8921,8366
GCATCCTCTCCTATTA-1,0,0,6,9026,8305
GCGAGGGACTGCTAGA-1,0,1,7,8921,8245
TGGTACCGGCACAGCC-1,0,0,8,9026,8184
GCGCGTTTAAATCGTA-1,0,1,9,8920,8123
TGCCTTGCCCTTACGG-1,0,0,10,9026,8063
GACGACTTTCCAAGAA-1,0,1,11,8920,8002
CCAGTGAGCTCCTTGT-1,0,0,12,9026,7941
ATACCCTGGCTCAAAT-1,0,1,13,8920,7881
GGGTTTCCGGCTTCCA-1,0,0,14,9025,7820
TAACCGTCCAGTTCAT-1,0,1,15,8920,7760
AAACAACGAATAGTTC-1,0,0,16,9025,7699
CAAGGGAGTGTATTTG-1,0,1,17,8920,7638
CCAAGCTTGATCTCCT-1,0,0,18,9025,7578
TTATTTCATCCCAAAC-1,0,1,19,8919,7517
GAGCGCTATGTCAGGC-1,0,0,20,9025,7456
TATGGCAGACTTTCGA-1,0,1,21,8919,7396
CTTCGTGCCCGCATCG-1,0,0,22,9025,7335
AAACGGGTTGGTATCC-1,0,1,23,8919,7275
TGCAAACCCACATCAA-1,0,0,24,9024,7214
GACGGGATGTCTTATG-1,0,1,25,8919,7153
GGCGAGCATCGAGGAC-1,0,0,26,9024,7092
CGCGTGCTATCAACGA-1,0,1,27,8919,7032
TGAAACCTCAACTCAC-1,0,0,28,9024,6971
CACATAAGGCGACCGT-1,0,1,29,8918,6911
TGACCCAACTCACATT-1,0,0,30,9024,6850
ATACGCCGATCTACCG-1,0,1,31,8918,6789
ACTTATCTGATCTATA-1,0,0,32,9024,6729
GTGTGAGCCGAGGTGC-1,0,1,33,8918,6668
GATGATTTGAAACTGG-1,0,0,34,9023,6607
GGGAACCACCTGTTTC-1,0,1,35,8918,6547
GTTCGTTGCGGACCAG-1,0,0,36,9023,6486
TGAGGTTGATCCCAAG-1,0,1,37,8918,6426
GATGCCACACTACAGC-1,0,0,38,9023,6365
AGGCAAAGAGGAATCA-1,0,1,39,8917,6304
AAGTAAGCTTCCAAAC-1,0,0,40,9023,6244
AACGTAGTCTACCCAT-1,0,1,41,8917,6183
GTTTGAGCGGTTATGT-1,0,0,42,9023,6122
GAAGCAAGGCAATGTT-1,0,1,43,8917,6062
TCACTCAGCGCATTAG-1,0,0,44,9022,6001
TACAATGAAACCAGCA-1,0,1,45,8917,5941
GTGCGCTTACAAATGA-1,0,0,46,9022,5880
GCACTCCCACAGTCCC-1,0,1,47,8917,5819
CGAAGACTGCCCGGGA-1,0,0,48,9022,5759
CAGGATCCGCCCGACC-1,0,1,49,8916,5698
CACGATTGGTCGTTAA-1,0,0,50,9022,5637
GGTTGTATCGTGAAAT-1,0,1,51,8916,5577
TCTTATGGGTAGTACC-1,0,0,52,9022,5516
TACAAGCTGTTCACTG-1,0,1,53,8916,5456
GTATCTTGTTGCTCAC-1,0,0,54,9021,5395
ATACCAGGTGAGCGAT-1,0,1,55,8916,5334
CCTAAACAGGGTCCGT-1,0,0,56,9021,5273
ATGGTGCTCAAAGCCA-1,0,1,57,8916,5213
CAAATGCGGAGTGTTC-1,0,0,58,9021,5152
CGTGCCCGACATTTGT-1,0,1,59,8915,5092
GTATCTCCCTAACTGT-1,0,0,60,9021,5031
ATTTGCCTAGTTACGA-1,0,1,61,8915,4970
ACGTCCTAAACGAGAT-1,0,0,62,9021,4910
CTGGGATCGCCCAGAT-1,0,1,63,8915,4849
CTGCAAATGGGCTCCA-1,0,0,64,9020,4788
CATTATAACAGGGTCC-1,0,1,65,8915,4728
ACCTTTCCTTTAGAAG-1,0,0,66,9020,4667
ATAGATTTGCAGTCGG-1,0,1,67,8915,4607
CTCGGGCATCGTCGGG-1,0,0,68,9020,4546
GTGGCGGGCCGTAGCT-1,0,1,69,8914,4485
CAACAGTGCCAAACGG-1,0,0,70,9020,4425
TGCGGGTATTGGGATC-1,0,1,71,8914,4364
GTCTCGCCAACACGCC-1,0,0,72,9020,4303
CTGGGCGGCCAAATGT-1,0,1,73,8914,4243
TAAAGGAGAAACTAGT-1,0,0,74,9019,4182
TCCCACGGAGGGAGCT-1,0,1,75,8914,4122
AGCTTCAATACTTTGA-1,0,0,76,9019,4061
TTCCACATTTCTCGTC-1,0,1,77,8914,4000
ACAAACCGACAAGGCG-1,0,0,78,9019,3940
AGACGGGATTGGTATA-1,0,1,79,8913,3879
AACCTAAAGCCGTCCG-1,0,0,80,9019,3818
TACAAATTGCGGAGGT-1,0,1,81,8913,3758
CCCGCTAGAGGGTTAA-1,0,0,82,9019,3697
CATTGCAAAGCATAAT-1,0,1,83,8913,3637
TGTACGCTATCAGCTT-1,0,0,84,9018,3576
TTCTTCGCAATAGAGC-1,0,1,85,8913,3515
TGTGATTCCAGCGCTT-1,0,0,86,9018,3454
ATTCAGGATCGCCTCT-1,0,1,87,8913,3394
GCCCATGGGTGCAATG-1,0,0,88,9018,3333
TTCCCGACGCTTCACT-1,0,1,89,8912,3273
AGCGGTTGAGATGTAC-1,0,0,90,9018,3212
GCTGTCTGTGATCGAC-1,0,1,91,8912,3151
AAAGACATGAAGTTTA-1,0,0,92,9018,3091
CAACAGAATAACGCTA-1,0,1,93,8912,3030
TGCGGTCTACGAGTAA-1,0,0,94,9017,2969
AAGACTCACGCCCACT-1,0,1,95,8912,2909
CTTTGAAACATATTCC-1,0,0,96,9017,2848
CTGGGCACTAGTCGGA-1,0,1,97,8912,2788
CGCCCTTACATCCACC-1,0,0,98,9017,2727
CACGACCACAGACTTT-1,0,1,99,8911,2666
CAATCCATTATCCGTT-1,0,0,100,9017,2606
GTGGCGTGCACCAGAG-1,0,1,101,8911,2545
CGGAGTCCTAACCTGG-1,0,0,102,9017,2484
GGTCCCATAACATAGA-1,0,1,103,8911,2424
ATCTCATAAACCTACC-1,0,0,104,9016,2363
TGCATGGCAGTCTTGC-1,0,1,105,8911,2303
TTGCAGGTCATGAAGT-1,0,0,106,9016,2242
AGCTGCATTTGAGGTG-1,0,1,107,8911,2181
TAATCAGGAATGCTGC-1,0,0,108,9016,2120
CCATCATAAGAACAGG-1,0,1,109,8910,2060
TCGTATCACCAAGCTA-1,0,0,110,9016,1999
ATTCAGATGAATCCCT-1,0,1,111,8910,1939
AAAGGTCAACGACATG-1,0,0,112,9016,1878
AGCTGCTGTGCCGAAT-1,0,1,113,8910,1817
CTAGCGCCAATCCTAC-1,0,0,114,9015,1757
GCTCGACCGAACTGAA-1,0,1,115,8910,1696
ACAGTGCAGCGCATTT-1,0,0,116,9015,1635
CGGCTGAAGGTTACGC-1,0,1,117,8910,1575
CACCTCTACGAGTGTG-1,0,0,118,9015,1514
ATACGACAGATGGGTA-1,0,1,119,8909,1454
ACTTCCTGTCGTGCGA-1,0,0,120,9015,1393
CGTAACGGAACGATCA-1,0,1,121,8909,1332
AAATCACTCCTAAACG-1,0,0,122,9015,1272
CTCCGAGTAAATCCGC-1,0,1,123,8909,1211
ACGCTAGTATCAGTGC-1,0,0,124,9014,1150
AGAGTGAACAGACACC-1,0,1,125,8909,1090
ACACCCGTAAATCTGT-1,0,0,126,9014,1029
GCTTTGCTGCCGGGTA-1,0,1,127,8908,969
ACAGGAGGCGCAGCCG-1,0,2,0,8816,8669
AGGCAATACGGAGGAC-1,0,3,1,8710,8609
TGGTGTGACAGACGAT-1,0,2,2,8816,8548
ATCTATCGATGATCAA-1,0,3,3,8710,8488
CGGTAACAAGATACAT-1,0,2,4,8815,8427
TCGCCGGAGAGTCTTA-1,0,3,5,8710,8366
GGAGGAGTGTGTTTAT-1,0,2,6,8815,8306
TTAGGTGTGACTGGTC-1,0,3,7,8710,8245
CAGGGCTAACGAAACC-1,0,2,8,8815,8184
CCCGTGGGTTAATTGA-1,0,3,9,8709,8124
GACCGACCGCTAATAT-1,0,2,10,8815,8063
GGTATCAAGCATAGAA-1,0,3,11,8709,8003
TGCATGAGTAGATTCG-1,0,2,12,8815,7942
AATTCCAACTTGGTGA-1,0,3,13,8709,7881
TGCCGATGTCATCAAT-1,0,2,14,8814,7820
GCTGGGTCCGCTGTTA-1,0,3,15,8709,7760
TGAACACCCGAAGCAG-1,0,2,16,8814,7699
AACATTGGTCAGCCGT-1,0,3,17,8709,7639
GTGGGTCTTCTTTGCG-1,0,2,18,8814,7578
CATCGAATGGATCTCT-1,0,3,19,8708,7517
GCTACACTGTCCGAAC-1,0,2,20,8814,7457
CGGGTTGTAGCTTTGG-1,0,3,21,8708,7396
CCTAAGTGTCTAACCG-1,0,2,22,8814,7335
TCTGTGACTGACCGTT-1,0,3,23,8708,7275
TTATCATACTCGCAAA-1,0,2,24,8813,7214
AGCGTAGCGCTAGACC-1,0,3,25,8708,7154
TCCCTCCGAAATCGTT-1,0,2,26,8813,7093
AGGTCGCCACTTCGGT-1,0,3,27,8708,7032
CTAGCAACTAATTTAC-1,0,2,28,8813,6972
TTGCTAGCTACCAATC-1,0,3,29,8707,6911
GCCGGTTTGGGCGGAT-1,0,2,30,8813,6850
TGTAACTTGTCAACCT-1,0,3,31,8707,6790
CGAGATGTTGCCTATA-1,0,2,32,8813,6729
GTTACGAAATCCACGC-1,0,3,33,8707,6669
CTTGTCGTACGTGTCA-1,0,2,34,8812,6608
GCGTCCAGCTCGTGGC-1,0,3,35,8707,6547
CCCTTCTCGTACGCGA-1,0,2,36,8812,6486
CCAAAGTCCCGCTAAC-1,0,3,37,8707,6426
CCGCTTCGCGGTTAAC-1,0,2,38,8812,6365
GTTACGGCCCGACTGC-1,0,3,39,8706,6305
CCCGCTTGCCCTCGTC-1,0,2,40,8812,6244
TAGTGAGAAGTGGTTG-1,0,3,41,8706,6183
CGCTACCGCCCTATGA-1,0,2,42,8812,6123
AAACAATCTACTAGCA-1,0,3,43,8706,6062
GCGCGATGGGTCAAGT-1,0,2,44,8811,6001
ATAAACCATTGGACGG-1,0,3,45,8706,5941
TCGGGCACTTCTGGAT-1,0,2,46,8811,5880
TCTGTGGCTACATTTC-1,0,3,47,8706,5820
CTCTGTGCCTGCTATG-1,0,2,48,8811,5759
CACGACTAAAGTTCTG-1,0,3,49,8705,5698
GAGGAGTAATTCCTAC-1,0,2,50,8811,5638
AGAGGTATCTCGGTCC-1,0,3,51,8705,5577
GGCGTACCCTATATAA-1,0,2,52,8811,5516
GCCGGAAACACATCTT-1,0,3,53,8705,5456
AAATGTGGGTGCTCCT-1,0,2,54,8810,5395
ACCAGGAGTGTGATCT-1,0,3,55,8705,5335
TGTGGAGGAAGCTTAA-1,0,2,56,8810,5274
AAGGAGAACTTATAAG-1,0,3,57,8705,5213
CCCTCGGGAGCCTTGT-1,0,2,58,8810,5153
ACTGTTTAGTGTAGGC-1,0,3,59,8704,5092
CGTCAGTTTATCGTCT-1,0,2,60,8810,5031
GCGTGTATGTCGTATT-1,0,3,61,8704,4971
ACAATCGATCTTTATA-1,0,2,62,8810,4910
CAGCCCTCACAGGCAG-1,0,3,63,8704,4850
CGCGTCATATTAAACC-1,0,2,64,8809,4789
GAAGACTTCAATGCCG-1,0,3,65,8704,4728
TTGCGGCGACTCATGC-1,0,2,66,8809,4667
ACCAAACTAGAAATCC-1,0,3,67,8704,4607
TTACTGTTTCTCTACG-1,0,2,68,8809,4546
GACCAGGTCATTCATA-1,0,3,69,8703,4486
TTCTTCCCTTTGATAT-1,0,2,70,8809,4425
ACGCCCAGCTGTCGAT-1,0,3,71,8703,4364
AGTAGCGTGAACGAAC-1,0,2,72,8809,4304
CCTCGACCCACTGCCT-1,0,3,73,8703,4243
AGTTATTGAAAGGTAA-1,0,2,74,8808,4182
TCAGTTACGGAATGAT-1,0,3,75,8703,4122
GAATCTATACTCGGAC-1,0,2,76,8808,4061
TCGGCTAACTTCCCTT-1,0,3,77,8703,4001
ACGTGGTCGAATGTGC-1,0,2,78,8808,3940
ATATCGTGCCAGACCC-1,0,3,79,8702,3879
GTAGCTAGTAAGCGCG-1,0,2,80,8808,3819
ACGCTTAGTGTCTCTC-1,0,3,81,8702,3758
TCCGGCCTGCATCGAT-1,0,2,82,8808,3697
TAGTGGAACTCATACA-1,0,3,83,8702,3637
ATCATCTGCCCAGTGT-1,0,2,84,8807,3576
GTTATTAAATACGACC-1,0,3,85,8702,3516
GCGCTAAGTATGCATG-1,0,2,86,8807,3455
CCTGACGCAACCTTTA-1,0,3,87,8702,3394
CCCAAGAATGCACGGT-1,0,2,88,8807,3334
AACTGGGTTCGAGCCG-1,0,3,89,8701,3273
GGTTCCACCCGCTTCT-1,0,2,90,8807,3212
CATGCACGTGTTACTG-1,0,3,91,8701,3152
AGCGTTCCGATTTAAA-1,0,2,92,8807,3091
CCTACGCGACCTTACA-1,0,3,93,8701,3031
CGAATTACATGGTGTT-1,0,2,94,8806,2970
GAGGTCTTAGTGGGTC-1,0,3,95,8701,2909
GCCGCTAGATACGCAG-1,0,2,96,8806,2848
GTCACCTGTCTATGTC-1,0,3,97,8701,2788
CCGATTGGTCAATGAA-1,0,2,98,8806,2727
CCTGTGCGGATTGTAA-1,0,3,99,8700,2667
TTACGTAGCGCGTGCT-1,0,2,100,8806,2606
GGAGGCGAAGAACCGC-1,0,3,101,8700,2545
GGGTCACGTGCTTATG-1,0,2,102,8806,2485
GCTCCGGACGTTGATA-1,0,3,103,8700,2424
ATGTTTGTAAGATCAT-1,0,2,104,8805,2363
TGACCCAGCATTCCCG-1,0,3,105,8700,2303
TGGTCGTTTGATAGAT-1,0,2,106,8805,2242
TGTAATGCCTTCGGAC-1,0,3,107,8699,2182
TGCTCACACAACAACC-1,0,2,108,8805,2121
TACGATCCAAGCCACT-1,0,3,109,8699,2060
TTGTAACTTCATAGCG-1,0,2,110,8805,2000
AGATTCAAGCGGGTCG-1,0,3,111,8699,1939
CTCAGCAGACTGCCGA-1,0,2,112,8804,1878
GTAACATCAGCTCATC-1,0,3,113,8699,1818
ATGGAACAGAATAAAC-1,0,2,114,8804,1757
GGGCCTATACAACCGG-1,0,3,115,8699,1697
TCAAACAATTAGGACA-1,0,2,116,8804,1636
AAACCACTACACAGAT-1,0,3,117,8698,1575
AAACGACAGTCTTGCC-1,0,2,118,8804,1514
TTGAGGGTCGAACGCG-1,0,3,119,8698,1454
TGTTGATCACTGTTTA-1,0,2,120,8804,1393
AGGGTGTGCTACACGC-1,0,3,121,8698,1333
GTAGTTAGACAATATA-1,0,2,122,8803,1272
AATGGCCGCCAATGCG-1,0,3,123,8698,1211
TCGGCGGTATTAGATT-1,0,2,124,8803,1151
GGGTCACTGAGTAGTG-1,0,3,125,8698,1090
GAATTATGCAACCTAC-1,0,2,126,8803,1029
GATCTTAGTGAACGTG-1,0,3,127,8697,969
CTAATGCGCCCAACAA-1,0,4,0,8605,8670
GCCACCCATTCCACTT-1,0,5,1,8499,8609
TACTCACAACGTAGTA-1,0,4,2,8605,8548
GTTCGGTGTGGATTTA-1,0,5,3,8499,8488
TCTTTCGGCGGGACAC-1,0,4,4,8604,8427
GGAGACATTCACGGGC-1,0,5,5,8499,8367
GGGATTATCTCACAAC-1,0,4,6,8604,8306
TAGAACGCCAGTAACG-1,0,5,7,8499,8245
ACGAGTCGCCGGCGTT-1,0,4,8,8604,8185
TGATGGGACTAAGTCA-1,0,5,9,8498,8124
TGCGAGAAACGTTACG-1,0,4,10,8604,8063
TCGCCTCGACCTGTTG-1,0,5,11,8498,8003
AACTCGATAAACACGT-1,0,4,12,8604,7942
AGGAAAGCCTCTGATG-1,0,5,13,8498,7882
GAAGGACTAAATTGAA-1,0,4,14,8603,7821
GTATCGGGACGAGCTG-1,0,5,15,8498,7760
CCTGTGCATAGGAGAC-1,0,4,16,8603,7700
CATACGGGTGCATGAT-1,0,5,17,8498,7639
CCACTAAACTGAATCG-1,0,4,18,8603,7578
AAATTGCGGCGGTTCT-1,0,5,19,8497,7518
AGTCCAGCGGGTACGT-1,0,4,20,8603,7457
CATTCAGGTCAGTGCG-1,0,5,21,8497,7397
CTAAAGTCCGAAGCTA-1,0,4,22,8603,7336
AATCAGACTGCAGGAC-1,0,5,23,8497,7275
AGTATCCATAATAACG-1,0,4,24,8602,7214
CTGGCTGCTAACGTAA-1,0,5,25,8497,7154
GTTCCAAGACAGCGAC-1,0,4,26,8602,7093
AAGACTAACCCGTTGT-1,0,5,27,8497,7033
GATTAATCCTGGCTCA-1,0,4,28,8602,6972
CGCGCAAGGAACTACA-1,0,5,29,8496,6911
CAGTAGCGAGGTAGTA-1,0,4,30,8602,6851
ACGGCGGGTTGCCCTG-1,0,5,31,8496,6790
CTAGGCGGCAGAGAAT-1,0,4,32,8602,6729
GTGCGCAGCTTGCTCC-1,0,5,33,8496,6669
TCACTATCGTGCAATC-1,0,4,34,8601,6608
TATGATTCTGCTTGGT-1,0,5,35,8496,6548
TAAGATTTAGCGGGAG-1,0,4,36,8601,6487
TTACGGTGTCACCGAG-1,0,5,37,8496,6426
CTACACTAGCTTGTTC-1,0,4,38,8601,6366
TGAGCAGTCGTGAAGT-1,0,5,39,8495,6305
CGCTGAGGACGTCCAA-1,0,4,40,8601,6244
GTGTATGACTTTAAAG-1,0,5,41,8495,6184
CTAAACGGGTGTAATC-1,0,4,42,8601,6123
TGTACTGTGCCAAAGT-1,0,5,43,8495,6063
GGCCACAAGCGATGGC-1,0,4,44,8600,6002
GTCAATTGTACTGAAG-1,0,5,45,8495,5941
AGGGACAGCACGGCGG-1,0,4,46,8600,5880
AGCTTATAGAGACCTG-1,0,5,47,8495,5820
AACTAGCGTATCGCAC-1,0,4,48,8600,5759
AACTTTAGCTGCTGAG-1,0,5,49,8494,5699
CCCAAGACAGAGTATG-1,0,4,50,8600,5638
GGCATCAACGAGCACG-1,0,5,51,8494,5577
ATGCATTCCGTGATGG-1,0,4,52,8600,5517
TTATAGATGCACATTA-1,0,5,53,8494,5456
GAACCATCTGGGAGAC-1,0,4,54,8599,5395
TGCTATACAAACGGAC-1,0,5,55,8494,5335
ACTTGCCATATTGTAC-1,0,4,56,8599,5274
TATTCCGGCAGTCCTA-1,0,5,57,8494,5214
GACGGACCGCGTTCCT-1,0,4,58,8599,5153
ATGTGTAGTTTAGTCA-1,0,5,59,8493,5092
ATACCAGCAAATTGCT-1,0,4,60,8599,5032
AAGTTTACTAATGGCA-1,0,5,61,8493,4971
CTCTCGATGTGCGCCT-1,0,4,62,8599,4910
GATTGACACTCTGCTC-1,0,5,63,8493,4850
TATCACAGCACGGGCA-1,0,4,64,8598,4789
ACCGTTCCCGCTCTGA-1,0,5,65,8493,4729
CCGCCACCACAATCCA-1,0,4,66,8598,4668
CATTCACTGACAGCTA-1,0,5,67,8493,4607
CGGCTGCAAGATTAAG-1,0,4,68,8598,4547
CATGAACCTCTTATCA-1,0,5,69,8492,4486
TTAATGCGAGGTAACT-1,0,4,70,8598,4425
AATAAGTCCTCGAGAC-1,0,5,71,8492,4365
ACCAGCCCGGTCTTTG-1,0,4,72,8598,4304
CTACGAACTAGGTCGA-1,0,5,73,8492,4244
ACATCTCAACGCGTAA-1,0,4,74,8597,4183
CACTACTCAGTTCTGT-1,0,5,75,8492,4122
CCGACTCGCATAGTCT-1,0,4,76,8597,4061
CATTTATCGTTCAAGA-1,0,5,77,8492,4001
CAAACGTGGTCTTGCG-1,0,4,78,8597,3940
TAGAAACCACTAAGTA-1,0,5,79,8491,3880
ACTGATTTAGTGATTC-1,0,4,80,8597,3819
TCGTATTTCGTCCGGA-1,0,5,81,8491,3758
CGGAAATTTCACATCC-1,0,4,82,8597,3698
ATCCACGCTAAATGTT-1,0,5,83,8491,3637
GTTCAATCTATGTCAA-1,0,4,84,8596,3576
ATAAAGGTCAAGTACG-1,0,5,85,8491,3516
CAACTCCAACGTTTAG-1,0,4,86,8596,3455
TAGGAACAGCCTCCAG-1,0,5,87,8490,3395
ATGGGAACGGAAGCGG-1,0,4,88,8596,3334
CACACGTTTCAATGGG-1,0,5,89,8490,3273
GGTGTTCTGTTTCTAC-1,0,4,90,8596,3213
AGTAACGTTCATCCTG-1,0,5,91,8490,3152
GTATAGTGGCCCATGT-1,0,4,92,8596,3091
TCTACACGTTCATGCA-1,0,5,93,8490,3031
AATCTGGGTAGACCCT-1,0,4,94,8595,2970
TCGGTTAGCCATGTAG-1,0,5,95,8490,2910
TGCCATGGCTTATAAG-1,0,4,96,8595,2849
TAAGTAAATGTGCCGC-1,0,5,97,8489,2788
GTGTCCGATAAGGCAT-1,0,4,98,8595,2728
TGGCACGAGCTCGAGT-1,0,5,99,8489,2667
ACCGGTCTGAGTACGG-1,0,4,100,8595,2606
GAACTTAGCGCCCGGT-1,0,5,101,8489,2546
AGTAGCTAGACGCCGA-1,0,4,102,8594,2485
ATAGGAATCTAAGCTT-1,0,5,103,8489,2425
CTTCCTGCATATTTAC-1,0,4,104,8594,2364
CAATATGTAGATTTAC-1,0,5,105,8489,2303
ACAAGGCCTACCAGCC-1,0,4,106,8594,2242
TTATAGTCCAAGGTGC-1,0,5,107,8488,2182
AAACGCCCGAGATCGG-1,0,4,108,8594,2121
CCTCGTTACGCCTGTT-1,0,5,109,8488,2061
GAACGGTGTAAAGCAG-1,0,4,110,8594,2000
ACGCATAAATGACATG-1,0,5,111,8488,1939
GGTTCGATGCTGAGTT-1,0,4,112,8593,1879
CTTTGGCAGACAGAGT-1,0,5,113,8488,1818
TTCGTGGGCTGGAAGC-1,0,4,114,8593,1757
CAAAGGTTAAATTCAG-1,0,5,115,8488,1697
GTTTGGCGTCAGGCAC-1,0,4,116,8593,1636
GCTTTCTATCTCAACT-1,0,5,117,8487,1576
TGCATCTCCGGATCTT-1,0,4,118,8593,1515
CTGAAACGGCCCTCAG-1,0,5,119,8487,1454
TAGCAGTAAATACGCG-1,0,4,120,8593,1394
CGGGCTACTTAAATTG-1,0,5,121,8487,1333
ATTATGCTCAGTATTG-1,0,4,122,8592,1272
TGATGCTCACGTAGTC-1,0,5,123,8487,1212
GTCTAAGATGCCCAGC-1,0,4,124,8592,1151
AACCCGATAGGGCTTC-1,0,5,125,8487,1091
CGCTATCGTGGCTTTA-1,0,4,126,8592,1030
CGTCTCTCGCCGAGGC-1,0,5,127,8486,969
AGTGGGAGTATACACG-1,0,6,0,8394,8670
GGTCTTGGTGTTAACT-1,0,7,1,8288,8610
GGCTGGCAGCTTTATG-1,0,6,2,8394,8549
CGCCAATTATTGCGTT-1,0,7,3,8288,8488
GGTAACCGGCAAAGGT-1,0,6,4,8393,8427
TGGGACCATTGGGAGT-1,0,7,5,8288,8367
CTGCAGGTGCTCGGCC-1,0,6,6,8393,8306
CCGGTGCGAGTGATAG-1,0,7,7,8288,8246
GGGTACACTCTGGAGG-1,0,6,8,8393,8185
TAGCCAGAGGGTCCGG-1,0,7,9,8287,8124
CTTGTGAGGACAGCGG-1,0,6,10,8393,8064
GAAGGGCATAACCATG-1,0,7,11,8287,8003
CAACATGGCCTGATAA-1,0,6,12,8393,7942
CAATTTGACCGGGAAG-1,0,7,13,8287,7882
TCTGACTGTAATGGTT-1,0,6,14,8392,7821
TTCATAGCCTTGTAAC-1,0,7,15,8287,7761
TGGAAACGGAGTGAAC-1,0,6,16,8392,7700
ATCGCACGATTGTTCA-1,0,7,17,8287,7639
CGCCACCCGCATTAAC-1,0,6,18,8392,7579
TGGACCACGGCGTTGA-1,0,7,19,8286,7518
GTATATGTTACGGCGG-1,0,6,20,8392,7457
GTATTCTTACCGTGCT-1,0,7,21,8286,7397
TTCAGAGTAACCTGAC-1,0,6,22,8392,7336
GCGGTAACCCAAATGA-1,0,7,23,8286,7276
CTACGTGTTGCCACCA-1,0,6,24,8391,7215
CTAGATAAACTCCTCG-1,0,7,25,8286,7154
TCCATTAGTTGGATAG-1,0,6,26,8391,7094
CTGGCTCCTGCGGGAT-1,0,7,27,8286,7033
CAGTCTCTCGGCTAAT-1,0,6,28,8391,6972
GTATGACGTGGGAAAC-1,0,7,29,8285,6912
AGTCACTCCGCCTCAT-1,0,6,30,8391,6851
GCAGCGGTGGGCATTA-1,0,7,31,8285,6791
TATGGAGTTTCTCGTT-1,0,6,32,8391,6730
ACTCAACGAATGTATT-1,0,7,33,8285,6669
AACACGCGGCCGCGAA-1,0,6,34,8390,6608
CGATATTAGCCGCAGG-1,0,7,35,8285,6548
AGCGTCTGAACCCGCA-1,0,6,36,8390,6487
GATGTCCGGATCACAT-1,0,7,37,8285,6427
GGTCACGTTAGATTCA-1,0,6,38,8390,6366
TTAAGGATACGGAGGT-1,0,7,39,8284,6305
GTGCGGGACCATCGGC-1,0,6,40,8390,6245
CCATCTTGTTCACAAT-1,0,7,41,8284,6184
TCCGAGAAGGCTAAGC-1,0,6,42,8390,6123
TGGCGGTGTGCGATTG-1,0,7,43,8284,6063
ATCCTGCTGCAGATAG-1,0,6,44,8389,6002
TTATGCGTCCCGGTCC-1,0,7,45,8284,5942
CATAATGAGCGGGCGA-1,0,6,46,8389,5881
AGACATAGATCCTTCC-1,0,7,47,8284,5820
GGTGAAACCGGGAATG-1,0,6,48,8389,5760
AACTGGTGTGGGCCTT-1,0,7,49,8283,5699
GTAGCGCTGTTGTAGT-1,0,6,50,8389,5638
TTGTTTGTGTAAATTC-1,0,7,51,8283,5578
GGATCAAAGGACGAGG-1,0,6,52,8389,5517
CGTAGCGCCGACGTTG-1,0,7,53,8283,5457
CAAGTGAACTTTGGTT-1,0,6,54,8388,5396
GTAGACAACCGATGAA-1,0,7,55,8283,5335
CAATGGTCGGCCTGGG-1,0,6,56,8388,5275
ACAGATTAGGTTAGTG-1,0,7,57,8283,5214
GTTATCACCTTCTGAA-1,0,6,58,8388,5153
TGGTATCGGTCTGTAT-1,0,7,59,8282,5093
GGAATAACCTCAAGAA-1,0,6,60,8388,5032
ATTATCTCGACAGATC-1,0,7,61,8282,4972
CCGAGGGATGTTAGGC-1,0,6,62,8388,4911
TGAGATCAAATACTCA-1,0,7,63,8282,4850
AAACGAAGAACATACC-1,0,6,64,8387,4789
CTGGTCCTAACTTGGC-1,0,7,65,8282,4729
TGCACGAGTCGGCAGC-1,0,6,66,8387,4668
ATAGTCTTTGACGTGC-1,0,7,67,8282,4608
TGGAGCTAAAGTTCCC-1,0,6,68,8387,4547
GGGTGGTCCAGCCTGT-1,0,7,69,8281,4486
CATGCATGGAGACCCT-1,0,6,70,8387,4426
ACACGGCACTATGCAT-1,0,7,71,8281,4365
CCCTGGTATGGGCGGC-1,0,6,72,8387,4304
GGAGGATTGAAAGGAG-1,0,7,73,8281,4244
CCGCTGGTGCCATTCA-1,0,6,74,8386,4183
GTTAGAGTGTGCCGCT-1,0,7,75,8281,4123
TCGGAATGACCATCAA-1,0,6,76,8386,4062
TTCAATTAGCCATAAT-1,0,7,77,8280,4001
GATGTGTTGTCACAAG-1,0,6,78,8386,3941
TCTTTCTCTTAAGGAG-1,0,7,79,8280,3880
ACCCTTTAGTTCTCCA-1,0,6,80,8386,3819
ACCACAACTCAGAACA-1,0,7,81,8280,3759
TATGATAAATCTAACG-1,0,6,82,8385,3698
GATCCTCTTGCGCTTA-1,0,7,83,8280,3638
TTCTACCTTTATGTTG-1,0,6,84,8385,3577
GAAATACCTGCTGGCT-1,0,7,85,8280,3516
ATTCTGAGTATGAACT-1,0,6,86,8385,3455
GGATTAAGCTAAGGTC-1,0,7,87,8279,3395
AGTACGTGGCCTGTCT-1,0,6,88,8385,3334
TCAGGGTGCACGAAAC-1,0,7,89,8279,3274
AAATTTACCGAAATCC-1,0,6,90,8385,3213
TTGAGGCATTTAACTC-1,0,7,91,8279,3152
AACCAGTATCACTCTT-1,0,6,92,8384,3092
CACCGGAGATATCTCC-1,0,7,93,8279,3031
GACTGGGCGCCGCAAC-1,0,6,94,8384,2970
CACGTCTATGATGTGG-1,0,7,95,8279,2910
TTAAGACGAACGAACC-1,0,6,96,8384,2849
TGACCAGCTTCAAAGT-1,0,7,97,8278,2789
AGAGTTAGAGACCGAT-1,0,6,98,8384,2728
TTCGGACTGATGCCTT-1,0,7,99,8278,2667
CTCGAATGGAACGTAT-1,0,6,100,8384,2607
GGACGGCTTGCGCAAC-1,0,7,101,8278,2546
CTAAGTACAGGGCTAC-1,0,6,102,8383,2485
ACAAATTCAGATCTGA-1,0,7,103,8278,2425
CATGGAAATGGGACCA-1,0,6,104,8383,2364
GGTGGACCACGTGTTA-1,0,7,105,8278,2304
CACGACGTAATAGTAA-1,0,6,106,8383,2243
CGGGTTCGGCACGTAT-1,0,7,107,8277,2182
CTGGGCTATCCTTTGG-1,0,6,108,8383,2122
GTATTAGGGTTCGCGT-1,0,7,109,8277,2061
TCATTCGTATAATTTG-1,0,6,110,8383,2000
AATAGCAAGCCTCCTG-1,0,7,111,8277,1940
CATCTACCCGAGAACG-1,0,6,112,8382,1879
GCTTCAGTGGGATTAC-1,0,7,113,8277,1819
TCTGTGATGGAGGTTG-1,0,6,114,8382,1758
ATCCACTTTCAGACTA-1,0,7,115,8277,1697
ATGGTTACGAAACATG-1,0,6,116,8382,1636
GGCCCAATCTAGAGGG-1,0,7,117,8276,1576
GATGGTGAAATAACCC-1,0,6,118,8382,1515
AGAGGGACAATTGTCC-1,0,7,119,8276,1455
CGCGTACATTCTGGAA-1,0,6,120,8382,1394
CAAGAAACCCTAAACT-1,0,7,121,8276,1333
TTGGTGCGGTGTTGAA-1,0,6,122,8381,1273
GGTTCCCTAGTGTCTC-1,0,7,123,8276,1212
CGATAACCAATTTGAG-1,0,6,124,8381,1151
GCCCACTGGTCCACAA-1,0,7,125,8276,1091
GAGGGCCGGCAGAGTC-1,0,6,126,8381,1030
CGACACGGATGCCCAC-1,0,7,127,8275,970
CTGTCTGTGGCTGGCT-1,0,8,0,8183,8670
ATATTATCCCGTATTT-1,0,9,1,8077,8610
GCGCTGGCGGAAAGTC-1,0,8,2,8183,8549
ATCTAACGTCCCTATG-1,0,9,3,8077,8489
GTCAGACAGCGTTGGA-1,0,8,4,8182,8428
GCCAGGCTTAGTGGTA-1,0,9,5,8077,8367
ATTCAAAGTACCTGTT-1,0,8,6,8182,8307
TGGACGTAGGCGAATC-1,0,9,7,8077,8246
ACACATTGACGCAACA-1,0,8,8,8182,8185
GATATCAGTATGTATC-1,0,9,9,8076,8125
TGGGCCTTGCCTGCAT-1,0,8,10,8182,8064
CAAAGTCAGGTTAGCT-1,0,9,11,8076,8004
GGATCCCTACCAGCTA-1,0,8,12,8182,7943
ATCGTCCAATCGAGTC-1,0,9,13,8076,7882
ACATGGCTCAATTTAG-1,0,8,14,8181,7821
AGGCCCAGTGACTGGT-1,0,9,15,8076,7761
GCTTCCAGCTTAGATT-1,0,8,16,8181,7700
TGCTTGAAACCATGCA-1,0,9,17,8076,7640
CAATATTGGACTAGTG-1,0,8,18,8181,7579
CGTGCTGGCCTAGTCG-1,0,9,19,8075,7518
CCTGCGATAGAACTGT-1,0,8,20,8181,7458
GGGTAATGCTGTGTTT-1,0,9,21,8075,7397
AACGCGAACGGCAACA-1,0,8,22,8181,7336
TGTCGGCATGGTGGAA-1,0,9,23,8075,7276
AGCGTACGAGAGCTAG-1,0,8,24,8180,7215
ATACTCTCGCCACTCT-1,0,9,25,8075,7155
AATCCATGCAAGGGTG-1,0,8,26,8180,7094
TTAAACAGAGTCCCGC-1,0,9,27,8075,7033
CCACAGCTGAAATCAT-1,0,8,28,8180,6973
CGGTTCCGGCTTCTTG-1,0,9,29,8074,6912
GACGTGAGACTCCATG-1,0,8,30,8180,6851
TCGTTGGCTCGTCAAT-1,0,9,31,8074,6791
GGTGAACGGGCTAGCC-1,0,8,32,8180,6730
GCACTGTGCAAATGTA-1,0,9,33,8074,6670
ACGAGAACCCATCACG-1,0,8,34,8179,6609
CCAGCTACGCCTCATA-1,0,9,35,8074,6548
TCCCGGTCAGGAATTT-1,0,8,36,8179,6488
TCGCATTCAATGACTT-1,0,9,37,8074,6427
CTGGTTCAACGCATCA-1,0,8,38,8179,6366
GGTGATTTCATCTTGT-1,0,9,39,8073,6306
CACCCTTTCCTCGCTC-1,0,8,40,8179,6245
CAACTTGTAGTGGGCA-1,0,9,41,8073,6185
AATATCAAGGTCGGAT-1,0,8,42,8179,6124
ACTCAGACCTGCTTCT-1,0,9,43,8073,6063
TTGGAGTCTCCCTTCT-1,0,8,44,8178,6002
GGATACTCATGAATTG-1,0,9,45,8073,5942
TGGGCACAAACAGAAC-1,0,8,46,8178,5881
GAGCCACGGTAGTAGG-1,0,9,47,8073,5821
TCGATAGGCTAGTCGC-1,0,8,48,8178,5760
TAACCGCCCGCAGTGC-1,0,9,49,8072,5699
GCCTATTTGCTACACA-1,0,8,50,8178,5639
TTGACGATTCAGCACG-1,0,9,51,8072,5578
TTAAACCGGTAGCGAC-1,0,8,52,8178,5517
ACCGAAAGGGCCCTGC-1,0,9,53,8072,5457
ACGTTCCGCGCTCCGT-1,0,8,54,8177,5396
ATACCAGGCTAATAGA-1,0,9,55,8072,5336
CGGCTTTGTATGATAA-1,0,8,56,8177,5275
CTTGACCCGAAAGATA-1,0,9,57,8072,5214
CGCAGAAACATTTGCG-1,0,8,58,8177,5154
GACCCGTCGCCGGCTA-1,0,9,59,8071,5093
AATCGGGACACTACGA-1,0,8,60,8177,5032
GTCACAAAGTTTCCAA-1,0,9,61,8071,4972
TATATTCGCGTCGATA-1,0,8,62,8177,4911
CCTCCCGACAATCCCT-1,0,9,63,8071,4851
CGACATGCGATCTTCT-1,0,8,64,8176,4790
AACACGACTGTACTGA-1,0,9,65,8071,4729
CCCAACCACACTAACA-1,0,8,66,8176,4669
CACCGCCGACCAGCGA-1,0,9,67,8070,4608
TGGTATCGCATCCCAA-1,0,8,68,8176,4547
CAGAGTGATTTAACGT-1,0,9,69,8070,4487
AACCCTGGTGGAACCA-1,0,8,70,8176,4426
GTCAGTTGTGCTCGTT-1,0,9,71,8070,4366
ATTGACGTAACTCGGT-1,0,8,72,8175,4305
GATGTCGGTCAACTGC-1,0,9,73,8070,4244
AGGGCAGCGGCGTGGT-1,0,8,74,8175,4183
ACATCGTTAACCTAGT-1,0,9,75,8070,4123
TCCATTGTGACCTCGT-1,0,8,76,8175,4062
TGTTTAATACTTCATC-1,0,9,77,8069,4002
TTGCTGGCCGGGCTTC-1,0,8,78,8175,3941
CATATTATTTGCCCTA-1,0,9,79,8069,3880
CTGCCTAGCCACCAAG-1,0,8,80,8175,3820
ACGAGATATTTGCTTA-1,0,9,81,8069,3759
GACTACAATTGCTCGT-1,0,8,82,8174,3698
AACGTGATGAAGGACA-1,0,9,83,8069,3638
ACTCTCTTATACACGA-1,0,8,84,8174,3577
CGCATCATGGCTTCAG-1,0,9,85,8069,3517
CGGCTCTTCGTCGAAC-1,0,8,86,8174,3456
ATTCTTCGTACTTATG-1,0,9,87,8068,3395
AGTGAGGGTTTCTGAC-1,0,8,88,8174,3335
GCCAGGCGTTCGCATG-1,0,9,89,8068,3274
GACTAACACAGCACCT-1,0,8,90,8174,3213
CAATGGAATCTACATA-1,0,9,91,8068,3153
GTGGTCAGCGAAGTAT-1,0,8,92,8173,3092
ATGGCTGGAAATGGCC-1,0,9,93,8068,3032
ATCAGGTCGCCATTGC-1,0,8,94,8173,2971
TATCACCATGTAAAGT-1,0,9,95,8068,2910
AGCGCTTATGGGCAAG-1,0,8,96,8173,2849
AAGCGGCGTCATGGGT-1,0,9,97,8067,2789
ACTAATACGTCAGGCG-1,0,8,98,8173,2728
GGCTGAGCATCGTAAG-1,0,9,99,8067,2668
CGGTTGGGTTCAAGTT-1,0,8,100,8173,2607
GACTGATTGGTCACAA-1,0,9,101,8067,2546
AGACGGGCCGATTTAA-1,0,8,102,8172,2486
ACCAGTGCCCGGTCAA-1,0,9,103,8067,2425
GTCCTTTAATGACTTC-1,0,8,104,8172,2364
CCTACAAGTCCGGAAT-1,0,9,105,8067,2304
GCCTGCTACACTGAGA-1,0,8,106,8172,2243
GACTCGGTCGGCGGAT-1,0,9,107,8066,2183
CTAGACATATATGTAG-1,0,8,108,8172,2122
TCGCCCAACTGACTCC-1,0,9,109,8066,2061
AAACTAACGTGGCGAC-1,0,8,110,8172,2001
AACTGAGGTCAGCGTC-1,0,9,111,8066,1940
ACAATGATTCTTCTAC-1,0,8,112,8171,1879
ATAAGTACCCGATTGT-1,0,9,113,8066,1819
ATTGGGAGTTCTGTAA-1,0,8,114,8171,1758
CGAACATAGTCAGAAA-1,0,9,115,8066,1698
TAGCTCAGATCCTAGT-1,0,8,116,8171,1637
GTGTCGTATTCACCTT-1,0,9,117,8065,1576
CTCACCGATCCAAACT-1,0,8,118,8171,1516
ATATGTGCACAAACCA-1,0,9,119,8065,1455
CAGTCCAACGCCTTCT-1,0,8,120,8171,1394
TCGTCCGGGTACACTC-1,0,9,121,8065,1334
GCAGAAACGTAATCCA-1,0,8,122,8170,1273
TTCGAGCCGGCGCTAC-1,0,9,123,8065,1213
GGAAGATAAGACTGTA-1,0,8,124,8170,1152
ATAAGCAAACACCGAG-1,0,9,125,8065,1091
GCATAAATTGAACGCC-1,0,8,126,8170,1030
CGCCGGTGTCGCAGTA-1,0,9,127,8064,970
GACCTGGTCTGGGCGT-1,0,10,0,7972,8671
AGCCGCTTGATTAGCG-1,0,11,1,7866,8610
CCCGGCTAGGTGAGAA-1,0,10,2,7972,8549
CGAGCCGAGCACTCGA-1,0,11,3,7866,8489
TAGTGCTTGAATCCTT-1,0,10,4,7971,8428
CAACCGCACCTAGACA-1,0,11,5,7866,8368
ACCACTGTTCAAGAAG-1,0,10,6,7971,8307
AGATGCTATAACGAGC-1,0,11,7,7866,8246
AATTACTCGTACGCTC-1,0,10,8,7971,8186
CGTCAATCTTTAACAT-1,0,11,9,7865,8125
CCAAAGCAGTTGGTTG-1,0,10,10,7971,8064
CCATATTGGATCATGA-1,0,11,11,7865,8004
CGTACCGAAAGTCTAG-1,0,10,12,7971,7943
CTCGAGATCCAAAGCA-1,0,11,13,7865,7883
TGGATAGAGTAACAGA-1,0,10,14,7970,7822
TCACAGATCCTCAAAC-1,0,11,15,7865,7761
AGAGCTACGAAAGCAT-1,0,10,16,7970,7701
TGCGTGATTGGGTGTC-1,0,11,17,7865,7640
CACATGTTTGGACATG-1,0,10,18,7970,7579
TTCGCATCCGGAAGCA-1,0,11,19,7864,7519
CCCTAGTGTCAGGTGT-1,0,10,20,7970,7458
TTACCGCCTTAGGGAA-1,0,11,21,7864,7398
CCAGTCCATTATTCGA-1,0,10,22,7970,7337
CGTAAACGCTTGAGTG-1,0,11,23,7864,7276
ATTCCTTCCAGGCGGT-1,0,10,24,7969,7215
TTCCTTTCTGTGTTGC-1,0,11,25,7864,7155
AGTTGACATCGGCTGG-1,0,10,26,7969,7094
AACTCGATGGCGCAGT-1,0,11,27,7864,7034
GATAAGGCAGATGCAA-1,0,10,28,7969,6973
GGCTGGCTAGCTTAAA-1,0,11,29,7863,6912
CCTCATGCAGCTACGA-1,0,10,30,7969,6852
GACGCCTGTTGCAGGG-1,0,11,31,7863,6791
TAATTAGATGGATATG-1,0,10,32,7969,6730
GAGGGCATCGCGTATC-1,0,11,33,7863,6670
CTTGTGAGTCTTTGAC-1,0,10,34,7968,6609
TCAACACATTGGGTAA-1,0,11,35,7863,6549
ACTGTATACGCGAGCA-1,0,10,36,7968,6488
GTGAAACGTGCTCCAC-1,0,11,37,7863,6427
CGAGTGCTATAGTTCG-1,0,10,38,7968,6367
GTACTGCATGAAGCGT-1,0,11,39,7862,6306
GTAACTTGCGGCAGTC-1,0,10,40,7968,6245
GAATCGCCGGACACGG-1,1,11,41,7862,6185
GGGAGTAATGGCTGGC-1,0,10,42,7968,6124
CATGAACCGACATTTG-1,1,11,43,7862,6064
TCTGTCATACAAGAGC-1,0,10,44,7967,6003
GTCGTCAATTATAAGG-1,1,11,45,7862,5942
TAAAGAGCCCGAAACC-1,0,10,46,7967,5882
GTACTGAGGTCGTAAC-1,1,11,47,7861,5821
AAAGACCCAAGTCGCG-1,0,10,48,7967,5760
CGTCAGTGCGCACAAG-1,1,11,49,7861,5700
TGTATCCTTATTCCAT-1,0,10,50,7967,5639
ATTCTCGTCTCTTTAG-1,0,11,51,7861,5579
AAAGTCACTGATGTAA-1,0,10,52,7966,5518
TGTCTACAGTTTCTGT-1,0,11,53,7861,5457
TTAACGTCGCAAGACC-1,0,10,54,7966,5396
CTATGTCTATTGAAAC-1,0,11,55,7861,5336
TCGGGTGAAACTGCTA-1,0,10,56,7966,5275
TGTCCCGACATAGCAC-1,0,11,57,7860,5215
ACAGCATAGAGCCAGT-1,0,10,58,7966,5154
ATATTCCCACAGGTCA-1,0,11,59,7860,5093
TTGGATCGACTTCTGG-1,0,10,60,7966,5033
CACCATCGGAGGAGAC-1,0,11,61,7860,4972
TCGTTCGTTATTATGT-1,0,10,62,7965,4911
CTTAACTTCGAAGTAC-1,0,11,63,7860,4851
GCACAAGTGTCGGAAG-1,0,10,64,7965,4790
TACCAGCTAGGTTTAA-1,0,11,65,7860,4730
ACGTACAGATTTCTCT-1,0,10,66,7965,4669
AATTTGGTTCCAAAGA-1,0,11,67,7859,4608
GTAAGGATTTGTCGGA-1,0,10,68,7965,4548
CATCATCTACCCGGAC-1,0,11,69,7859,4487
ACGATGGATCCGATGC-1,0,10,70,7965,4426
CACTCAGCTCTTGAGG-1,0,11,71,7859,4366
TAGATCCGAAGTCGCA-1,0,10,72,7964,4305
TGAAACTTATGCAAGC-1,0,11,73,7859,4245
GCGATTCTGGAAGCAG-1,0,10,74,7964,4184
CAAACTATTGAGCTTC-1,0,11,75,7859,4123
TAGAATTAAGGGCAAC-1,0,10,76,7964,4063
CGAAACATAGATGGCA-1,0,11,77,7858,4002
GATGGTGCCCTAGGCA-1,0,10,78,7964,3941
CCCGCAGGGCCCAAAG-1,0,11,79,7858,3881
ACAGCGCACCCGCAGC-1,0,10,80,7964,3820
GGTAAATGTGCGTTAC-1,0,11,81,7858,3760
GTCCTTCTAGTGGGTT-1,0,10,82,7963,3699
GGAAGCTCGCTTACAG-1,0,11,83,7858,3638
CACCGATACACCGAGC-1,0,10,84,7963,3577
CAGCCGGGCCCTCTAT-1,0,11,85,7858,3517
CGGAGCTTATAACACC-1,0,10,86,7963,3456
ATTACAACTACCGGCC-1,0,11,87,7857,3396
TCCTCTGGCCCATTAG-1,0,10,88,7963,3335
CGGCACCGTTAGCGCC-1,0,11,89,7857,3274
TCGGTCCCTGACTCCA-1,0,10,90,7963,3214
TGGTTGGAGGATCCTG-1,0,11,91,7857,3153
CTGCGGTAGTCACGTG-1,0,10,92,7962,3092
GTGCCTCAGTGTACGG-1,0,11,93,7857,3032
ATCGTTCACTTTCGCC-1,0,10,94,7962,2971
ACTTACCGGGCGCGCA-1,0,11,95,7857,2911
CTAGACTGCATTTCGT-1,0,10,96,7962,2850
TTGCCGGTGATCCCTC-1,0,11,97,7856,2789
CTGTCACGCCAGGCGC-1,0,10,98,7962,2729
CGGTATAGGTATTAGC-1,0,11,99,7856,2668
CCAACGCTTGCCAGGG-1,0,10,100,7962,2607
CGTTGAGTAATTGCGT-1,0,11,101,7856,2547
TGTATTTACCTAATGC-1,0,10,102,7961,2486
TAAATGCCGTCTCATG-1,0,11,103,7856,2426
CGGTTTATGAAGGAAC-1,0,10,104,7961,2365
GCAAGATGTGTTCGCG-1,0,11,105,7856,2304
AAAGGTAAGCTGTACC-1,0,10,106,7961,2244
GTACGTCACGTATTAA-1,0,11,107,7855,2183
AGTACCTTCGAGTGCT-1,0,10,108,7961,2122
ATTGTGACTTCGCTGC-1,0,11,109,7855,2062
TGTATCAGACTGAAGC-1,0,10,110,7961,2001
GAGACCCTGCAACGCC-1,0,11,111,7855,1941
TGGGTGGGATGTCATT-1,0,10,112,7960,1880
GGCTAATGATTGAAAT-1,0,11,113,7855,1819
ATAACGTTACCTCCAC-1,0,10,114,7960,1758
TGCGAGATGGCGGCCA-1,0,11,115,7855,1698
CACACTTGTATTGCGA-1,0,10,116,7960,1637
GCTGGTGACTCGTAGT-1,0,11,117,7854,1577
CGACACCGCTTAAGGA-1,0,10,118,7960,1516
GTAACAACTGACCTTG-1,0,11,119,7854,1455
CAACTGAGGGTATGAC-1,0,10,120,7960,1395
CTAATTATGAAGCGTA-1,0,11,121,7854,1334
CCGATCTTAAGAGGCT-1,0,10,122,7959,1273
CGACTCGGTACACGGT-1,0,11,123,7854,1213
TGCTGCGTCAGAGTTA-1,0,10,124,7959,1152
AGAGTTGCAGGCCTCC-1,0,11,125,7854,1092
ACTGGCGAACCTGCGT-1,0,10,126,7959,1031
ACTAAGGACGCACACC-1,0,11,127,7853,970
CGTCCAGATGGCTCCA-1,0,12,0,7761,8671
ACTATCGCCGGCTAAA-1,0,13,1,7655,8611
GATAGCGTACCACGCG-1,0,12,2,7761,8550
AGGACTTATAGGAGAA-1,0,13,3,7655,8489
TAGTCGGGATTCTTCG-1,0,12,4,7760,8429
ACCATTAAGGGTGTCA-1,0,13,5,7655,8368
TTAATGTGTTTGCAGG-1,0,12,6,7760,8307
TCCGCAGCCACCTAGC-1,0,13,7,7655,8247
GAGGAGATCCTCATGC-1,0,12,8,7760,8186
GGTCCTTCATACGACT-1,0,13,9,7654,8126
CCCTGTTGGCAAAGAC-1,0,12,10,7760,8065
GTGCCTAGCTATGCTT-1,0,13,11,7654,8004
GTCATCTCCTACAGCT-1,0,12,12,7760,7943
GCGAGAAACGGGAGTT-1,0,13,13,7654,7883
CGTCGCGGCGGGATTT-1,0,12,14,7759,7822
CATTGTGTGCTAGATC-1,0,13,15,7654,7762
CGCGGCAGTATTACGG-1,0,12,16,7759,7701
GAAATGGGATGTAAAC-1,0,13,17,7654,7640
CATTCCCTAAGTACAA-1,0,12,18,7759,7580
AGTTCTGCGTTGTATC-1,0,13,19,7653,7519
ACCCTATAGGACTGAG-1,0,12,20,7759,7458
TTAGATAGGTCGATAC-1,0,13,21,7653,7398
ATTGATAGCAACGAGA-1,0,12,22,7759,7337
TCTCGGCTCCAGGACT-1,0,13,23,7653,7277
CTTGAGGTTATCCCGA-1,0,12,24,7758,7216
AAGAAGGATCAGTTAG-1,0,13,25,7653,7155
GTACGACGGCGCTGCG-1,0,12,26,7758,7095
CTTATGTTGACTACCA-1,1,13,27,7653,7034
CGGCACTCAAGAAAGT-1,0,12,28,7758,6973
GTCAAAGTTTACATAG-1,1,13,29,7652,6913
CTCCTAAGTTATGTCT-1,1,12,30,7758,6852
ACTGTGCTAGTAGATC-1,1,13,31,7652,6792
GTTTGGCCGCTCAGCG-1,1,12,32,7758,6731
TTATCCAATCGAACTC-1,1,13,33,7652,6670
CCGTACCCAAGCGCCA-1,0,12,34,7757,6610
CATACAAAGCCGAACC-1,1,13,35,7652,6549
GGTCGGTAATTAGACA-1,0,12,36,7757,6488
AGCGGGAAGGGTCCAT-1,1,13,37,7651,6428
GCCCACCAAGGCTGTC-1,0,12,38,7757,6367
GTAGACGTCGTTACAT-1,1,13,39,7651,6307
GAGCATCATCCCTGGG-1,1,12,40,7757,6246
AGGTAACCTCCTATTC-1,1,13,41,7651,6185
GGTTTGAGTGCTGGAA-1,1,12,42,7756,6124
GCACTAGTCGCGCTAT-1,1,13,43,7651,6064
GGTAACTATGTATCTG-1,1,12,44,7756,6003
GCGGTCCCTAGACGCA-1,1,13,45,7651,5943
CGAGCGTTGATCAGCC-1,1,12,46,7756,5882
AATCCAAGGGCCTGAG-1,1,13,47,7650,5821
CCGTGCCCATGACGGC-1,1,12,48,7756,5761
GAAATTCACATCGCTG-1,1,13,49,7650,5700
CTCTGCGAAGCAAGCA-1,1,12,50,7756,5639
AGTAGGTAACATACAT-1,1,13,51,7650,5579
ATTGGGAATATCTTGG-1,0,12,52,7755,5518
TAGAGCTACGAAGAAC-1,0,13,53,7650,5458
TGCGGCATAGTTCAAC-1,0,12,54,7755,5397
CCGCCGGTCAACACAC-1,0,13,55,7650,5336
TCGTATAGTGCAATTA-1,0,12,56,7755,5276
TAGTTTATTCTTGCTT-1,0,13,57,7649,5215
GATATCTCATGCAATA-1,0,12,58,7755,5154
CGTTTAAGCGGAGCAC-1,0,13,59,7649,5094
CATGCTGGCTCCAATT-1,0,12,60,7755,5033
GAAACAGCCATGCAGT-1,0,13,61,7649,4973
AGTTTCGCAGGTCGGA-1,0,12,62,7754,4912
CTCATGGCTCACAATC-1,0,13,63,7649,4851
AACCGTTGTGTTTGCT-1,0,12,64,7754,4790
ACCCTTCATCTGCGAA-1,0,13,65,7649,4730
TGCGGTGAAATTTCAT-1,0,12,66,7754,4669
CAAATTGTCAGCAAGC-1,0,13,67,7648,4609
GAGGTACATCCATCTT-1,0,12,68,7754,4548
AAATGGCATGTCTTGT-1,0,13,69,7648,4487
TCATCCCAGAGGGTGG-1,0,12,70,7754,4427
CGTAGCGAATTGTCAG-1,0,13,71,7648,4366
CCTAGTTAGTCGCATG-1,0,12,72,7753,4305
GAAACTCTAATGAAGG-1,0,13,73,7648,4245
TTGTATCACACAGAAT-1,0,12,74,7753,4184
TTCAAGCCGAGCTGAG-1,0,13,75,7648,4124
AGGTACGATATTGCCA-1,0,12,76,7753,4063
TTAAGCCGACAACTTC-1,0,13,77,7647,4002
GTCTTAGTACAGCCGG-1,0,12,78,7753,3942
TGGGTAAGGTTCCCGC-1,0,13,79,7647,3881
CTACGCCATTTCCGAT-1,0,12,80,7753,3820
GACCGTCAGGTCGTGA-1,0,13,81,7647,3760
TAGTTAAGATAGGATA-1,0,12,82,7752,3699
GAATATTCGGAGTCCC-1,0,13,83,7647,3639
CAAACTACGATAGAGA-1,0,12,84,7752,3578
CAGGAAGACTTTATAT-1,0,13,85,7647,3517
TTCGTAATCCCAGCGG-1,0,12,86,7752,3457
GTGAGGAGCGGTTGAG-1,0,13,87,7646,3396
CAATCCCTATACCAGC-1,0,12,88,7752,3335
AGGGAAACGAGGTACT-1,0,13,89,7646,3275
TCCTGCCAACTGGAGA-1,0,12,90,7752,3214
AATTTGGGACATAGTA-1,1,13,91,7646,3154
AACTCCTAATCCCATG-1,0,12,92,7751,3093
GCTCATTACTGCATGT-1,1,13,93,7646,3032
TCTCGAACGAGGTCAC-1,0,12,94,7751,2971
TCACTACGACCAATGC-1,0,13,95,7646,2911
GTGATGCACAACATCT-1,0,12,96,7751,2850
CCGACGTAAACACAAC-1,1,13,97,7645,2790
TGGGATGCACTCATTC-1,0,12,98,7751,2729
TTCCATCATGCGGTGA-1,1,13,99,7645,2668
TGCACAGTGAAGTTAT-1,0,12,100,7751,2608
CTATTGTGTTTGGTCA-1,0,13,101,7645,2547
TGCGAGCCCTTCCGCG-1,0,12,102,7750,2486
TTGAAAGGTGTAAAGG-1,0,13,103,7645,2426
GGTGCAGAGCCTATCG-1,0,12,104,7750,2365
ACTATATGCTGTGTTC-1,0,13,105,7645,2305
TCCTGGCGCTGCCTGG-1,0,12,106,7750,2244
GAGCCGAGCGTTTATT-1,0,13,107,7644,2183
AGAATGCGGGTTCGGA-1,0,12,108,7750,2123
ATGCGACAATTGGTCC-1,0,13,109,7644,2062
TTCCGGCTCGACTTCT-1,0,12,110,7750,2001
TGATTATGGCACGCAG-1,0,13,111,7644,1941
GGTTTGACAAGAAGCT-1,0,12,112,7749,1880
GCAGCTATGGACAGGT-1,0,13,113,7644,1820
CACCATGATCGCAAAG-1,0,12,114,7749,1759
GTCGGAAGGATACCAG-1,0,13,115,7644,1698
GGCCCAGTTATCAGCA-1,0,12,116,7749,1638
GGGCCTATTTAAGTAT-1,0,13,117,7643,1577
GTTGTTACATTGCGCT-1,0,12,118,7749,1516
CAACTCCGTAACTTGC-1,0,13,119,7643,1456
GATCTTTGCTCAAAGA-1,0,12,120,7749,1395
TCGCTTAATTACGAAG-1,0,13,121,7643,1335
CGATCATTAGAGGCAC-1,0,12,122,7748,1274
TGTTCTCTACTCCCTA-1,0,13,123,7643,1213
GCTTAGGGAAGCGGTA-1,0,12,124,7748,1152
CAGGTTTAGTACTACA-1,0,13,125,7643,1092
AAGCGGAGTGCGCGCA-1,0,12,126,7748,1031
TCAGATGGAGACGTAG-1,0,13,127,7642,971
TCGCACTAACGTTTGT-1,0,14,0,7550,8671
CACGTCGGGTTCTAGA-1,0,15,1,7444,8611
GGAGTACACATGAGCT-1,0,14,2,7550,8550
GTGTGTCGACGTCGCT-1,0,15,3,7444,8490
GAAGCTCTTTGCTTAG-1,0,14,4,7549,8429
ACACCGAGCGCTCTTT-1,0,15,5,7444,8368
CGTAATAATTACGAGT-1,0,14,6,7549,8308
CATCAACACCTACTAA-1,0,15,7,7444,8247
CCAAGTTTCTACAGAT-1,0,14,8,7549,8186
ACGGGTCATGTGACTT-1,0,15,9,7443,8126
AGTGTGCTAAGATCGC-1,0,14,10,7549,8065
GGCGGTTTGCCGGTGC-1,0,15,11,7443,8005
GTATAATCTCCCGGAT-1,0,14,12,7549,7944
TAGTCCGTATGCATAA-1,0,15,13,7443,7883
CACTTCGTCTTATCTC-1,0,14,14,7548,7823
CATCCGCAGGCCCGAA-1,0,15,15,7443,7762
CCCTGATGTAACTCGT-1,0,14,16,7548,7701
CCATAGTCAGTAACCC-1,0,15,17,7442,7641
CGGGCCATAGCCGCAC-1,0,14,18,7548,7580
CTCCGGCTTGTAGACA-1,0,15,19,7442,7520
AACTTGCGTTCTCGCG-1,0,14,20,7548,7459
AATGAGTTCGCATATG-1,0,15,21,7442,7398
CGAGGCCAGGCATTGG-1,0,14,22,7547,7337
TCTGCGTCCGGTTTCT-1,0,15,23,7442,7277
CAATCCTGCCGTGGAG-1,1,14,24,7547,7216
CTGAGCAAGTAACAAG-1,1,15,25,7442,7156
GGGTACCCACGGTCCT-1,1,14,26,7547,7095
ACGGAATTTAGCAAAT-1,1,15,27,7441,7034
GGGCGGTCCTATTGTC-1,1,14,28,7547,6974
ATGTTACGAGCAATAC-1,1,15,29,7441,6913
AACCATGGGATCGCTA-1,1,14,30,7547,6852
TCGCATCCCTAAGTGT-1,1,15,31,7441,6792
ACTTAGTACGACAAGA-1,1,14,32,7546,6731
GAGCTCTCGGACCTAA-1,1,15,33,7441,6671
TCTATTACGCTGGCGA-1,1,14,34,7546,6610
AGATACGACTTCATAT-1,1,15,35,7441,6549
CGCTATACCGCCCACT-1,1,14,36,7546,6489
CAGTGTCCGCAGAATG-1,1,15,37,7440,6428
CCATCCATACCAAGTC-1,1,14,38,7546,6367
AACCCAGAGACGGAGA-1,1,15,39,7440,6307
GAAGAACGGTGCAGGT-1,1,14,40,7546,6246
GATAAATCGGTGGATG-1,1,15,41,7440,6186
CAGCTCGTGCTTGTGT-1,1,14,42,7545,6125
GAGTACGGGTATACAA-1,0,15,43,7440,6064
CATCGCCCGCGGCCAA-1,1,14,44,7545,6004
TCTTACAGAGGTACCG-1,0,15,45,7440,5943
TGGAAGACGAACACCA-1,1,14,46,7545,5882
GTTGTCGTGTTAGTTG-1,1,15,47,7439,5822
CCAAGGAACAGAGAGG-1,1,14,48,7545,5761
CTGCACCTGGAACCGC-1,1,15,49,7439,5701
CGCTTTCATACCGGTG-1,1,14,50,7545,5640
GTTCTTCCCTCGATGT-1,1,15,51,7439,5579
ATTTAACTCGTATTAC-1,1,14,52,7544,5518
AACGATAGAAGGGCCG-1,0,15,53,7439,5458
TATCCTGCATGGGAAT-1,0,14,54,7544,5397
AGGCCCATTGTACAGG-1,0,15,55,7439,5337
CCGGCGCATATTGGAT-1,0,14,56,7544,5276
ATCTGTAATTGTACCC-1,0,15,57,7438,5215
GAGCGAGGGAGTACCG-1,0,14,58,7544,5155
TTATTAGGGAAGCATC-1,0,15,59,7438,5094
CTTCTTACGTCGTATA-1,0,14,60,7544,5033
GAAGTGCTGGATAGCT-1,0,15,61,7438,4973
GTGCAACAAATGTGGC-1,0,14,62,7543,4912
CATGCGTTAGACAGAA-1,0,15,63,7438,4852
ACACACTTTCTACACG-1,0,14,64,7543,4791
AGCCCTAAGCGAAGTT-1,0,15,65,7438,4730
ATTAATTCGGTCACTC-1,0,14,66,7543,4670
AACAGGAAATCGAATA-1,0,15,67,7437,4609
ACGTTTAGTTGTGATC-1,0,14,68,7543,4548
TCCTTCAGTGGTCGAA-1,0,15,69,7437,4488
CGAACGCCCAGTGCCG-1,0,14,70,7543,4427
CCTCGAAGTGGACGGG-1,0,15,71,7437,4367
CTCTGTTTGAGGATTC-1,0,14,72,7542,4306
TGGGCACGTTCTATGG-1,0,15,73,7437,4245
ACTATTCGTCCGTGGT-1,0,14,74,7542,4184
CCTCTGGCCTAGACGG-1,0,15,75,7437,4124
CCATAAACAACCCGAC-1,0,14,76,7542,4063
CATAGTACATTGAGAG-1,0,15,77,7436,4003
ATTTCATTATTTCGCG-1,0,14,78,7542,3942
CAACTATATCGAATGC-1,0,15,79,7436,3881
CTAGTATTCGGAATTA-1,0,14,80,7542,3821
GTGGAACCTACATGCG-1,1,15,81,7436,3760
CCTAAAGGCTGACGCT-1,1,14,82,7541,3699
CGTGACATTGGGTCGT-1,0,15,83,7436,3639
CCAATCGGTAGATCGA-1,1,14,84,7541,3578
ATTGTCGCAATACCTT-1,1,15,85,7436,3518
AAATTACACGACTCTG-1,0,14,86,7541,3457
CACTCCTCTCGGTCGG-1,1,15,87,7435,3396
AAATAACCATACGGGA-1,1,14,88,7541,3336
AGTTACTCTATCGTGG-1,1,15,89,7435,3275
CGTTAGCTCACAACTG-1,1,14,90,7541,3214
GAATGTATGGCAGGTC-1,1,15,91,7435,3154
GCAACCACCAGACCGG-1,0,14,92,7540,3093
TCACTCGTGCAACGGC-1,1,15,93,7435,3033
AAACAGAGCGACTCCT-1,1,14,94,7540,2972
CAGCCTCTCCTCAAGA-1,1,15,95,7435,2911
TTGCGTGAACGCTTAG-1,1,14,96,7540,2851
CCGCCTGCGAATTGGT-1,1,15,97,7434,2790
AGATGAGGGTTGCGAT-1,1,14,98,7540,2729
CGGTGGGCTCCAGCCT-1,1,15,99,7434,2669
GGCAGCGGTAATCCTA-1,1,14,100,7540,2608
GCTAGCAGGGAGTGGG-1,1,15,101,7434,2548
CTCAAGACATTAGCGC-1,1,14,102,7539,2487
CACGGCGCGCCAAAGG-1,1,15,103,7434,2426
TGCAATTTGGGCACGG-1,1,14,104,7539,2365
ATGCCAATCGCTCTGC-1,1,15,105,7434,2305
GCTGGACCCAAAGTGG-1,0,14,106,7539,2244
ATTCCTAAGACGTGGA-1,1,15,107,7433,2184
TCCGGAGGAAGGGCTG-1,0,14,108,7539,2123
TCGGTGACCGCTCCGG-1,0,15,109,7433,2062
TCCGAAGTAGTCACCA-1,0,14,110,7539,2002
CATGTAGGAGCGCCAA-1,0,15,111,7433,1941
CACAAGAAAGATATTA-1,0,14,112,7538,1880
AGGGTCAGTAACCCTA-1,0,15,113,7433,1820
TAAGCCCTTACGACCA-1,0,14,114,7538,1759
ATACCGTCATCCATAA-1,0,15,115,7433,1699
GGACGTCCATAGTTGG-1,0,14,116,7538,1638
CATCAAACTGGCGCCC-1,0,15,117,7432,1577
AAACGTGTTCGCCCTA-1,0,14,118,7538,1517
AAATTGGTGAGAAGCA-1,0,15,119,7432,1456
GGTCATTGTAGTCATA-1,0,14,120,7538,1395
TGCAGTGAGGCTCGGG-1,0,15,121,7432,1335
GAACATTAGTATGTTA-1,0,14,122,7537,1274
GGTTTGCGAACACGTA-1,0,15,123,7432,1214
ACACAAATATTCCTAG-1,0,14,124,7537,1153
TTGGGTTTATTCAGCG-1,0,15,125,7432,1092
ATTCGCAGAGGACACT-1,0,14,126,7537,1032
GATTTAGTGCGTACTG-1,0,15,127,7431,971
TAGAAACACAATAGTG-1,0,16,0,7339,8672
CAGTAGATGATGTCCG-1,0,17,1,7233,8611
TCTTAACTCGGATGTA-1,0,16,2,7339,8550
TACATCTTGTTTCTTG-1,0,17,3,7233,8490
TTCATAGGGTGTCCAT-1,0,16,4,7338,8429
TGAAGTAGCTTACGGA-1,0,17,5,7233,8369
GCACAAGTGGATCATA-1,0,16,6,7338,8308
GGGCGAATTTCTCCAC-1,0,17,7,7232,8247
ATGTTCCTGCCCACCT-1,0,16,8,7338,8187
GCTCAACCTCTTAGAG-1,0,17,9,7232,8126
ATAGCTGCTCTTGTTA-1,0,16,10,7338,8065
CGTCAGCTATTTACTC-1,0,17,11,7232,8005
ATCTGATAGTGTCTTA-1,0,16,12,7337,7944
TGCACTATGTGAGTGC-1,0,17,13,7232,7884
CCGACAAACACATGAG-1,0,16,14,7337,7823
GCCTTGTATATGCAGT-1,0,17,15,7232,7762
ATAATACCGTTAGCCG-1,0,16,16,7337,7702
ACACTCCAATGTCACT-1,0,17,17,7231,7641
AGTTGCTGACTGATAT-1,0,16,18,7337,7580
GGCGCTCCTCATCAAT-1,0,17,19,7231,7520
TGCCTGACATCGGTCA-1,0,16,20,7337,7459
TTGGCCATCTTGCGCT-1,1,17,21,7231,7399
CAGTGGTTGCACATGA-1,1,16,22,7336,7338
AGAATTGTTTGACATA-1,1,17,23,7231,7277
AAATGCTCGTTACGTT-1,1,16,24,7336,7217
CACCTAATAGAGTCGT-1,1,17,25,7231,7156
CATTTCTAGCAGACTA-1,1,16,26,7336,7095
CCGAAAGTGGTGAGCA-1,1,17,27,7230,7035
AGTCAGCCACCGCCTG-1,1,16,28,7336,6974
TCATCACTCGAGCTCG-1,1,17,29,7230,6914
CTCAGGACTCACCTGT-1,1,16,30,7336,6853
CGGTGTACTTGATCCC-1,1,17,31,7230,6792
CCTACGGCTCAGTCGA-1,1,16,32,7335,6731
GTACTTGGGCACTTCT-1,1,17,33,7230,6671
TGATTTCCTCCTGACG-1,1,16,34,7335,6610
CCTCACCAATCTTGAC-1,1,17,35,7230,6550
GGTGAGATGCAGATAA-1,1,16,36,7335,6489
GCTAGTTTCATTGAGG-1,1,17,37,7229,6428
AGGACATCGCACGTCG-1,1,16,38,7335,6368
GTGGACGTGCTGAGAC-1,1,17,39,7229,6307
TAAGGAACTTGTGGGA-1,0,16,40,7335,6246
TCGCTGTGCGTAAATC-1,0,17,41,7229,6186
GCATCCCTAACTTTGA-1,0,16,42,7334,6125
CACCCACACGTCACCC-1,0,17,43,7229,6065
CCCTCATTCTGGAATT-1,0,16,44,7334,6004
AGGGCGTGATCGGCTA-1,0,17,45,7229,5943
GGTGCGGATAAGTGGC-1,1,16,46,7334,5883
TAATATTGAAATTCGC-1,1,17,47,7228,5822
CTTACACTGGGAAATA-1,1,16,48,7334,5761
ACCAAGAACGCGTGTC-1,1,17,49,7228,5701
GCCTTCAGCCCTACCG-1,1,16,50,7334,5640
GATGCTACAAGCGCCT-1,1,17,51,7228,5580
CCGGGACCCGCAGAGA-1,0,16,52,7333,5519
GTTCCAGTCTGACCAT-1,0,17,53,7228,5458
ATGATCGGGAATAGAC-1,0,16,54,7333,5398
TTGGATTGGGTACCAC-1,0,17,55,7228,5337
TACCTCACGCTTGTAC-1,0,16,56,7333,5276
CATGGCAGGAAGATCG-1,0,17,57,7227,5216
ATGACGCCGGCTCTAA-1,0,16,58,7333,5155
AGCGACATCCCATTCA-1,0,17,59,7227,5095
AGTAATGTCTTGCCGC-1,0,16,60,7333,5034
TTCTTAGTGGCTCAGA-1,0,17,61,7227,4973
CGTCTGGAAGGGCCCG-1,0,16,62,7332,4912
ACGTGCGCCTCGTGCA-1,0,17,63,7227,4852
AGAGCGGGCTAATCAT-1,0,16,64,7332,4791
GCGTCGAAATGTCGGT-1,0,17,65,7227,4731
AACTGATATTAGGCCT-1,0,16,66,7332,4670
CGAGCTGGGCTTTAGG-1,0,17,67,7226,4609
GGGTGTTTCAGCTATG-1,0,16,68,7332,4549
TTAATTTCAGACGCGG-1,0,17,69,7226,4488
ACTGCCGTCGTAACTC-1,0,16,70,7332,4427
GTGCACGAAAGTGACT-1,0,17,71,7226,4367
ATCTCCCTGCAATCTA-1,0,16,72,7331,4306
ACGCCAGATGATTTCT-1,0,17,73,7226,4246
AGCTATTTAATCCAAC-1,0,16,74,7331,4185
CCACGAGAAGAGAATC-1,0,17,75,7226,4124
GATTCCGCGTTTCCGT-1,0,16,76,7331,4064
GTCGGATGTAGCGCGC-1,0,17,77,7225,4003
TATTTATACCGAGTAG-1,0,16,78,7331,3942
GTAGGTGATCCGTGTA-1,0,17,79,7225,3882
AGTTAAGCGGTCCCGG-1,1,16,80,7331,3821
CTGGCGACATAAGTCC-1,1,17,81,7225,3761
TTGGCCTAGAATTTCG-1,1,16,82,7330,3700
GGCATATCGGTTCTGC-1,1,17,83,7225,3639
GGGCGTCCACTGGCTC-1,1,16,84,7330,3578
TTACCCATTGCCGGGT-1,1,17,85,7225,3518
TTAGACACGATCGTTG-1,1,16,86,7330,3457
GCGCTGATCCAGACTC-1,1,17,87,7224,3397
TTCGGCAACCCGCTGA-1,1,16,88,7330,3336
GATATTTCCTACATGG-1,1,17,89,7224,3276
CTGCGTTACGATATAA-1,1,16,90,7330,3215
TAATAAACAAGGAGAT-1,1,17,91,7224,3154
AACCTTTACGACGTCT-1,1,16,92,7329,3093
AGTCCCGCCTTTAATT-1,1,17,93,7224,3033
TGAGATTAGGCCCTAA-1,1,16,94,7329,2972
AGTGTATTGCGCATTG-1,1,17,95,7224,2912
GTTGGATTCAGTGGCT-1,1,16,96,7329,2851
TAAAGCTGCAATAGGG-1,1,17,97,7223,2790
AGTAGGAAGGAAGTTG-1,1,16,98,7329,2730
TATCACTTCGAGTAAC-1,1,17,99,7223,2669
TGATCTACGCTGATCT-1,1,16,100,7329,2608
GGATCATCCCGTACGC-1,1,17,101,7223,2548
TGACACTTCTCTTTGC-1,1,16,102,7328,2487
AGCCCTTCTAATCCGA-1,1,17,103,7223,2427
CACCGCGTCCACTCTA-1,1,16,104,7328,2366
TAATTGGAATCGGGAA-1,1,17,105,7223,2305
TCGTAAGCTCCGAGGA-1,1,16,106,7328,2245
TATATTACAAATGTCG-1,1,17,107,7222,2184
CGCGAGAGGGACTTGT-1,1,16,108,7328,2123
GGACCTACGGTAACGT-1,1,17,109,7222,2063
GAAATATGCTTGAATG-1,0,16,110,7328,2002
CCGTATTAGCGCAGTT-1,1,17,111,7222,1942
AGGCGTCTATGGACGG-1,0,16,112,7327,1881
AACATCGATACGTCTA-1,0,17,113,7222,1820
TGAATATGCTATAAAC-1,0,16,114,7327,1759
ACCAAACACCCAGCGA-1,0,17,115,7222,1699
TGGCTTGTACAAGCTT-1,0,16,116,7327,1638
GAATGAAGGTCTTCAG-1,0,17,117,7221,1578
AGATACCAGCACTTCA-1,0,16,118,7327,1517
GCGGTCCCGGTGAAGG-1,0,17,119,7221,1456
GAGGCATTTGCAGCAG-1,0,16,120,7327,1396
GGCAAGCCAGGGATAG-1,0,17,121,7221,1335
TCTACGGGCTCAGTTG-1,0,16,122,7326,1274
TCTGCGAATCGTTCGC-1,0,17,123,7221,1214
AGCTCGTTGATGGAAA-1,0,16,124,7326,1153
TGAATGAGATACAGCA-1,0,17,125,7221,1093
ACCCTTGCCTGGGTCG-1,0,16,126,7326,1032
GGCGAACCGTTCTGAT-1,0,17,127,7220,971
GCGATGTCTGTGCTTG-1,0,18,0,7128,8672
ATTAACACCTGAGATA-1,0,19,1,7022,8612
GAAATCTGACCAAGTT-1,0,18,2,7127,8551
CCTGACAAACTCGCGC-1,0,19,3,7022,8490
ATGTCATTTCCCATTG-1,0,18,4,7127,8430
GCGGTGCGGAGCATCG-1,0,19,5,7022,8369
CGGAAAGCAAATGTGC-1,0,18,6,7127,8308
GCTGAGCAACGGTTCT-1,0,19,7,7021,8248
TCACTCTTCGTCTGTC-1,0,18,8,7127,8187
GATCTTCATTGTCCTC-1,0,19,9,7021,8127
ACTCGATGTATTTCAT-1,0,18,10,7127,8066
TGAAGAGCGGTCCTAG-1,0,19,11,7021,8005
TAAACGTCGTCAATGA-1,0,18,12,7126,7944
ACGTTATTGGTCACTC-1,1,19,13,7021,7884
ATAGCCTCAGTACCCA-1,0,18,14,7126,7823
CGGGAGTATACCGCCG-1,1,19,15,7021,7763
GTCCTACAGGCGGCTC-1,0,18,16,7126,7702
CGGATAAGCGGACATG-1,1,19,17,7020,7642
AACTTCTGCGTCTATC-1,0,18,18,7126,7581
GGGTTCAGACGAACAA-1,1,19,19,7020,7520
AGTCTGGACATCCTTG-1,0,18,20,7126,7459
TTGAACGAATCCTTTG-1,1,19,21,7020,7399
GAAATACTAAACGTTT-1,1,18,22,7125,7338
CCCGCGCAATGCACCC-1,1,19,23,7020,7278
TTCGGCTAGAGATGGT-1,1,18,24,7125,7217
GACACGAGTTAGAGGA-1,1,19,25,7020,7156
GAGGTCCCAAAGATCT-1,1,18,26,7125,7096
TAACTCCATGGAGGCT-1,1,19,27,7019,7035
CTTGTTTATGTAGCCA-1,1,18,28,7125,6974
GATGGCGCACACATTA-1,1,19,29,7019,6914
ATAATAGTGTAGGGAC-1,1,18,30,7125,6853
CGCTATTCAATGTATG-1,1,19,31,7019,6793
ATATTGCTGTCAAAGT-1,1,18,32,7124,6732
GGATTCAGTACGGTGG-1,1,19,33,7019,6671
TTCTTAGTGAACGGTG-1,1,18,34,7124,6611
AATGGTTCTCACAAGC-1,1,19,35,7019,6550
TATACACGCAAAGTAT-1,1,18,36,7124,6489
CTTCATAGCTCAAGAA-1,1,19,37,7018,6429
CAACGGTTCTTGATAC-1,1,18,38,7124,6368
ACACCCGAGAAATCCG-1,1,19,39,7018,6308
TCTATCATGCAGTTAC-1,1,18,40,7124,6247
CCCGCCATGCTCCCGT-1,0,19,41,7018,6186
CGCTTCCACTGAAATC-1,0,18,42,7123,6125
CACTGTCCAAGTGAGA-1,0,19,43,7018,6065
ATTACTAGCCTCTTGC-1,0,18,44,7123,6004
CATAGTAGCATAGTAG-1,1,19,45,7018,5944
CAACTCCTTGATCCCG-1,1,18,46,7123,5883
AAGTAGAAGACCGGGT-1,1,19,47,7017,5822
GCGGGAACCAGGCCCT-1,1,18,48,7123,5762
ATTAGATTGATAGCGG-1,1,19,49,7017,5701
CTCGGTCCGTAGCCTG-1,1,18,50,7123,5640
TGGCTTTGGGTAGACA-1,1,19,51,7017,5580
TATCCATATCATGCGA-1,1,18,52,7122,5519
GGAGTGCCGCCCTGGA-1,0,19,53,7017,5459
TGAGAATGCTTTACCG-1,0,18,54,7122,5398
TTAACCAACCCTCCCT-1,0,19,55,7017,5337
TGTTTCGGTACTTCTC-1,0,18,56,7122,5277
TTGCTGAAGGAACCAC-1,0,19,57,7016,5216
TATTTAGTCTAGATCG-1,0,18,58,7122,5155
CTCCGGCCTAATATGC-1,0,19,59,7016,5095
TTGTGGCCCTGACAGT-1,0,18,60,7122,5034
TCGCCGGTCGATCCGT-1,0,19,61,7016,4974
CCATAGGTTGGCGTGG-1,0,18,62,7121,4913
GAACGACCGAATGATA-1,0,19,63,7016,4852
TCCGATAATTGCCATA-1,0,18,64,7121,4792
CATTACGTCGGCCCGT-1,0,19,65,7016,4731
CAAGCACCAAATGCCT-1,0,18,66,7121,4670
TGCATGGATCGGATCT-1,0,19,67,7015,4610
GAAATCGCGCGCAACT-1,0,18,68,7121,4549
CTGAAAGAGATCCGAC-1,0,19,69,7015,4489
CACCTCGATGGTGGAC-1,0,18,70,7121,4428
ATTTGTTCCAGGGCTC-1,0,19,71,7015,4367
TGGGCCACAAGAGCGC-1,0,18,72,7120,4306
CCTTCTTGATCCAGTG-1,0,19,73,7015,4246
CCTCGCCAGCAAATTA-1,0,18,74,7120,4185
TTCATGGCGCAACAGG-1,0,19,75,7015,4125
TTAATCAGTACGTCAG-1,0,18,76,7120,4064
CCTATCTATATCGGAA-1,0,19,77,7014,4003
ATTATACTTTGCTCGT-1,0,18,78,7120,3943
ATGGATCCGGCGTCCG-1,1,19,79,7014,3882
CGCCCGCTTCCGTACA-1,1,18,80,7120,3821
GGATTCCGCTATACCC-1,1,19,81,7014,3761
CGGTCTATCAACCCGT-1,1,18,82,7119,3700
ATGCCGGTTGATGGGA-1,1,19,83,7014,3640
TCATGCAGGTTCTCAT-1,1,18,84,7119,3579
TGAGCTTTAATGACGC-1,1,19,85,7014,3518
TCCCTTAGATTACTCG-1,1,18,86,7119,3458
ATATCTCCCTCGTTAA-1,1,19,87,7013,3397
AGCTCTTCCCAGTGCA-1,1,18,88,7119,3336
TCGCTAAACCGCTATC-1,1,19,89,7013,3276
CACATTCTTTCGATGG-1,1,18,90,7119,3215
GATATGCGGTAGCCAA-1,1,19,91,7013,3155
CGTTTCACTTCGGGCG-1,1,18,92,7118,3094
CCAATTACGGGTCGAG-1,1,19,93,7013,3033
GCAGGTAGAGTATGGT-1,1,18,94,7118,2973
GTCGTATTGGCGTACA-1,1,19,95,7013,2912
GAAATTAGCACGGATA-1,1,18,96,7118,2851
AATGCACCAAGCAATG-1,1,19,97,7012,2791
AGGACGCTCGATGTTG-1,1,18,98,7118,2730
GGCTAAAGGGCGGGTC-1,1,19,99,7012,2670
CATCTATCCCGTGTCT-1,1,18,100,7118,2609
CAGTAACTATTTATTG-1,1,19,101,7012,2548
CATATACTACTGATAA-1,1,18,102,7117,2487
GCGTTCGGAGACCGGG-1,1,19,103,7012,2427
AAGTTCAGTCTGCGTA-1,1,18,104,7117,2366
CGAAGCTATAAATTCA-1,1,19,105,7012,2306
CGCGGTCACAAACCAA-1,1,18,106,7117,2245
GGGAATGAGCCCTCAC-1,1,19,107,7011,2184
ACGGAGCGCAAATTAC-1,1,18,108,7117,2124
CGTTCTTCGCACACCT-1,1,19,109,7011,2063
GAATAGCCCTGCGGTC-1,1,18,110,7117,2002
AATAGCTACCGCGTGC-1,1,19,111,7011,1942
CCGAGCTGTGCTTGTC-1,1,18,112,7116,1881
GATGACGATGATCGCG-1,0,19,113,7011,1821
GCCTATGCTGGGCCTT-1,0,18,114,7116,1760
TTACTGTCTAGAGCTC-1,0,19,115,7011,1699
AGCGGTTGCCGCTCTG-1,0,18,116,7116,1639
GCTTGCAGCACAATTG-1,0,19,117,7010,1578
CCGGAGGTCTTATGGT-1,0,18,118,7116,1517
ACAGTATACCGTGGGA-1,0,19,119,7010,1457
GGGATCCCAATACAAA-1,0,18,120,7116,1396
ATTACGACTCCACAGT-1,0,19,121,7010,1336
CTCACACGCAAGCCTA-1,0,18,122,7115,1275
CCAGATGTAAATGGGT-1,0,19,123,7010,1214
GAACTTGTGCACGGGA-1,0,18,124,7115,1153
AAGCCGCTTTACCTTG-1,0,19,125,7010,1093
TCCATTCCCACTAGAG-1,0,18,126,7115,1032
AGAGCGCTTGTAACGG-1,0,19,127,7009,972
TGGGTTCCCGGACGGA-1,0,20,0,6917,8672
GCTGCGCCTCCCACGT-1,0,21,1,6811,8612
CTGTTGGCTCTTCTGA-1,0,20,2,6916,8551
TTGTTCTAGATACGCT-1,0,21,3,6811,8491
CCCTCAAGCTCTTAGT-1,0,20,4,6916,8430
TGGTCTAGCTTACATG-1,0,21,5,6811,8369
ATGCACCTTCCTTAAT-1,0,20,6,6916,8309
GGGATACGGTAATAAT-1,0,21,7,6810,8248
AGTTCACCGGTTGGAC-1,0,20,8,6916,8187
GACATACTGTCGCAGA-1,0,21,9,6810,8127
TGGACACCGTTGCTTG-1,0,20,10,6916,8066
TGCGATGCTAATGGCT-1,1,21,11,6810,8006
TTCTGTTTCCTGTCGC-1,1,20,12,6915,7945
CGTTGTAAACGTCAGG-1,1,21,13,6810,7884
GATCGGCGATAAGTCG-1,1,20,14,6915,7824
AGCCTTAAAGCGGAAG-1,1,21,15,6810,7763
TCCGTAACCACAATCC-1,1,20,16,6915,7702
GAATGCCGAAATGACC-1,1,21,17,6809,7642
TATACTCATGCGGCAA-1,1,20,18,6915,7581
TAGTGTCAGAAACGGC-1,1,21,19,6809,7521
CGTCATACCATATCCA-1,1,20,20,6915,7460
TAGTACCTTAGTGGTC-1,1,21,21,6809,7399
CTGGCGGGAATAAGTA-1,1,20,22,6914,7339
AGTGTGGTCTATTGTG-1,1,21,23,6809,7278
GCTATCGCGGCGCAAC-1,1,20,24,6914,7217
CAGTAATCCCTCCCAG-1,1,21,25,6809,7157
GTATTAAGGCGTCTAA-1,1,20,26,6914,7096
CTAATTTCAACAACAC-1,1,21,27,6808,7036
TTAGCAACATGGATGT-1,1,20,28,6914,6975
ATGCTCAGTGTTGCAT-1,1,21,29,6808,6914
GATGTTTGTGCGAGAT-1,1,20,30,6914,6853
CACTTCGCCACAGGCT-1,1,21,31,6808,6793
CTGTATGGTGTAGAAA-1,1,20,32,6913,6732
TACGTGCACTATGCTG-1,1,21,33,6808,6672
GTATCAGCTTGGGTTC-1,1,20,34,6913,6611
TAACAAAGGGAGAAGC-1,1,21,35,6808,6550
TTACATCGTGGCCTGG-1,1,20,36,6913,6490
TCTGAACCGGTCGGCT-1,1,21,37,6807,6429
GGCTCGTGCCACCAGC-1,1,20,38,6913,6368
TATAAGTGAGGATAGC-1,1,21,39,6807,6308
GCCCGCGCGTTTGACA-1,1,20,40,6913,6247
TGCTGGTTGGACAATT-1,1,21,41,6807,6187
GCCTAGCGATCTGACC-1,0,20,42,6912,6126
CCATGCTCTGCAGGAA-1,1,21,43,6807,6065
TATAAATCCACAAGCT-1,1,20,44,6912,6005
CGCTCGACATAATGAT-1,1,21,45,6807,5944
CCAATTGAATGTTAAT-1,1,20,46,6912,5883
GCTAATACCGAATGCC-1,1,21,47,6806,5823
TTCAACGACCCGACCG-1,1,20,48,6912,5762
TTCCTCGAGGGTGTCT-1,1,21,49,6806,5702
CAACGACCCGTTTACA-1,1,20,50,6912,5641
CTTGTACTTGTTGACT-1,0,21,51,6806,5580
TCTCTAATAGCTGGTA-1,0,20,52,6911,5519
ATTATGCCATAGGGAG-1,0,21,53,6806,5459
GACAACGCAGCTTACG-1,0,20,54,6911,5398
AGATGACTCGCCCACG-1,0,21,55,6806,5338
GTGCGGGTCTCCAAAT-1,0,20,56,6911,5277
GTACGAGATTGCGACA-1,0,21,57,6805,5216
GTATAGGACTCAGTAG-1,0,20,58,6911,5156
TTGCACGGAGCAGCAC-1,0,21,59,6805,5095
CACAGCTAGGGAGTGA-1,0,20,60,6911,5034
ATACTAGCATGACCCT-1,0,21,61,6805,4974
CCAAGACTTCTGCGAA-1,0,20,62,6910,4913
ACATAATAAGGCGGTG-1,0,21,63,6805,4853
TAATACACAGTAGTAT-1,0,20,64,6910,4792
TCTTGGTAACACCAAA-1,0,21,65,6805,4731
AACTGGGTCCCGACGT-1,0,20,66,6910,4671
ATCACTTCATCCTCGC-1,0,21,67,6804,4610
TGGAAGGATAAAGATG-1,0,20,68,6910,4549
CATGATGCACAATTCT-1,0,21,69,6804,4489
TGCCTGATCAAACGAT-1,0,20,70,6910,4428
ATAGGGATATCCTTGA-1,0,21,71,6804,4368
CACCTAATCAGTTTAC-1,0,20,72,6909,4307
TGTGACTACGCCAGTC-1,1,21,73,6804,4246
CCCGACCATAGTCCGC-1,1,20,74,6909,4186
CGCGCCCGACTTAATA-1,1,21,75,6804,4125
TGCCACCTGGCGAAAC-1,1,20,76,6909,4064
CTGCCAAGGTTGGAAG-1,1,21,77,6803,4004
TCTCCAACGTAGGTTA-1,0,20,78,6909,3943
TTCTTGGAGTAATGAG-1,1,21,79,6803,3883
GTCTCGATCTGCTTTC-1,1,20,80,6909,3822
TACTCTCCGAACAAAT-1,1,21,81,6803,3761
ATCACATTAGAATATC-1,1,20,82,6908,3700
TACGGGATGCTAGCAG-1,1,21,83,6803,3640
AGCTGAAGTAAACCAA-1,1,20,84,6908,3579
CATGGGTCGGGTGTGG-1,1,21,85,6803,3519
CACCCACGAGGCAATT-1,1,20,86,6908,3458
TGCCATTACTAAAGAA-1,1,21,87,6802,3397
CCGTTACGTTAGAACA-1,1,20,88,6908,3337
GCCAGGAGTAACCGAT-1,1,21,89,6802,3276
GGAAAGTGCCCATGCC-1,1,20,90,6908,3215
TCTTACCGGAACTCGT-1,1,21,91,6802,3155
TATGTCAAGACCGACT-1,1,20,92,6907,3094
CCTAACTAAGGCTCTA-1,1,21,93,6802,3034
GCGGTGAACTGCGCTC-1,1,20,94,6907,2973
CCTCGCGCGATATAGG-1,1,21,95,6802,2912
ATCGGCAAGCAGTCCA-1,1,20,96,6907,2852
AGATCGTGCATAAGAT-1,1,21,97,6801,2791
ATTCAGGACCTATTTC-1,1,20,98,6907,2730
AGCTAGAAGCAGAAGT-1,1,21,99,6801,2670
TTCGCTATCTGACGTG-1,1,20,100,6907,2609
TTCCGCAGAGAAATAT-1,1,21,101,6801,2549
CAGTACATTCTCTAAA-1,1,20,102,6906,2488
GTGAAGATTTCAAGTG-1,1,21,103,6801,2427
AACGCATGATCTGGGT-1,1,20,104,6906,2367
CCCAGAGGAGGGCGTA-1,1,21,105,6801,2306
GGAAACCTTGTTGAAT-1,1,20,106,6906,2245
GTGAAGCCGTATAGTC-1,1,21,107,6800,2185
GAGCTGTCGTCTCGGA-1,1,20,108,6906,2124
TGTCATTTGTTGGGAA-1,1,21,109,6800,2064
ACCAACACCACACACT-1,1,20,110,6906,2003
AAATGATTCGATCAGC-1,1,21,111,6800,1942
CTGCTTTATGTCCGCG-1,1,20,112,6905,1881
GCGAGAGGCCATGTAA-1,1,21,113,6800,1821
ATTGACCGGCGATGAC-1,1,20,114,6905,1760
ACCCTGGTAACGCCCT-1,1,21,115,6800,1700
GTTGGACCGCATCAGG-1,0,20,116,6905,1639
CGTTTACAAGGCAGCT-1,0,21,117,6799,1578
CGGTCCATGAGACTCC-1,0,20,118,6905,1518
GTTCGTCTGGGTCCCT-1,0,21,119,6799,1457
TGTACTACTCTCACGG-1,0,20,120,6905,1396
AGTGAAGATGGTGTCC-1,0,21,121,6799,1336
GAGGGCCATAATATTA-1,0,20,122,6904,1275
ACTCCCGTAGACTAGG-1,0,21,123,6799,1215
CGTCAAATGGTCGCAG-1,0,20,124,6904,1154
AAGTCTAGTAGCTGCC-1,0,21,125,6799,1093
AAGAAATCACCAGATT-1,0,20,126,6904,1033
GAGTGCACGGACAACA-1,0,21,127,6798,972
GTTCAAATCAGATGTC-1,0,22,0,6706,8673
CATGGCTCCCTATGTC-1,0,23,1,6600,8612
GGCCACACGAAAGCCT-1,0,22,2,6705,8552
GAAGCCGGGTAAGCTC-1,0,23,3,6600,8491
TTGCGCTCTCTCGCTT-1,0,22,4,6705,8430
TACATGACCTTATCCG-1,0,23,5,6600,8370
GTCCTTCTACAACCCA-1,0,22,6,6705,8309
TATATGCTGGGTTGCC-1,0,23,7,6599,8249
GTTTATGGGATTTAGA-1,0,22,8,6705,8188
GGAACCCGAACAAGAA-1,0,23,9,6599,8127
AACGTTATCAGCACCT-1,0,22,10,6705,8066
CATCGTCCGGTTACTA-1,1,23,11,6599,8006
AGACAGCTCAGAATCC-1,1,22,12,6704,7945
GCAGATCCTCGCAAAT-1,1,23,13,6599,7885
GGGTCATGCGTACCAT-1,1,22,14,6704,7824
CTGGTCATTCCAATCC-1,0,23,15,6599,7763
TCAGGGCGCAAACTCG-1,1,22,16,6704,7703
GATGCCAGCAGAAGGC-1,1,23,17,6598,7642
GTTATTAACGTGGGAG-1,1,22,18,6704,7581
AATACAATGTTTCAGG-1,1,23,19,6598,7521
TTGCTGCACCTATCCA-1,1,22,20,6704,7460
CCAGAGACAAAGCCGG-1,1,23,21,6598,7400
CCGAAGTATATTGTTC-1,1,22,22,6703,7339
GCTAAACCTGAGGTGA-1,1,23,23,6598,7278
TCATACTTACAGATCC-1,1,22,24,6703,7218
CGAGCACTTCAAGTTT-1,1,23,25,6598,7157
TAGCAACCTGTCACAA-1,1,22,26,6703,7096
TGGGAAATGCCTTTCC-1,1,23,27,6597,7036
AGACCATGGGATACAA-1,1,22,28,6703,6975
TAAATGAATCCGTTTC-1,1,23,29,6597,6915
ACAACGGTCCCTGCGA-1,1,22,30,6703,6854
GTCACTCTCCAAATCT-1,1,23,31,6597,6793
TTCTACTTGCGAGGGC-1,1,22,32,6702,6733
CGCAATTACTTTCGGT-1,1,23,33,6597,6672
CTGTTCATCTCACGGG-1,1,22,34,6702,6611
TTCTTGTAACCTAATG-1,1,23,35,6597,6551
GCTTGATGATAATCAG-1,1,22,36,6702,6490
TTGGCTCGCATGAGAC-1,1,23,37,6596,6430
GCCCAGTTGGTATGCC-1,1,22,38,6702,6369
ATTCCTCCGCCAGTGC-1,1,23,39,6596,6308
TCGTCCGCTGGCGTCT-1,1,22,40,6702,6247
GGAGAAGTCATTGGCA-1,1,23,41,6596,6187
TTGTTAGCAAATTCGA-1,1,22,42,6701,6126
TCTAGCATCTTCGATG-1,1,23,43,6596,6066
TTCTAGGCCAATTGTG-1,1,22,44,6701,6005
TCACGGTCATCGCACA-1,1,23,45,6596,5944
ATGAAGCCAAGGAGCC-1,1,22,46,6701,5884
AATGACTGTCAGCCGG-1,1,23,47,6595,5823
CCAAACAGAACCCTCG-1,1,22,48,6701,5762
TATCGATGATTAAACG-1,1,23,49,6595,5702
GAACACACATCAACCA-1,1,22,50,6701,5641
CCCGTCAGCGTCTGAC-1,0,23,51,6595,5581
AGCATCGTCGATAATT-1,0,22,52,6700,5520
GACTAAGATCATGCAC-1,0,23,53,6595,5459
TAGGGTGTTTCAAGAG-1,0,22,54,6700,5399
TGGTTCGTAGCAAAGG-1,0,23,55,6595,5338
CTGTTCACTGCCTGTG-1,0,22,56,6700,5277
ATGTGCATCCGACGCA-1,0,23,57,6594,5217
TTGTCGTTCAGTTACC-1,0,22,58,6700,5156
CGGGATCAATGTAAGA-1,0,23,59,6594,5096
TTATCTGTATCATAAC-1,0,22,60,6700,5035
ATCGACTCTTTCCGTT-1,0,23,61,6594,4974
CTCATTTGATGGGCGG-1,0,22,62,6699,4913
GTAAGCGGGCAGTCAG-1,0,23,63,6594,4853
TCTATCGGTCGCAACA-1,0,22,64,6699,4792
AACGCGGTCTCCAGCC-1,0,23,65,6594,4732
ATTAATACTACGCGGG-1,0,22,66,6699,4671
CTTTAACTTTCAAAGG-1,0,23,67,6593,4611
CGTACCTGATAGGCCT-1,0,22,68,6699,4550
GAATGTTGGGTAATCT-1,1,23,69,6593,4489
TGCGGAGTAAAGGTGC-1,1,22,70,6699,4428
CCTGAATATTTACATA-1,1,23,71,6593,4368
TTGCTCCCATACCGGA-1,0,22,72,6698,4307
CCTCTAATCTGCCAAG-1,1,23,73,6593,4247
AGGTTGAGGCACGCTT-1,1,22,74,6698,4186
TCCCGTCAGTCCCGCA-1,1,23,75,6593,4125
TCCGATGACTGAGCTC-1,1,22,76,6698,4065
CAGCCTCCTGCAGAGG-1,1,23,77,6592,4004
CTTAGCCTTCCACATG-1,1,22,78,6698,3943
ATTAATGAACCAGTCG-1,1,23,79,6592,3883
ACGATACATAGAACTA-1,1,22,80,6698,3822
AGCCACTCCCGTGCTT-1,1,23,81,6592,3762
ATACGGGTTTCGATTG-1,1,22,82,6697,3701
CTGTCAAATGGCTCGG-1,1,23,83,6592,3640
GCTCGGAATTTAAAGC-1,1,22,84,6697,3580
TAGGCATGTTACGCCA-1,1,23,85,6592,3519
TGGCAACTCGCGCGCC-1,1,22,86,6697,3458
ATCAGTAGGCAGGGAT-1,1,23,87,6591,3398
TATCGATCTATGCATA-1,1,22,88,6697,3337
CGACTCAGGATGTTAT-1,1,23,89,6591,3277
GCCATATTGCACACAG-1,1,22,90,6697,3216
AATTCATAAGGGATCT-1,1,23,91,6591,3155
CGGTAGAGGTGCAGGT-1,1,22,92,6696,3094
AATGATGATACGCTAT-1,1,23,93,6591,3034
CTTGTGCTCACCGATT-1,1,22,94,6696,2973
TTCCAATCAGAGCTAG-1,1,23,95,6591,2913
CGATGGACCCTACGCC-1,1,22,96,6696,2852
GGTCGGATAAACGGCG-1,1,23,97,6590,2791
TTAGCTAATACGATCT-1,1,22,98,6696,2731
CTCGATATTTGCGAGC-1,1,23,99,6590,2670
ATTACTTACTGGGCAT-1,1,22,100,6696,2609
CTAGCCGATGTTATGA-1,1,23,101,6590,2549
TACTGCAATCAATTAC-1,1,22,102,6695,2488
TAGTCTGTGACGTTGC-1,1,23,103,6590,2428
CTCGTTTCTAATGTTT-1,1,22,104,6695,2367
TTCGTTCAACGAAGTT-1,1,23,105,6590,2306
CTGAATTTATTGCCAG-1,1,22,106,6695,2246
TGGAATATCCTTGACC-1,1,23,107,6589,2185
CAGATCATTTAAAGTC-1,1,22,108,6695,2124
CTCCTTTACGCAAGTC-1,1,23,109,6589,2064
TCCCAAACAGACAACG-1,1,22,110,6695,2003
ATCGCTGCGTGCAGCA-1,1,23,111,6589,1943
TTAGTTCAAGTGTTCG-1,1,22,112,6694,1882
AAACTCGTGATATAAG-1,1,23,113,6589,1821
TTAACGAACAAGCAGT-1,1,22,114,6694,1761
GTTATATCAGGAGCCA-1,1,23,115,6589,1700
CAAATTGGATTATGCC-1,0,22,116,6694,1639
CGAGGAGCTTCCATAT-1,1,23,117,6588,1579
GGAGACCAATGTGCTT-1,0,22,118,6694,1518
CATTGATGAACACGCC-1,1,23,119,6588,1458
GTCAATGCTATAATTT-1,0,22,120,6694,1397
ACCACCCTCTCTTCTA-1,0,23,121,6588,1336
TGGAGGGAAACACCTC-1,0,22,122,6693,1275
CACGGACGTGGATGGC-1,0,23,123,6588,1215
AACTTTCTCGATCATG-1,0,22,124,6693,1154
CGTATTGTTTCCTAAT-1,0,23,125,6588,1094
CCTACTGCGGCGGCCA-1,0,22,126,6693,1033
CTTAGGTCCCAATCGT-1,0,23,127,6587,972
CGCAATCGATCATTAG-1,0,24,0,6495,8673
TGGTTATGCTTGCGGT-1,0,25,1,6389,8613
GGCTTGGCTCTCACCT-1,0,24,2,6494,8552
ATTGGTAGGATCCGCT-1,0,25,3,6389,8491
TCAGGGCGACTTCCTT-1,0,24,4,6494,8431
TCTGCAGATTCGAGTC-1,0,25,5,6389,8370
CTCTCGCTGTACTATG-1,0,24,6,6494,8309
AATAGTCGCGAGTCGG-1,0,25,7,6388,8249
AGTTACCCTTAAGACT-1,0,24,8,6494,8188
CTTAAATAAGACCCAT-1,0,25,9,6388,8128
GGTTGTGCTCTTGTCC-1,1,24,10,6494,8067
GTGAGTCTAAGACGGA-1,1,25,11,6388,8006
CGCGACACTGCGCAGC-1,1,24,12,6493,7946
GCTCGCGGTTCCGCTC-1,1,25,13,6388,7885
TTAACTCACGCGTGGA-1,1,24,14,6493,7824
GGAACGGCCTGCAGCC-1,1,25,15,6388,7764
GTAGAAACGGGTGGAG-1,1,24,16,6493,7703
TAATGAAAGACCCTTG-1,1,25,17,6387,7643
AGGCTTGCTAGACACC-1,1,24,18,6493,7582
TTGCGTAGTTTGAGGA-1,1,25,19,6387,7521
CGCCCTTGAAGGCTGA-1,1,24,20,6493,7460
CCCGGTGGAAGAACCT-1,1,25,21,6387,7400
TTAACACCTCGAACAT-1,1,24,22,6492,7339
GATTCCTATACGGCGC-1,1,25,23,6387,7279
TTACCCTAACAGTCCT-1,1,24,24,6492,7218
ACCCACCTACATGCTC-1,1,25,25,6387,7157
AAAGGGCAGCTTGAAT-1,1,24,26,6492,7097
CACACAGGGATAGATT-1,1,25,27,6386,7036
AGAGCGTACAAGCTCG-1,1,24,28,6492,6975
TCTTACGGCATCCGAC-1,1,25,29,6386,6915
GCCTATTCCGATATAG-1,1,24,30,6492,6854
GAAAGTGACTAACTGC-1,1,25,31,6386,6794
CCGGAATGGTTTCAGT-1,1,24,32,6491,6733
AGTATAATACTAGGCA-1,1,25,33,6386,6672
TAACTATCGAAGGTCC-1,1,24,34,6491,6612
ATGAGGAGTGTTAATC-1,1,25,35,6386,6551
TGTGTCGCGAGTTGCA-1,1,24,36,6491,6490
ATCCAACGCAGTCATA-1,1,25,37,6385,6430
AAGGCGCGTAAAGCTT-1,1,24,38,6491,6369
AGTCGGCCCAAACGAC-1,1,25,39,6385,6309
AACGTCAGACTAGTGG-1,1,24,40,6491,6248
ACTACCAGCTCTCTGG-1,1,25,41,6385,6187
GCAAGTGCACAGAGAA-1,1,24,42,6490,6127
ACACCTTAAGTAGGGC-1,1,25,43,6385,6066
TTCGACGGGAAGGGCG-1,1,24,44,6490,6005
TTCGCACTCGCGTGCT-1,1,25,45,6385,5945
TATTTGTTACCCTTTA-1,1,24,46,6490,5884
CGCTGTGACGCCGCAC-1,0,25,47,6384,5824
GTTGCACGGAGTTTCG-1,0,24,48,6490,5763
GTTTCCTGGAGGGTGA-1,0,25,49,6384,5702
ACACCCAGCATGCAGC-1,0,24,50,6490,5641
TCAACCATGTTCGGGC-1,0,25,51,6384,5581
TTACAACTACGCATCC-1,0,24,52,6489,5520
TCCGATGGTGCGACAT-1,0,25,53,6384,5460
GGGCGTACATTTATAT-1,0,24,54,6489,5399
AGCGACCAACGATATT-1,0,25,55,6384,5338
ACACAAAGACGGGTGG-1,0,24,56,6489,5278
ATCGCACGCCGGGAGA-1,0,25,57,6383,5217
GCTCTAAACCCTGACG-1,0,24,58,6489,5156
AATGCAACCGGGTACC-1,0,25,59,6383,5096
TCAAACAACCGCGTCG-1,0,24,60,6489,5035
TATGCTCCCTACTTAC-1,0,25,61,6383,4975
AAAGGGATGTAGCAAG-1,0,24,62,6488,4914
ACGATCATACATAGAG-1,0,25,63,6383,4853
TTGTTCAGTGTGCTAC-1,0,24,64,6488,4793
ATGCATGATCCAGGAT-1,0,25,65,6383,4732
AGTCTTCTCCTCAAAT-1,0,24,66,6488,4671
GATTCCCTTGTCGCAG-1,0,25,67,6382,4611
CTCGCACCTATATAGT-1,1,24,68,6488,4550
ACTCAATAAAGGCACG-1,1,25,69,6382,4490
AACCGAGCTTGGTCAT-1,1,24,70,6488,4429
TAAGGCAACATAAGAT-1,1,25,71,6382,4368
CACGCACAGCGCAGCT-1,1,24,72,6487,4308
GGTTTACAATCTCAAT-1,1,25,73,6382,4247
TGCAGGATCGGCAAAG-1,1,24,74,6487,4186
ATAACGGAGTCCAACG-1,1,25,75,6382,4126
AACGATATGTCAACTG-1,1,24,76,6487,4065
GACAACGACCATTGAA-1,1,25,77,6381,4005
TTGACCATGTTCTCCG-1,1,24,78,6487,3944
AGTACGGGCACCTGGC-1,1,25,79,6381,3883
CGCCATCCGATTATGA-1,1,24,80,6487,3822
AAGGTATCCTAATATA-1,1,25,81,6381,3762
TGTTGTCAAGAAGTCT-1,1,24,82,6486,3701
CAGTGAATAAATGACT-1,1,25,83,6381,3641
CACCTTGCGAAACTCG-1,1,24,84,6486,3580
CATTTAGCGGACCATG-1,1,25,85,6381,3519
CCAGTCTAGACGGCGC-1,1,24,86,6486,3459
TCGCTTTAAACGTTTG-1,1,25,87,6380,3398
GTGAAACGGCGCCACC-1,1,24,88,6486,3337
GGGCTCATCGAACCCA-1,1,25,89,6380,3277
TTGATGTGTAGTCCCG-1,1,24,90,6486,3216
CAGTAGCCCACGCGGT-1,1,25,91,6380,3156
AGCGCGGGTGCCAATG-1,1,24,92,6485,3095
TAATCGATCCGTACGT-1,1,25,93,6380,3034
AGTGGCGGCAATTTGA-1,1,24,94,6485,2974
CCTTTCAATGAAGAAA-1,1,25,95,6380,2913
CTCAGTCACGACAAAT-1,1,24,96,6485,2852
ATAGGCTAGCTTCGCA-1,1,25,97,6379,2792
CGGTTCAAGTAGGTGT-1,1,24,98,6485,2731
CAGTCGAGGATGCAAT-1,1,25,99,6379,2671
TATCACCCAACCGACC-1,1,24,100,6485,2610
AATGATGCGACTCCTG-1,1,25,101,6379,2549
TGGAACCACTGACACA-1,1,24,102,6484,2488
GCCAATAGGGCATCTC-1,1,25,103,6379,2428
TTCTTTGGTCGCGACG-1,1,24,104,6484,2367
ATTAGATTCCTCAGCA-1,1,25,105,6379,2307
CCGTGGAACGATCCAA-1,1,24,106,6484,2246
GGGTCGTGGCAAGTGT-1,1,25,107,6378,2185
TCGCTCGGCACCAGCG-1,1,24,108,6484,2125
ACGCAATCACTACAGC-1,1,25,109,6378,2064
CTCTAATGCATTGATC-1,1,24,110,6484,2003
GTCTCGACTAAGTTTG-1,1,25,111,6378,1943
TGGTTTAAACGTGGGT-1,1,24,112,6483,1882
CGCAGATCTTCACCCG-1,1,25,113,6378,1822
TCCAGATGTACGCCAA-1,1,24,114,6483,1761
CATTGCGGGTCAATTC-1,1,25,115,6378,1700
GACGTTCGTAAATACA-1,1,24,116,6483,1640
TACACCGTCGTTAGTC-1,1,25,117,6377,1579
ACGGGCGTATGCGACA-1,1,24,118,6483,1518
GAAGGCTACCATTGTT-1,0,25,119,6377,1458
TAAATCTTTACACCTC-1,1,24,120,6483,1397
AGTTTATGTAAAGACA-1,0,25,121,6377,1337
AGGAGACATCCACAGT-1,1,24,122,6482,1276
CAACCTGAACCTGCCA-1,0,25,123,6377,1215
AGTCCCTCGCAGAAAG-1,1,24,124,6482,1155
TGTATACGGATGATGA-1,0,25,125,6377,1094
TTGTGGTATAGGTATG-1,0,24,126,6482,1033
TCTGCACCATTAGTAA-1,0,25,127,6376,973
AAATGTATCTTATCCC-1,0,26,0,6284,8674
ACTCTAAACCTGGGAT-1,0,27,1,6178,8613
GCTGGCAGGTGCCGTG-1,0,26,2,6283,8552
CTCATTCGTGAACATC-1,0,27,3,6178,8492
TCGCCGGATGGGCAAG-1,0,26,4,6283,8431
GGACTAAGTCAGGAGT-1,0,27,5,6178,8371
TATCAAAGGTCTGTAA-1,0,26,6,6283,8310
TTCAGTTTGTGGCAGC-1,0,27,7,6177,8249
TGTTCATAAATGTGCT-1,0,26,8,6283,8188
CTTAGCCCGGATAGTG-1,0,27,9,6177,8128
GATGCGAATGGTATTA-1,0,26,10,6283,8067
TCTAACTGTATGTAAA-1,0,27,11,6177,8007
TTAAACCTGGTTCCTT-1,1,26,12,6282,7946
GCTAAGTAAAGGCGAT-1,1,27,13,6177,7885
AGTTACCGCACATGGT-1,1,26,14,6282,7825
GACTGCGGCACGTGTA-1,1,27,15,6177,7764
TGGTGATCGTATTTGT-1,1,26,16,6282,7703
TTATCGCCTGCGAAGC-1,0,27,17,6176,7643
TGGAATTAGACGCTTT-1,0,26,18,6282,7582
TCGTCACACTGTTAGC-1,1,27,19,6176,7522
TTATGTTTGCGATAGA-1,1,26,20,6282,7461
GGTGCTGATCACAAAG-1,1,27,21,6176,7400
CATAGCCGCCCGGGAT-1,1,26,22,6281,7340
GGTTAGTTACGGCGCC-1,1,27,23,6176,7279
ATTCCCACATAAACAA-1,1,26,24,6281,7218
ATTCAGTAGCAGGGTC-1,1,27,25,6176,7158
CAGTTCCGCGGGTCGA-1,1,26,26,6281,7097
AAGAGATGAATCGGTA-1,1,27,27,6175,7037
CGCAATTCTACAATAA-1,1,26,28,6281,6976
TAACGCTTTGAGAGCG-1,1,27,29,6175,6915
AGGCTATGGTTAGCTT-1,1,26,30,6281,6854
GAGGAATGGAGAGGTT-1,1,27,31,6175,6794
TCCTCTACGAGATGGC-1,1,26,32,6280,6733
TTGATTATGCAGATGA-1,1,27,33,6175,6673
TCAGTACTGACCCGCG-1,1,26,34,6280,6612
TTATGACAAACTGGAT-1,1,27,35,6175,6551
GTAAGTAGGGTATACC-1,1,26,36,6280,6491
CGCAAACACGAGTTAC-1,1,27,37,6174,6430
TGGCCGTATATTGACC-1,1,26,38,6280,6369
ACTGTAGCACTTTGGA-1,1,27,39,6174,6309
GCTCTATGTTACGTGC-1,1,26,40,6280,6248
TGCGCGATTAACGGAG-1,1,27,41,6174,6188
GAATCGACATGGTCAC-1,1,26,42,6279,6127
GACTAAGTAGGCTCAC-1,1,27,43,6174,6066
ATCTTGACCTGCAACG-1,0,26,44,6279,6006
ATGCACTACCGCATTG-1,1,27,45,6174,5945
CAGATACTAACATAGT-1,0,26,46,6279,5884
GATCGACACTATCTGA-1,0,27,47,6173,5824
ATAGAGTACTGGGACA-1,0,26,48,6279,5763
CCTACTGCTTACACTT-1,0,27,49,6173,5703
CCTGCTATTTGAGAAG-1,0,26,50,6279,5642
CGCGTTCATGAAATAC-1,0,27,51,6173,5581
CATTATGCTTGTTGTG-1,0,26,52,6278,5521
CCAGGGACGTGGCCTC-1,0,27,53,6173,5460
TATGGATGTGCTACGC-1,0,26,54,6278,5399
GTACTAAGATTTGGAG-1,0,27,55,6173,5339
AGACCCGCCCTCCTCG-1,0,26,56,6278,5278
CGCATTAGCTAATAGG-1,0,27,57,6172,5218
GCTCTCGGGTACCGAA-1,0,26,58,6278,5157
CACCGCCAGAAGGTTT-1,0,27,59,6172,5096
TCCCAAAGACGAAGGA-1,0,26,60,6278,5035
ATGGATTGACCAAACG-1,0,27,61,6172,4975
GTCATGGACATGACTA-1,0,26,62,6277,4914
CTACTGCCACCTGACC-1,0,27,63,6172,4854
TTATATTTGGCAATCC-1,0,26,64,6277,4793
AGCACCAGTACTCACG-1,0,27,65,6172,4732
CATGGTCTAGATACCG-1,0,26,66,6277,4672
TCTACCGTCCACAAGC-1,0,27,67,6171,4611
CTAGTTGGGCCCGGTA-1,0,26,68,6277,4550
TCCCGCGTACTCCTGG-1,0,27,69,6171,4490
CAGAGCATGAGCTTGC-1,1,26,70,6277,4429
ACACGGGAACTTAGGG-1,0,27,71,6171,4369
GGCTCTGCTCCAACGC-1,1,26,72,6276,4308
AGAACGTGGTACATTC-1,1,27,73,6171,4247
CAATAAACCTTGGCCC-1,1,26,74,6276,4187
ACTTCGCCATACGCAC-1,1,27,75,6171,4126
ATCTGGTTAAGACTGT-1,1,26,76,6276,4065
TCGTAAGACGACATTG-1,1,27,77,6170,4005
GTGTACCTTGGCTACG-1,1,26,78,6276,3944
GCCCGTAATACCTTCT-1,1,27,79,6170,3884
CGGTCAAGTGGGAACC-1,1,26,80,6276,3823
TTGTAAGGCCAGTTGG-1,1,27,81,6170,3762
GGAGCACCAAGAACTA-1,1,26,82,6275,3702
TAATAGTGACGACCAG-1,1,27,83,6170,3641
CTAAATCCTATTCCGG-1,1,26,84,6275,3580
CGAGTTCTGTCCCACC-1,1,27,85,6170,3520
AGGCAGATGCGTAAAC-1,1,26,86,6275,3459
AAGGATGAGGGACCTC-1,1,27,87,6169,3399
AGAGAACCGTCTAGGA-1,1,26,88,6275,3338
GAGGGCGCAGCTCTGC-1,1,27,89,6169,3277
AAGATTGGCGGAACGT-1,1,26,90,6275,3216
CCAGTAGTCTGATCCA-1,1,27,91,6169,3156
AAGGGACAGATTCTGT-1,1,26,92,6274,3095
ATAGAGTTATCAACTT-1,1,27,93,6169,3035
AAATTACCTATCGATG-1,1,26,94,6274,2974
GATCCTAAATCGGGAC-1,1,27,95,6169,2913
TTACAGACCTAAATGA-1,1,26,96,6274,2853
CCTCACCTTAGCATCG-1,1,27,97,6168,2792
CATGCGACCAGTTTAA-1,1,26,98,6274,2731
AACATATCAACTGGTG-1,1,27,99,6168,2671
CTATAAGAGCCAATCG-1,1,26,100,6274,2610
AATATCGAGGGTTCTC-1,1,27,101,6168,2550
GTACTCCTGGGTATGC-1,1,26,102,6273,2489
ATAAGTAGGATTCAGA-1,1,27,103,6168,2428
AGGTCGCGGAGTTACT-1,1,26,104,6273,2368
CTAATTCTCAGATATT-1,1,27,105,6168,2307
GCCAACCATTTCCGGA-1,1,26,106,6273,2246
TGATCCCAGCATTAGT-1,1,27,107,6167,2186
CGTTGTAAGATTGATT-1,1,26,108,6273,2125
GAAACCATGGTGCGCT-1,1,27,109,6167,2065
AATCTATGCCGGAGCC-1,1,26,110,6273,2004
GACTCCCAGAATAAGG-1,1,27,111,6167,1943
TATGATCCGGCACGCC-1,1,26,112,6272,1882
CCGCTTGCTGACATGG-1,1,27,113,6167,1822
TGGTTAAGGGCGCTGG-1,1,26,114,6272,1761
TTGATAGTCAATACAT-1,1,27,115,6167,1701
GGTTTAATTGAGCAGG-1,1,26,116,6272,1640
CATTACATAGATTGTG-1,1,27,117,6166,1579
GGTACACCAGATTTAT-1,0,26,118,6272,1519
GGCCCGTATACCATGC-1,0,27,119,6166,1458
ATCTTTCGTATAACCA-1,0,26,120,6272,1397
GAGATGACAATCCTTA-1,0,27,121,6166,1337
AAAGCTTGCCTACATA-1,0,26,122,6271,1276
GAACGATAAGTTAAAG-1,0,27,123,6166,1216
TAATAGCTAAATGATG-1,0,26,124,6271,1155
TATGGCTAGGCTAATT-1,0,27,125,6166,1094
AGGAGAGTCTGGCTAC-1,0,26,126,6271,1034
TGCTCTGCCGGTTCAC-1,0,27,127,6165,973
CCAATAGATTTCATCT-1,0,28,0,6073,8674
GGGCACGAATTGGCCG-1,0,29,1,5967,8613
TCGTTGACAGGGTCCC-1,0,28,2,6072,8553
ATCGTATTCCGAGAAC-1,0,29,3,5967,8492
GGGAATTCTGTCCAGT-1,0,28,4,6072,8431
ACGCGTTTCTTAAGAG-1,0,29,5,5967,8371
GAGAGCGCAGTCCCTG-1,0,28,6,6072,8310
GTCCTATTGTTGTGGT-1,0,29,7,5966,8250
CATCTGCAGGATCATT-1,0,28,8,6072,8189
GAGTCGACAGACCCTC-1,0,29,9,5966,8128
AAGTGCAAAGGTAGAC-1,0,28,10,6072,8068
AGGGTGGATAGTGCAT-1,1,29,11,5966,8007
TGATAGCGGGATTCTA-1,1,28,12,6071,7946
GTCAGTTTGGTAGTCG-1,1,29,13,5966,7886
GCATTCGAAATGAACA-1,1,28,14,6071,7825
AAAGACTGGGCGCTTT-1,1,29,15,5966,7765
TAACAATATTTGTTGC-1,1,28,16,6071,7704
CCAGCTTCCGCCCGCA-1,1,29,17,5965,7643
GATATGGATTACGCGG-1,1,28,18,6071,7582
AGAGCAGTTATGAGAC-1,1,29,19,5965,7522
TCACATCTTATCTGAT-1,1,28,20,6071,7461
TATGAAGACAGGTGCG-1,1,29,21,5965,7401
TACCTGCTGCACTGTG-1,1,28,22,6070,7340
TAGGTCCAAGTAAGGA-1,1,29,23,5965,7279
GAAACTCGTGCGATGC-1,1,28,24,6070,7219
AACAATTACTCTACGC-1,1,29,25,5965,7158
CCGCACGTGACCTCGG-1,1,28,26,6070,7097
AACTTGCCCGTATGCA-1,1,29,27,5964,7037
GGGTATGTATGCACTT-1,1,28,28,6070,6976
TTCGTACTCCAGAACG-1,1,29,29,5964,6916
GAATTTCTCGCTGCAG-1,1,28,30,6070,6855
AACAGGATGGGCCGCG-1,1,29,31,5964,6794
GACGTGTAGGGATTAT-1,1,28,32,6069,6734
TAGGTGAGCCCTACTC-1,1,29,33,5964,6673
CTAATTCGCACGCGCT-1,1,28,34,6069,6612
GAAGCTTGCTGACCGC-1,1,29,35,5964,6552
GGTTAGGCTTGGAGAA-1,1,28,36,6069,6491
ACAAGGACAAGAGGTT-1,1,29,37,5963,6431
AGGCCACCCGTTATGA-1,1,28,38,6069,6370
GTGGGCTTAGACACAC-1,1,29,39,5963,6309
CGTGTCCCATTCGCGA-1,1,28,40,6069,6248
TGGAGTGATGCGATGA-1,1,29,41,5963,6188
AACAACTGGTAGTTGC-1,1,28,42,6068,6127
CCTGGCTAGACCCGCC-1,1,29,43,5963,6067
CGCAATTAGGGTAATA-1,1,28,44,6068,6006
TCGAAATTTAGGACCA-1,1,29,45,5963,5945
AGACTAGCCTTCCAGA-1,1,28,46,6068,5885
TTGATCTAACTTTGTC-1,0,29,47,5962,5824
AAGGAGCGGTTGGTGC-1,0,28,48,6068,5763
ACTTGGGACCCGGTGG-1,0,29,49,5962,5703
TGATCTCCGGCGCCAG-1,0,28,50,6068,5642
CAGTTCAAATTGACAC-1,0,29,51,5962,5582
GTCCGGCTGAATTGCG-1,0,28,52,6067,5521
CTGGAAATGGATGCTT-1,0,29,53,5962,5460
TGATCGGTTTGACCCT-1,0,28,54,6067,5400
TAGAGTCTAAGCGAAC-1,0,29,55,5962,5339
GAGACTGATGGGTAGA-1,0,28,56,6067,5278
TAGCTAAGTCCGGGAG-1,0,29,57,5961,5218
GGGCGATATGTGTGAA-1,0,28,58,6067,5157
CTCGAGGTCGAACAGT-1,0,29,59,5961,5097
GATCCCTTTATACTGC-1,0,28,60,6067,5036
GTCATGCACCTCCGTT-1,0,29,61,5961,4975
ACTTTCCTATAGCTTC-1,0,28,62,6066,4915
TCGCTCGATATATTCC-1,0,29,63,5961,4854
ATAGGTTGGGCAGATG-1,0,28,64,6066,4793
CAATTAAGGGTGATGA-1,0,29,65,5961,4733
ACCGACTGAGTCCCAC-1,0,28,66,6066,4672
CCTGTCACCCGGGCTC-1,0,29,67,5960,4612
GATCGGTGGCCATAAC-1,0,28,68,6066,4551
CCTATGGGTTACCGTC-1,0,29,69,5960,4490
TTGGGACACTGCCCGC-1,0,28,70,6066,4429
CGAGGCTAAATATGGC-1,0,29,71,5960,4369
TCAGGGTGTAACGTAA-1,0,28,72,6065,4308
CGAGAGATGTGAACCT-1,0,29,73,5960,4248
TCGCTGGGCGGATTGT-1,0,28,74,6065,4187
AGATCTCAGGTGTGAT-1,1,29,75,5960,4126
TGGCCAAACTGAAGTA-1,1,28,76,6065,4066
GCTTCCGTCCCTAGAC-1,1,29,77,5959,4005
CAGCAGCCCGTTCCTT-1,1,28,78,6065,3944
TGTATAACAGATCCTG-1,1,29,79,5959,3884
CGCGGGAATTAGGCAG-1,1,28,80,6065,3823
TGCATGTGGTAATCTA-1,1,29,81,5959,3763
ACAATTTGAGCAGTGG-1,1,28,82,6064,3702
GAGCTAAGGGCATATC-1,1,29,83,5959,3641
CCAGATAGTTGAGTGA-1,1,28,84,6064,3581
CCACAATGTACGTCTT-1,1,29,85,5959,3520
CAATGGATCTCTACCA-1,1,28,86,6064,3459
TGTGGCAAAGCGTATG-1,1,29,87,5958,3399
TAAAGCGTTAGGAGAA-1,1,28,88,6064,3338
TCCGTTTAGCCTTGAA-1,1,29,89,5958,3278
CAGCTCGACAAGTTAA-1,1,28,90,6064,3217
GCCTATAGTGTCAGGG-1,1,29,91,5958,3156
ATAGACAACGGGACCT-1,1,28,92,6063,3096
CTACTATCTTTCAGAG-1,1,29,93,5958,3035
GCGCTGCTTTGCATTT-1,1,28,94,6063,2974
GCGCATCCAGTCAGCA-1,1,29,95,5958,2914
GACTCGCGGGAATGAC-1,1,28,96,6063,2853
CTGGTAACGAGCTCTT-1,1,29,97,5957,2793
TCCGGCCTAGCGTACA-1,1,28,98,6063,2732
TCTAGGTGGCGACGCT-1,1,29,99,5957,2671
ACGCTAGTGATACACT-1,1,28,100,6063,2610
ATCTGCACCTCTGCGA-1,1,29,101,5957,2550
CCTCACCTGAGGGAGC-1,1,28,102,6062,2489
AGTGAGCCTCGCCGCC-1,1,29,103,5957,2429
ACGAGTACGGATGCCC-1,1,28,104,6062,2368
GGTACCATTAAGACGG-1,1,29,105,5957,2307
TTCTGCTAGACTCCAA-1,1,28,106,6062,2247
TAACTATTACGCCAAA-1,1,29,107,5956,2186
GCATTCAAGGCAACGC-1,1,28,108,6062,2125
AGTACATCATTTATCA-1,1,29,109,5956,2065
GTCGTGTCTGGTCATC-1,1,28,110,6062,2004
AGTCTAAAGTATACTC-1,1,29,111,5956,1944
CGGCCCAACCTGTAGT-1,1,28,112,6061,1883
AGGGAGACATACTTCG-1,1,29,113,5956,1822
TCCCTAGATCAATAGG-1,1,28,114,6061,1762
TCCCGTCGCGTCATAG-1,1,29,115,5956,1701
CGCATCCATCAGCCAG-1,1,28,116,6061,1640
CTGCACCTAGTCCACA-1,0,29,117,5955,1580
CGAGGATCGGGAACGA-1,0,28,118,6061,1519
CAATGAGGTTCGACTA-1,0,29,119,5955,1459
TCTGACGGGCTAACCC-1,0,28,120,6061,1398
TTCTATGCCTTTCGCA-1,0,29,121,5955,1337
AGAGTATAGTGTTACG-1,0,28,122,6060,1277
CCATTGTTTCCTCCAT-1,0,29,123,5955,1216
CTCATCACTTAGTGAT-1,0,28,124,6060,1155
CCGAAGGGCGTACCGC-1,0,29,125,5955,1095
TCAAGCTGCCTTGAAA-1,0,28,126,6060,1034
CTCATTAACGTTGCCC-1,0,29,127,5954,974
GTCTTCCTCACCTAAG-1,0,30,0,5862,8674
GGTGATGAAGGAAGTG-1,0,31,1,5756,8614
TCAATACAATTGCTGC-1,0,30,2,5861,8553
GCAACCCAAGTTGTTT-1,0,31,3,5756,8492
ATGAAGTGGACCCAGC-1,0,30,4,5861,8432
GAGAATCTCACGATCA-1,0,31,5,5756,8371
TATATCATTGATCAGT-1,0,30,6,5861,8310
AACTTTACGGGAGCTT-1,0,31,7,5755,8250
TTCTTGTGTCCATCAG-1,0,30,8,5861,8189
ACAATTTAGGAGGCTC-1,0,31,9,5755,8129
ATACTTGTTCTCGAGC-1,1,30,10,5861,8068
CACGGGATTGAGGGTT-1,1,31,11,5755,8007
GTTAATGTCTATCTTA-1,1,30,12,5860,7947
GCGTTATATTTGGAAC-1,1,31,13,5755,7886
CGTCAAGGCTATAAAT-1,1,30,14,5860,7825
TTAGCTCTGTAATCCG-1,1,31,15,5755,7765
AATGGTCCACCGTTCA-1,1,30,16,5860,7704
GTCATTGCATTGACCC-1,1,31,17,5754,7644
TGTCCGTGGCGCCTTT-1,1,30,18,5860,7583
TCAACTAACGTATAAC-1,1,31,19,5754,7522
TCCTCTCCAGTTGTCC-1,1,30,20,5860,7462
TGTGTTCGTATCCAAG-1,1,31,21,5754,7401
CCGCGTAGGTAAGGGC-1,1,30,22,5859,7340
CTGCGGGTGAAATGTT-1,1,31,23,5754,7280
TATCTACAGAGGTAAT-1,1,30,24,5859,7219
CTACTCTAGGCCCGGC-1,1,31,25,5754,7159
ACAAGCAGTGCCTAGC-1,1,30,26,5859,7098
TACAAGTCTCGTGCAT-1,1,31,27,5753,7037
TCGGAATGCGCTCTGA-1,1,30,28,5859,6976
TCGCGTCCAGAAGGTC-1,1,31,29,5753,6916
TATGGCCCGGCCTCGC-1,1,30,30,5859,6855
GCTGGCATATTCACCT-1,1,31,31,5753,6795
GTCAGAATAGTCTATG-1,1,30,32,5858,6734
GGCGTCCTATCCGCTG-1,1,31,33,5753,6673
CGGAGTTTGAGAGACA-1,1,30,34,5858,6613
AGCACTTAAGGACGCC-1,1,31,35,5753,6552
TCCACAATGGTTTACG-1,1,30,36,5858,6491
CCAACGATGCACTGAT-1,1,31,37,5752,6431
ATTTACAGTTTACTGG-1,1,30,38,5858,6370
CCCTGAAATGAGTTGA-1,1,31,39,5752,6310
CAAACGGTCGCACTTT-1,1,30,40,5858,6249
TGATTCGTCTATCACT-1,1,31,41,5752,6188
TCAGGTTCTTTGAGAA-1,1,30,42,5857,6128
CACGCAGCGAGGCTTT-1,1,31,43,5752,6067
TTAAGCGCCTGACCCA-1,1,30,44,5857,6006
CTTACACGGTATTCCA-1,1,31,45,5752,5946
AAGGCTGTGCTCATCG-1,1,30,46,5857,5885
GACCAGAGCCCTGTAG-1,1,31,47,5751,5825
TCCCAGGCTTAGCTAA-1,0,30,48,5857,5764
ATTGAAGATCTTAGTG-1,0,31,49,5751,5703
AGTTCCTACAGAATTA-1,0,30,50,5857,5643
GGGCTGGTTAGTCGCG-1,0,31,51,5751,5582
GAAATGGCGGTGTTAG-1,0,30,52,5856,5521
TACGAACACGACTTCA-1,0,31,53,5751,5461
ACCACAAGTTTCTATC-1,0,30,54,5856,5400
ATATTTAACCCTCAAG-1,0,31,55,5751,5340
GATCATTCCAAACATT-1,0,30,56,5856,5279
TCCAGGCGAGTACGGT-1,0,31,57,5750,5218
GTTTGACCAAATCCTA-1,0,30,58,5856,5157
CACAGCACCCACGGCA-1,0,31,59,5750,5097
TGCAAGAATGACGTAA-1,0,30,60,5856,5036
GCGAAGCCATACCCGT-1,0,31,61,5750,4976
TCCTTTCTTACGCTTA-1,0,30,62,5855,4915
GCTGCTCTCCGGACAC-1,0,31,63,5750,4854
ACTGTCTTCTTTAGAA-1,0,30,64,5855,4794
TCAAACTTAGATTGTT-1,0,31,65,5750,4733
CTATGTCACTAGCCCA-1,0,30,66,5855,4672
TGCGCAAAGCATTTGG-1,0,31,67,5749,4612
TTAATGTAGACCAGGT-1,0,30,68,5855,4551
GGCGGTAGGATCATTG-1,0,31,69,5749,4491
GGCAATAGTCAATGAG-1,0,30,70,5855,4430
ACACGAGACTCCTTCT-1,0,31,71,5749,4369
GACACAAGGGAAGAAA-1,0,30,72,5854,4309
TCAGCAAATGCATCTC-1,0,31,73,5749,4248
GAGATCTGTCACTCCG-1,0,30,74,5854,4187
ATGCCGGTCTTGCATA-1,0,31,75,5749,4127
TTGGGCGGCGGTTGCC-1,1,30,76,5854,4066
TTGTTGTGTGTCAAGA-1,1,31,77,5748,4006
ACTGTACGATACACAT-1,1,30,78,5854,3945
TCCACTTTATCTAGGT-1,1,31,79,5748,3884
GGTCTGAGAATCTGGA-1,1,30,80,5854,3823
TAGAAAGGTGGCGCTA-1,1,31,81,5748,3763
TATGTCTCATTGTGCC-1,1,30,82,5853,3702
GGATTTCACTTCTATA-1,1,31,83,5748,3642
TGAGTGGTCCGTGACG-1,1,30,84,5853,3581
CGCTTTCTTGCATTCG-1,1,31,85,5748,3520
ACCCAACGCCCGTGGC-1,1,30,86,5853,3460
GAACGTCTCATGGTCG-1,1,31,87,5747,3399
AGGGTTCCCTTTGGTT-1,1,30,88,5853,3338
GTAGCTTCCTCTTGTT-1,1,31,89,5747,3278
GCATGAGGGACGCGGC-1,1,30,90,5853,3217
CTACCCTAAGGTCATA-1,1,31,91,5747,3157
TCACCGCTCGGCACTC-1,1,30,92,5852,3096
GGCTCGCGTTGAGGTA-1,1,31,93,5747,3035
CTAACGAAACTTGCTG-1,1,30,94,5852,2975
TTAAACTCGAATTCAT-1,1,31,95,5747,2914
TACTTTACTGAGCCGG-1,1,30,96,5852,2853
GCTTGGATCGATTAGG-1,1,31,97,5746,2793
CGGTTATCCAACAGTG-1,1,30,98,5852,2732
CAGACCTGTAAGTGTT-1,1,31,99,5746,2672
GACGGTCAATAGAAGC-1,1,30,100,5852,2611
CTGACTGCGCAGCTCG-1,1,31,101,5746,2550
CCATACCTTTACTTGT-1,1,30,102,5851,2490
GTAATAAAGGGCTCCC-1,1,31,103,5746,2429
GTGAACTCCCATTCGA-1,1,30,104,5851,2368
GTGGTTACTTCTTTCG-1,1,31,105,5746,2308
TCAGAACCTCCACAGG-1,1,30,106,5851,2247
TCCCACTCTCTTCCGG-1,1,31,107,5745,2187
ATCTTGACTTGTCCAA-1,1,30,108,5851,2126
TCGGGAACGTGCCTAG-1,0,31,109,5745,2065
GTTAGCCGTAAATCAA-1,1,30,110,5851,2004
ATTTACTAAGTCCATT-1,0,31,111,5745,1944
GGGTGCATATGAAAGC-1,1,30,112,5850,1883
TCCGAATGGTCCTGAG-1,0,31,113,5745,1823
TGATGGCTGTTTCTGA-1,1,30,114,5850,1762
AAATAAGGTAGTGCCC-1,0,31,115,5745,1701
CCACTATCCGGGTCAC-1,0,30,116,5850,1641
ACACCACATAATTAGC-1,0,31,117,5744,1580
CGCGGTAAGTCTAGCT-1,0,30,118,5850,1519
GCGGGCATTACGATGC-1,0,31,119,5744,1459
AGGATTGCTTACGACA-1,0,30,120,5850,1398
CTCGGGATAACACCTA-1,0,31,121,5744,1338
GTCGTCTGGTTGGCTA-1,0,30,122,5849,1277
GCAATTAGTCGCACCG-1,0,31,123,5744,1216
GTGACCTAAAGAATAA-1,0,30,124,5849,1156
CTGAGCGAGACTTATT-1,0,31,125,5744,1095
CAAGACTCAGAAGCGC-1,0,30,126,5849,1034
ACTTCGCTAGCGAGTG-1,0,31,127,5743,974
CCATACTCGCCTCTCC-1,0,32,0,5651,8675
ACGATACCTATCCTGA-1,0,33,1,5545,8614
CTCACCAGTACAAGTG-1,0,32,2,5650,8553
CGAAGACGGTGAGTGC-1,0,33,3,5545,8493
AAATTAATAAGCGCGA-1,0,32,4,5650,8432
GGGCCCTTATCTATAC-1,0,33,5,5545,8372
CTGCCCACGAAGCGTT-1,0,32,6,5650,8311
GGACAAGTTGCAGTGA-1,0,33,7,5544,8250
GTCCGAGAGCAATCAT-1,0,32,8,5650,8189
ATGGCAGCCGAGAAAC-1,0,33,9,5544,8129
CCTCGGATGCTACCTG-1,1,32,10,5650,8068
ATACGGTGAAGATGCA-1,1,33,11,5544,8008
ACATCAGCTGGGACGC-1,1,32,12,5649,7947
GGTTGTGTAGCCTGGC-1,1,33,13,5544,7886
CCTGCGTTCTACGCTT-1,1,32,14,5649,7826
GAACGTTAGGAAGACG-1,1,33,15,5544,7765
CTGATAGTGTATCTCA-1,1,32,16,5649,7704
TTCTGCGAGCGCCCTT-1,0,33,17,5543,7644
CTTTGGCGCTTTATAC-1,1,32,18,5649,7583
TCCGAACTTGGCTTAC-1,1,33,19,5543,7523
TAGATTCCTGGTTATT-1,1,32,20,5649,7462
CCGACAAAGGGAGTGC-1,1,33,21,5543,7401
CCATGGCCCTTGTACC-1,1,32,22,5648,7341
GAAATATCACCATCAG-1,1,33,23,5543,7280
ACGAAATGGGCGGCAC-1,1,32,24,5648,7219
GTGAGCGTGCTGCACT-1,1,33,25,5543,7159
CCGCGGGTACGAAGAA-1,1,32,26,5648,7098
TCCCTGGCTCGCTGGA-1,1,33,27,5542,7038
CAGCTTAGTAGGTAGC-1,1,32,28,5648,6977
CACGAAAGTTAGTCCC-1,1,33,29,5542,6916
ACCTAATCGACTTCCT-1,1,32,30,5648,6856
AAGTAGTGACGCGAGG-1,1,33,31,5542,6795
TCCGATTACATTGCCG-1,1,32,32,5647,6734
CCTCCGACAATTCAAG-1,1,33,33,5542,6674
GTTCACAGGAGTCTAG-1,1,32,34,5647,6613
CGAAGTTGCTCTGTGT-1,1,33,35,5542,6553
GTCGGATATCTCAGAC-1,1,32,36,5647,6492
CGCTCTCCGTAGATTA-1,1,33,37,5541,6431
CAAGCAACGTCGGAGT-1,1,32,38,5647,6370
CCATTCCCTGCCCACA-1,1,33,39,5541,6310
CTTTGGCTTTAGTAAA-1,1,32,40,5647,6249
GGCTATTAAGTTGTAT-1,1,33,41,5541,6189
CCATTAGCGATAATCC-1,1,32,42,5646,6128
TGTTCTTCCATTGACT-1,1,33,43,5541,6067
AGATAACTTCAGGGCC-1,1,32,44,5646,6007
ATAGACGAAGAGAAAG-1,1,33,45,5541,5946
GGCGGAGTAATATTAG-1,1,32,46,5646,5885
TGACCCACGTTAGACA-1,1,33,47,5540,5825
TCACAGGTTATTGGGC-1,0,32,48,5646,5764
TCACGCATTGTAGATC-1,0,33,49,5540,5704
TTGAAGAATTCCCAGG-1,0,32,50,5646,5643
AAATGGTCAATGTGCC-1,0,33,51,5540,5582
TAGTGCCCTCCAGAGT-1,0,32,52,5645,5522
GGTATTGCCGAGTTTA-1,0,33,53,5540,5461
CGTATTAAGAGATCTA-1,0,32,54,5645,5400
ACTGTCCAGGATTATA-1,0,33,55,5540,5340
CGGGCAGCTAAACCGC-1,0,32,56,5645,5279
TTGCTGATCATGTTCG-1,0,33,57,5539,5219
TATGGGTACGTATCGT-1,0,32,58,5645,5158
CAGCTCACTGAGACAT-1,0,33,59,5539,5097
GGGACTGCATAGATAG-1,0,32,60,5645,5037
ACGCATTCGTGAGTAC-1,0,33,61,5539,4976
CTCTGGACGCCTGGTG-1,0,32,62,5644,4915
AGGGTTTAGTTCGGGA-1,0,33,63,5539,4855
GGGAGAACTCACAGTA-1,0,32,64,5644,4794
ATCAATCTGGGCTGCA-1,0,33,65,5539,4734
TCTTCGATACCAATAA-1,0,32,66,5644,4673
ACGTAGATTGCTGATG-1,0,33,67,5538,4612
TCTTGATGCGTAGCGA-1,0,32,68,5644,4551
GGGCTGCCTAGGGCGA-1,0,33,69,5538,4491
CTCTCACAATCGATGA-1,0,32,70,5644,4430
CCAAGCGTAACTCGTA-1,0,33,71,5538,4370
ACAACAGCATGAGCTA-1,0,32,72,5643,4309
GTCCCAACGTAAAGTA-1,0,33,73,5538,4248
TCGGAGTACATGAGTA-1,0,32,74,5643,4188
GGGAGTTAATGAGGCG-1,1,33,75,5538,4127
CCGGGCGGTCTCGTCA-1,0,32,76,5643,4066
CCGTAAGTTGGTCCCA-1,1,33,77,5537,4006
GGAGGGCTTGGTTGGC-1,1,32,78,5643,3945
TCGGACGCCCAGCCCA-1,1,33,79,5537,3885
TCTGTGCCATCATAGT-1,1,32,80,5643,3824
GTACTGGAGTTAGACC-1,1,33,81,5537,3763
GGAATGCGCTAGCGTG-1,1,32,82,5642,3703
GTGTGAATAACTTAGG-1,1,33,83,5537,3642
GGTCGGCCAGGAGCTT-1,1,32,84,5642,3581
TAGCCGGCGGTCAGCG-1,1,33,85,5537,3521
CGGGTGTACCCATTTA-1,1,32,86,5642,3460
AGTGATTCAAGCAGGA-1,1,33,87,5536,3400
GTTGGATTGAGAACAC-1,1,32,88,5642,3339
CACACGCGCTGTCTTA-1,1,33,89,5536,3278
TAGACGCCCGTACCGG-1,1,32,90,5642,3217
GGTTTCAATCGGTCAG-1,1,33,91,5536,3157
AATCTGCGTTGGGACG-1,1,32,92,5641,3096
TTACGGATGGTTCGAG-1,1,33,93,5536,3036
CGGCAGGGTCGGGTTG-1,1,32,94,5641,2975
GCTTTCAGAGGAGGTG-1,1,33,95,5536,2914
TCTTCCCATGGGCACA-1,1,32,96,5641,2854
TACCGCGGACTTGCAG-1,1,33,97,5535,2793
AGAATTATGGATTCGA-1,1,32,98,5641,2732
ATTGATGAGTCCTAAC-1,1,33,99,5535,2672
TAGGTCGCCGGAACTG-1,1,32,100,5641,2611
TAACCTACCGTCCGAG-1,1,33,101,5535,2551
CTTAGTAGGCCTACAG-1,1,32,102,5640,2490
CTAGATGTGAGTGTAA-1,1,33,103,5535,2429
ACTCCCGAATTCGTTT-1,1,32,104,5640,2369
GTTCATCGTTTGGCTG-1,1,33,105,5535,2308
ACTTTACCCTCATGAA-1,0,32,106,5640,2247
GCGAGAGTTGCGTCCA-1,1,33,107,5534,2187
GTTCGGGCGTACCATT-1,1,32,108,5640,2126
CGACTTTGTATAGCCT-1,1,33,109,5534,2066
GCCATCGATGCTGCAT-1,1,32,110,5640,2005
GCATTTCCAAGGCTCC-1,1,33,111,5534,1944
ATGTAAGGCTGCTCTT-1,0,32,112,5639,1884
ACGTTCGCAATCAATT-1,1,33,113,5534,1823
GTGACGAGGGTGACCC-1,1,32,114,5639,1762
ATTATAGCTACTTTAC-1,1,33,115,5534,1702
CGTGTGTTAAACCCTG-1,0,32,116,5639,1641
TTGGTATGGCTTGTGT-1,0,33,117,5533,1581
CATTCCCATTCCGTCG-1,0,32,118,5639,1520
TGCCGAAAGCGTATTC-1,0,33,119,5533,1459
CAACACATCTCCTGCC-1,0,32,120,5639,1398
CTGCCTCATATGCAAC-1,0,33,121,5533,1338
TCCCGCCTATGTGCGT-1,0,32,122,5638,1277
GGTTACCCGACACTTT-1,0,33,123,5533,1217
CCAGCGGGATCACCAG-1,0,32,124,5638,1156
ATGTTTCGGCCCGGAG-1,0,33,125,5533,1095
GCGTCTAACCTCCTAA-1,0,32,126,5638,1035
ATCAGGTAGCTGACAG-1,0,33,127,5532,974
GGTATGAAAGAACTGA-1,0,34,0,5440,8675
GTGGCCTAATATCATT-1,0,35,1,5334,8614
CCTGTGAAACCGTAAC-1,0,34,2,5439,8554
GGCAGAGAGATCGGGA-1,0,35,3,5334,8493
TAGCGTCGAATATTGA-1,0,34,4,5439,8432
CGCCGACTATTCGCTA-1,0,35,5,5334,8372
TCTGGCGCAAGCCGGG-1,0,34,6,5439,8311
AGTGGTTGCGTATAGG-1,0,35,7,5333,8251
ATCGGTTACCTAGTAA-1,0,34,8,5439,8190
CCTGCCCGTTGTCTAG-1,0,35,9,5333,8129
GCACACGCCCATGGTC-1,0,34,10,5439,8069
AGTACGGCCCGTATCG-1,0,35,11,5333,8008
TATCTAGCCTAAAGGA-1,1,34,12,5438,7947
CACTCGGTTAGGAGGA-1,0,35,13,5333,7887
ATGTTCGTCGACCCAC-1,1,34,14,5438,7826
TTCCTCTGCCCGAATA-1,0,35,15,5333,7766
TTACTATCGGCTTCTC-1,0,34,16,5438,7705
GCCGCATTAGTCCGGC-1,0,35,17,5332,7644
TAAGGGCTGGGAGAGG-1,0,34,18,5438,7583
TAAGCAGGCGACACGC-1,0,35,19,5332,7523
AGCACTACCGGCCTGT-1,1,34,20,5438,7462
GAAAGCCCTTTGGACC-1,1,35,21,5332,7402
GACCGACTGAAGCGTC-1,1,34,22,5437,7341
CGGTGAAGACTAAAGT-1,1,35,23,5332,7280
CCCTGCGCTACGCATA-1,1,34,24,5437,7220
TACTGGACAGCTCGGC-1,1,35,25,5332,7159
TTAGTAGGGCGGCGGG-1,1,34,26,5437,7098
GAGGCTATCAAAGTCG-1,1,35,27,5331,7038
TTACCATTGATTACCC-1,1,34,28,5437,6977
ATACCACGGGCAACTT-1,1,35,29,5331,6917
TGTCCTAAGTCACCGC-1,1,34,30,5437,6856
AGGTAGGTACAAAGCT-1,1,35,31,5331,6795
GGCATACAGGTAGCGG-1,1,34,32,5436,6735
TGTAGTGATCTATAAT-1,1,35,33,5331,6674
TCCCGGGTGTGCTGCT-1,1,34,34,5436,6613
TACGATGTTGATCATC-1,1,35,35,5331,6553
CCTCTCTCCCATCTAG-1,1,34,36,5436,6492
GCAGGACTATAGAATA-1,1,35,37,5330,6432
CTAGTGAAGGACAGGA-1,1,34,38,5436,6371
TACGAGAACTTCACGT-1,1,35,39,5330,6310
CGTTGTTTCAATTCCC-1,1,34,40,5436,6250
GCAAATATTACGCTTT-1,1,35,41,5330,6189
CCAATAGTGCCGTCGA-1,1,34,42,5435,6128
ATTGCTGCTCCTCCAT-1,1,35,43,5330,6068
GAGATCTGCTTGGCAT-1,1,34,44,5435,6007
GCCGAAATTCCTACGT-1,1,35,45,5330,5947
GGCACTCCACTGGGCA-1,1,34,46,5435,5886
GGGTCACCGTGACGGT-1,1,35,47,5329,5825
CACTTAATCAGACGGA-1,1,34,48,5435,5764
CGTTTCGCTCATTACA-1,1,35,49,5329,5704
ATAAAGGCTCGGTCGT-1,0,34,50,5435,5643
CACTAAAGTTGCCTAT-1,0,35,51,5329,5583
GTGCTCAAGTACTGTC-1,0,34,52,5434,5522
CCATGCCTGTTTAGTA-1,0,35,53,5329,5461
TCTAGTTATCAGAAGA-1,0,34,54,5434,5401
TTGTAATCCGTACTCG-1,0,35,55,5329,5340
TCCCAGCTTTAGTCTG-1,0,34,56,5434,5279
CTACGCACGGAGTACC-1,0,35,57,5328,5219
AAATTAACGGGTAGCT-1,0,34,58,5434,5158
CGGCCACGCACAAAGT-1,0,35,59,5328,5098
GAAGCGTGAGGAATTT-1,0,34,60,5434,5037
ATATCTTAGGGCCTTC-1,0,35,61,5328,4976
ACGCGGGCCAAGGACA-1,0,34,62,5433,4916
GCGAGTTCTGCAAAGA-1,0,35,63,5328,4855
TATTCGTGCCAGAATA-1,0,34,64,5433,4794
AGGGCTGCAGTTACAG-1,0,35,65,5328,4734
CTAGCATAGTATAATG-1,0,34,66,5433,4673
TAGGTTCGAGTTCGTC-1,0,35,67,5327,4613
GAATTATAGTGAAAGG-1,0,34,68,5433,4552
CTATCGGGTCTCAACA-1,0,35,69,5327,4491
GCGCTAATTGAATAGA-1,0,34,70,5433,4431
ATGCGACAGTCCCATT-1,0,35,71,5327,4370
GGTAGTGCTCGCACCA-1,0,34,72,5432,4309
AAGCTCGTGCCAAGTC-1,1,35,73,5327,4249
TATTCAATTCTAATCC-1,0,34,74,5432,4188
TTCAAAGTCTCTAGCC-1,0,35,75,5327,4128
TTGAATATGGACTTTC-1,1,34,76,5432,4067
AAGAGCTCTTTATCGG-1,1,35,77,5326,4006
TTACTCCGGCCGGGAA-1,1,34,78,5432,3945
AAACGAGACGGTTGAT-1,1,35,79,5326,3885
GCTAAGTAGTTTCTCT-1,1,34,80,5432,3824
ATAACGCCGGAGGGTC-1,1,35,81,5326,3764
GGATCCGGAATATACT-1,1,34,82,5431,3703
TGAAAGGACCTGACTC-1,1,35,83,5326,3642
TCCGCGGCAGCATCTG-1,1,34,84,5431,3582
TGCATATGTCTGTCAC-1,1,35,85,5326,3521
TGTAGGAGAAATTTCC-1,1,34,86,5431,3460
AGTGAGACTTCCAGTA-1,1,35,87,5325,3400
CCCAAACATGCTGCTC-1,1,34,88,5431,3339
GCTTATGAAGCAGGAA-1,1,35,89,5325,3279
TTCTAACCGAAGCTTA-1,1,34,90,5431,3218
GGATGTCCTTACCGCA-1,1,35,91,5325,3157
AGGGTGCTCTCGAGGG-1,1,34,92,5430,3097
AACTCTCAATAGAGCG-1,1,35,93,5325,3036
TCTGAATTCCGTACAA-1,1,34,94,5430,2975
GCGTGGTACTGGGTTA-1,1,35,95,5325,2915
CGTCGGATAGTGTTGA-1,1,34,96,5430,2854
ATATGTCTCCCTAGCC-1,1,35,97,5324,2794
TCTTTAAGACTATGAA-1,1,34,98,5430,2733
TCATTTAAGTCTCCGA-1,1,35,99,5324,2672
GATATTGAGATTGGCG-1,1,34,100,5430,2611
TGACATCGAGCGGACC-1,1,35,101,5324,2551
GCGTAAATGGCCATAA-1,1,34,102,5429,2490
ATTGTACAACTCGGCT-1,1,35,103,5324,2430
TACGCTATAGAAACCT-1,1,34,104,5429,2369
CACCCAAATCTTATGT-1,1,35,105,5324,2309
AGATGATGGAGTCTGG-1,1,34,106,5429,2248
CCACGGTGCCCGGTAG-1,1,35,107,5323,2187
TCAAGAAATACTAGCT-1,1,34,108,5429,2126
AGGTATAATTGATAGT-1,1,35,109,5323,2066
CAAGGTCCTATAGGCT-1,1,34,110,5429,2005
CCGGCACGACCGTTTC-1,0,35,111,5323,1945
ACCTCCGTTATTCACC-1,1,34,112,5428,1884
GCAGCCTATATCACAT-1,0,35,113,5323,1823
GGTATAGTGACACATA-1,1,34,114,5428,1763
AAATTCCAGGTCCAAA-1,0,35,115,5323,1702
TCTTTAGCAGGCGAAC-1,0,34,116,5428,1641
TATTGACATTTCTGCC-1,0,35,117,5322,1581
TCTGATCGGGTGCTAG-1,0,34,118,5428,1520
GGCCCGGAGCATGTCT-1,0,35,119,5322,1460
GGGCGCAGCGTTACTC-1,0,34,120,5428,1399
TTGGCGATCCGAATAT-1,0,35,121,5322,1338
CCACGTAAATTAGACT-1,0,34,122,5427,1278
TCTGATTGGAAATGGA-1,0,35,123,5322,1217
ATGGCGGAATAGTCGC-1,0,34,124,5427,1156
ATCGCTTTACGTCTCA-1,0,35,125,5322,1096
TACGTGCAAGGTTCCT-1,0,34,126,5427,1035
CAGGACAGCTGCCCTT-1,0,35,127,5321,975
CAAACCAGGTCTGCAT-1,0,36,0,5229,8675
ACAAGCTATATGGAAG-1,0,37,1,5123,8615
TCGCCCACTGCGAGAG-1,0,36,2,5228,8554
AGCCGCAAATTCAAAT-1,0,37,3,5123,8494
TTAACGTTAAAGCCTG-1,0,36,4,5228,8433
CAGCGCCAACACGATA-1,0,37,5,5123,8372
ATCCAATGGTACCGAA-1,0,36,6,5228,8311
GTGCTGCAGATAAGGA-1,0,37,7,5122,8251
GGCCTTTGCAACTGGC-1,0,36,8,5228,8190
GTCGTACCTACGATTG-1,0,37,9,5122,8130
TAGAAATTCACGTATA-1,0,36,10,5228,8069
AGAATAAATCTTCAGG-1,0,37,11,5122,8008
CATTGCGAAATGGGCG-1,0,36,12,5227,7948
GTCTACTCAATTACAA-1,0,37,13,5122,7887
TGTAATGACCACAATA-1,0,36,14,5227,7826
AAAGTCGACCCTCAGT-1,0,37,15,5122,7766
TACTCGGCACGCCGGG-1,0,36,16,5227,7705
AGGTGTATCGCCATGA-1,0,37,17,5121,7645
TGTGCTTTACGTAAGA-1,0,36,18,5227,7584
AAACCTCATGAAGTTG-1,0,37,19,5121,7523
TATAGGGTACTCATGA-1,0,36,20,5227,7463
CCAGCTGATGGTACTT-1,1,37,21,5121,7402
AATATTGGAGTATTGA-1,1,36,22,5226,7341
GGCCCTCACCCACTTA-1,1,37,23,5121,7281
AACCAAGACTTCTCTG-1,1,36,24,5226,7220
TCGTATTACCCATTGC-1,1,37,25,5121,7160
ATTCGACGCCGGGCCT-1,1,36,26,5226,7099
GGCGCAGGACATCTTC-1,1,37,27,5120,7038
GTACTCCCTTATCGCT-1,1,36,28,5226,6978
TGGTCTGTTGGGCGTA-1,1,37,29,5120,6917
AATAACAACGCTCGGC-1,1,36,30,5226,6856
CATACCCGTACCCAGT-1,1,37,31,5120,6796
ACAATCCATTTAAACC-1,1,36,32,5225,6735
GTTACAATTGGTGACG-1,1,37,33,5120,6675
TTGCCCTGATCACGGG-1,1,36,34,5225,6614
CTAACCGCGCGCCCGT-1,1,37,35,5120,6553
CTAAAGAATGCCTACT-1,1,36,36,5225,6492
ACCCATCTTGAGGGTA-1,1,37,37,5119,6432
GATCTTTGCAGGGTAT-1,1,36,38,5225,6371
GGGTACTTCATGAACT-1,1,37,39,5119,6311
GCCGCTTGTGAGAAAC-1,1,36,40,5225,6250
CCTGTAAGACATGATA-1,1,37,41,5119,6189
CGACAGTTCGCGTTAT-1,1,36,42,5224,6129
ACGATGCATATGTTAT-1,1,37,43,5119,6068
TGTTCCGCTTCCATGA-1,1,36,44,5224,6007
GGATGACGCGAGTTTA-1,1,37,45,5119,5947
GAAGTTTCCACTCAAT-1,1,36,46,5224,5886
GCGAGGCCCGAGCAGA-1,0,37,47,5118,5826
CATACTATGTAATTGT-1,1,36,48,5224,5765
CCAATGTCACAGCAAG-1,0,37,49,5118,5704
GTTGGATTTGCGTTGG-1,0,36,50,5224,5644
GGGAGGATGCCCGAAA-1,0,37,51,5118,5583
GATCGCGGGCTCTCCA-1,0,36,52,5223,5522
GTTCGCCATAAGTGCC-1,0,37,53,5118,5462
AGATTATAGGACGTTT-1,0,36,54,5223,5401
TCGAGACCAACACCGT-1,0,37,55,5118,5341
TATGGGACCGAGCAGG-1,0,36,56,5223,5280
GATGCGTCCTGCATTC-1,0,37,57,5117,5219
TATGGTCTGAGTAACA-1,0,36,58,5223,5158
GCATAGAGCACTCAGG-1,0,37,59,5117,5098
CTTCATTGTCAGTGGA-1,0,36,60,5223,5037
GCAGATTAGGGATATC-1,0,37,61,5117,4977
CCTGTCGCCCGTAAAT-1,0,36,62,5222,4916
CAATTTCGTATAAGGG-1,0,37,63,5117,4855
GTACACTTACCTGAAG-1,0,36,64,5222,4795
CCAGCCTGGACCAATA-1,0,37,65,5117,4734
ATGGAGCAGGCCGTGA-1,0,36,66,5222,4673
GTCATTAGAGCGAACG-1,0,37,67,5116,4613
AAGACTGCAAGCTACT-1,0,36,68,5222,4552
CTAGTCACGTCTTAAG-1,0,37,69,5116,4492
ACTCTTGTATAGTAAC-1,0,36,70,5222,4431
ATTAGGCGATGCTTTC-1,0,37,71,5116,4370
TTCGGGACTAATCGCG-1,1,36,72,5221,4310
TGGACTGTTCGCTCAA-1,0,37,73,5116,4249
AACGTGCGAAAGTCTC-1,0,36,74,5221,4188
CCACCCAAGGAAAGTG-1,0,37,75,5116,4128
CCGCACAAAGACCAAC-1,0,36,76,5221,4067
GCGATTGTTAACGTTA-1,1,37,77,5115,4007
ACTCGTCAGTAATCCC-1,1,36,78,5221,3946
GGTGATAAGGAGCAGT-1,1,37,79,5115,3885
AAGAGGCATGGATCGC-1,1,36,80,5221,3825
CACGTTCGTGCTCTAG-1,1,37,81,5115,3764
CTATTTGGTTACGGAT-1,1,36,82,5220,3703
GTACAGAGGCAAGGGT-1,1,37,83,5115,3643
GGGCCGGCCGAAGTAC-1,1,36,84,5220,3582
CCTGAACGATATATTC-1,1,37,85,5115,3522
CCGGGCTGCTCCATAC-1,1,36,86,5220,3461
TACTTGTTAGTAGTCC-1,1,37,87,5114,3400
CCTAGGCGTAGCGATC-1,1,36,88,5220,3339
CTGGCGCACAGGTCTG-1,1,37,89,5114,3279
ACTTATACTTACCCGG-1,1,36,90,5220,3218
GAAGTCTCCCTAGCGA-1,1,37,91,5114,3158
ACCGATGGTAGCATCG-1,1,36,92,5219,3097
CGAGTTTATCGGACTG-1,1,37,93,5114,3036
CATAACGGACAGTCGT-1,1,36,94,5219,2976
TGACGATGCACTAGAA-1,1,37,95,5114,2915
TAGGGAGCTTGGGATG-1,1,36,96,5219,2854
AGGGTCGATGCGAACT-1,1,37,97,5113,2794
TATATCCCTGGGAGGA-1,1,36,98,5219,2733
CATCTTACACCACCTC-1,1,37,99,5113,2673
GTGCGACAGGGAGTGT-1,1,36,100,5219,2612
CCGATCTCAACCTTAT-1,1,37,101,5113,2551
ACGATCATCTTGTAAA-1,1,36,102,5218,2491
GAAAGAACAGCGTTAT-1,1,37,103,5113,2430
CTAGGTCTGAAGGAAT-1,1,36,104,5218,2369
ATATCAACCTACAGAG-1,1,37,105,5113,2309
AAATAGCTTAGACTTT-1,1,36,106,5218,2248
GCGACATGTAAACATC-1,1,37,107,5112,2188
ATAAGTAGGGCGACTC-1,1,36,108,5218,2127
GCGAGCGCATGCTCCC-1,1,37,109,5112,2066
AGGGACCGGCTGCGTT-1,1,36,110,5218,2006
CCTATGAAGTGGTGCC-1,0,37,111,5112,1945
GCTTACGTAGTTAGTA-1,0,36,112,5217,1884
CATACTTAGGCAATAC-1,0,37,113,5112,1824
CCTGTCCCTCACGTTA-1,0,36,114,5217,1763
CAATGTGCCAACCCTT-1,0,37,115,5112,1703
GTTAAGTTAGAGTGGG-1,0,36,116,5217,1642
CTGGGATACGCTACCC-1,0,37,117,5111,1581
AACCTGTCACGGAATT-1,0,36,118,5217,1520
ACTGCGGACACACCGT-1,0,37,119,5111,1460
CCGTGAGGCATTCATG-1,0,36,120,5217,1399
GCCCAGATGCTGGAGA-1,0,37,121,5111,1339
TCTGGCCGTTCAAGTT-1,0,36,122,5216,1278
ATACGAAGGCTTTCCA-1,0,37,123,5111,1217
GATCCGAATATAAGTG-1,0,36,124,5216,1157
GTGGAGCATGTCGGCC-1,0,37,125,5111,1096
ACTCTTCAGCTCCCGC-1,0,36,126,5216,1035
CCCGATAGCCTCGCCT-1,0,37,127,5110,975
ACAGGTGTGTTGTTGC-1,0,38,0,5018,8676
TGAACTGCTATGACTT-1,0,39,1,4912,8615
TGACATATATGACGAT-1,0,38,2,5017,8554
AAGTCTTCTGTGGCCT-1,0,39,3,4912,8494
ACCAGACCATAACAAC-1,0,38,4,5017,8433
TGAGACGTACCTCTCA-1,0,39,5,4912,8373
GACCGTTACATGCGAC-1,0,38,6,5017,8312
GGTTCGGATTATACTA-1,0,39,7,4911,8251
CCTCCTGAGCCCACAT-1,0,38,8,5017,8191
CCGCGATTTGGTAGGT-1,0,39,9,4911,8130
AATCTCTACTGTGGTT-1,0,38,10,5017,8069
ACTTTGACTGCATCCT-1,0,39,11,4911,8009
CCCTGACTAACAAATT-1,0,38,12,5016,7948
ACGCTGTGAGGCGTAG-1,0,39,13,4911,7888
GCATACGAGGTCTTTA-1,0,38,14,5016,7827
TCGGGATTCAAACATA-1,0,39,15,4911,7766
GGGCCCTACGAAAGGG-1,0,38,16,5016,7705
CGCCAAGAAGCCGAGT-1,0,39,17,4910,7645
GGTACATCTGGGACGA-1,0,38,18,5016,7584
GGATGCTGGCGTTCCT-1,0,39,19,4910,7524
CCGATTCGAGGGACCC-1,0,38,20,5016,7463
CCACTGGTGGCTGGTT-1,0,39,21,4910,7402
GACAGGCACACACTAT-1,0,38,22,5015,7342
TCAACGCGACCGGCAG-1,1,39,23,4910,7281
CTACGACTAGCTATAA-1,1,38,24,5015,7220
CGGTTGACCTGGCATA-1,1,39,25,4910,7160
ATCCTGAATCGCTGCG-1,1,38,26,5015,7099
GTTTCATATCGTCGCT-1,1,39,27,4909,7039
ATAAATATTAGCAGCT-1,1,38,28,5015,6978
AAGAGGATGTACGCGA-1,1,39,29,4909,6917
TCCTGCGTTGATACTC-1,1,38,30,5015,6857
CGTGCATTGTCGACGC-1,1,39,31,4909,6796
CCGGGTTCGAGGTTAC-1,1,38,32,5014,6735
CCCAATTTCACAACTT-1,1,39,33,4909,6675
TGATTTATTAGCTGTG-1,1,38,34,5014,6614
TGGAAGAAGGGAACGT-1,1,39,35,4909,6554
GACGCTTGCTTCTAAA-1,1,38,36,5014,6493
GGGAACGGGAGGTTAG-1,1,39,37,4908,6432
GCGGCTCTGACGTACC-1,1,38,38,5014,6372
ACGTTAGATTTGCCCG-1,1,39,39,4908,6311
GAGAGGGCGCGAGGTT-1,1,38,40,5014,6250
GCGTCTCTGCATTGGG-1,1,39,41,4908,6190
GCAGCACACAGCCCAG-1,1,38,42,5013,6129
CAGGCCGTTTGGGTGT-1,1,39,43,4908,6069
AACTCAAGTTAATTGC-1,1,38,44,5013,6008
CTTCGTAGATAGGTGA-1,1,39,45,4908,5947
TGCAGAGTACCGAGCA-1,1,38,46,5013,5886
GAAGTGATTTATCGTG-1,1,39,47,4907,5826
CGCTACGGGACATTTA-1,1,38,48,5013,5765
CCACACTGAGATATTA-1,1,39,49,4907,5705
CGATCCGACCCAGTGC-1,1,38,50,5013,5644
CTGTACTTCTTAGCAT-1,1,39,51,4907,5583
ACTTATTAGGATCGGT-1,0,38,52,5012,5523
TAGTCCGCAGAGAATG-1,0,39,53,4907,5462
TTCACGAAAGGATCAC-1,0,38,54,5012,5401
TACATTTCTAACGTGC-1,0,39,55,4907,5341
ACCATATCCGCAATAA-1,0,38,56,5012,5280
CACTCAAGAGCTATGG-1,0,39,57,4906,5220
TGTACGAACAAATCCG-1,0,38,58,5012,5159
ATCATCCAATATTTGT-1,0,39,59,4906,5098
CGCTATTCTTAGGCTC-1,0,38,60,5012,5038
TGGCAGCAGTAATAGT-1,0,39,61,4906,4977
TCACGTGCCCGATTCA-1,0,38,62,5011,4916
CATACGGCGTCTGGGC-1,0,39,63,4906,4856
CACATGATTCAGCAAC-1,0,38,64,5011,4795
GCTAGTAGAGCTTGTA-1,0,39,65,4906,4735
TGCTGTTGAAGAACTC-1,0,38,66,5011,4674
CGGAGCATGGCGATCC-1,0,39,67,4905,4613
TAGCGTTGGGTCTTAC-1,0,38,68,5011,4552
GTAGCGGCTATACACT-1,0,39,69,4905,4492
TAACATACAATGTGGG-1,0,38,70,5011,4431
TCTTCGAATAGACGTT-1,0,39,71,4905,4371
GATCGTGACTGATATC-1,0,38,72,5010,4310
GATCCGGGAATTAACA-1,0,39,73,4905,4249
TTATATACGCTGTCAC-1,0,38,74,5010,4189
GTCGCGTAACCCGTTG-1,0,39,75,4905,4128
AGCTCTAGACGTTCCA-1,1,38,76,5010,4067
GTCAAGCGGACTCGGG-1,1,39,77,4904,4007
CGAGGGACTGCGGTCG-1,1,38,78,5010,3946
AATCGCCTCAGCGCCA-1,1,39,79,4904,3886
CTTGTTGCTGAGTCAA-1,1,38,80,5010,3825
GATATGAGACACTAAC-1,1,39,81,4904,3764
TTATGATCTTAACGAA-1,1,38,82,5009,3704
CGCCGCCCATGCCTGT-1,1,39,83,4904,3643
CTGGGATAAATAATGG-1,1,38,84,5009,3582
GTGCCCGTTCGGATTC-1,1,39,85,4904,3522
TTCAATACTCTGAATC-1,1,38,86,5009,3461
CGCACATGTCCACTAC-1,1,39,87,4903,3401
AGAAGAGCGCCGTTCC-1,1,38,88,5009,3340
GATAACTCGCACTGTG-1,1,39,89,4903,3279
AGTCGACGGTCTCAAG-1,1,38,90,5009,3219
GTGACCGCACACTACG-1,1,39,91,4903,3158
GTATGTGGGTCTAGTT-1,1,38,92,5008,3097
CTTGAGTTAGGGTAAT-1,1,39,93,4903,3037
TTAGCTGATTTGCCGT-1,1,38,94,5008,2976
GCTGTTGCTACCGAAC-1,1,39,95,4903,2916
TATTACCATCCTGCTT-1,1,38,96,5008,2855
TTGAATTCACGTGAGG-1,1,39,97,4902,2794
CCATCTCACCAGTGAA-1,1,38,98,5008,2733
CGCACGTGCGCTATCA-1,1,39,99,4902,2673
ACCCGGATGACGCATC-1,1,38,100,5008,2612
CGCTAGAGACCGCTGC-1,1,39,101,4902,2552
ATAGTTCCACCCACTC-1,1,38,102,5007,2491
GCAGACCCAGCACGTA-1,1,39,103,4902,2430
TAGACTACCTAGCGTT-1,1,38,104,5007,2370
GGTTCTACTCGTCTGA-1,1,39,105,4902,2309
GACTCACCCACGTGAG-1,1,38,106,5007,2248
AGCTCTTCGTAACCTT-1,1,39,107,4901,2188
ACTATCCAGGGCATGG-1,1,38,108,5007,2127
AAGGATCGATCGCTTG-1,1,39,109,4901,2067
ATATCGGTAGGGAGAT-1,0,38,110,5007,2006
TTCCAGACGAGATTTA-1,0,39,111,4901,1945
GACCGACGTGAAAGCA-1,0,38,112,5006,1885
CCTGGAAACGTTCTGC-1,0,39,113,4901,1824
CCGGTAATGGCTAGTC-1,0,38,114,5006,1763
GCCGTGGAAGAAATGT-1,0,39,115,4901,1703
GTCTTGAGGAGCAGTG-1,0,38,116,5006,1642
TCCCAAAGCCCTAAAT-1,0,39,117,4900,1582
TTGAGCGCCACGTGAT-1,0,38,118,5006,1521
TTGAGTCCCGCTGCTG-1,0,39,119,4900,1460
ATGGAACCTTTGCACA-1,0,38,120,5006,1400
GCTAGCACCTGGGCCA-1,0,39,121,4900,1339
CGCCGTCTACCCATCG-1,0,38,122,5005,1278
GATAGGTGTCCCGGGC-1,0,39,123,4900,1218
AGGTATGCGGACATTA-1,0,38,124,5005,1157
TTGGTTCGCTCAAAGG-1,0,39,125,4900,1097
TCTGGAGCGTAAGAGT-1,0,38,126,5005,1036
TGCCTAAATTTAATAG-1,0,39,127,4899,975
TAATTTCCGTCCAGTA-1,0,40,0,4807,8676
TCCTTCAATCCCTACG-1,0,41,1,4701,8615
TACCTATCCCTAGAGG-1,0,40,2,4806,8555
GCATGGGTACTGACGC-1,0,41,3,4701,8494
GTCGGGAACATGGTAG-1,0,40,4,4806,8433
GCAAATGAGGACACTT-1,0,41,5,4701,8373
GAATGGGCTTATCGAC-1,0,40,6,4806,8312
TGGTCGTGCAAGGCAA-1,0,41,7,4700,8252
CACCACGCCACACAGA-1,0,40,8,4806,8191
GAACCTCGACCTACAC-1,0,41,9,4700,8130
CAATACGCTCTGAGGC-1,0,40,10,4806,8070
TGGTAAGCAGGATTGA-1,0,41,11,4700,8009
AGTGGCTCCGTCGGCC-1,0,40,12,4805,7948
GATCGGATAGAACCAT-1,0,41,13,4700,7888
GCTACAGTACGGACCG-1,0,40,14,4805,7827
TCTATTACTAGAGGAT-1,0,41,15,4700,7767
TTCAGGCGTCAAAGCC-1,0,40,16,4805,7706
AGACCGGGAAACCCTG-1,0,41,17,4699,7645
AGAGATCTCTAAAGCG-1,0,40,18,4805,7585
CCCTGCCCAATCCGCT-1,0,41,19,4699,7524
GTGGCGGTCCCAGCGT-1,0,40,20,4805,7463
GCATTGTAATTCATAT-1,0,41,21,4699,7403
CCGTTCCGAATCTCGG-1,0,40,22,4804,7342
AGCTTGATCTTAACTT-1,0,41,23,4699,7282
CCTGTACTCACGCCCA-1,1,40,24,4804,7221
AAGTGACGACCGAATT-1,1,41,25,4699,7160
CTCACTTGGCTGGTAA-1,1,40,26,4804,7099
CGCCTGGCCTACGTAA-1,1,41,27,4698,7039
CCCGTAAGTCTAGGCC-1,1,40,28,4804,6978
TTGGACATGTGGCTTA-1,1,41,29,4698,6918
ATTACGCGCTGGCAGG-1,1,40,30,4804,6857
ACGCGCTACACAGGGT-1,1,41,31,4698,6796
TACGTTTACCGGCAAT-1,1,40,32,4803,6736
CGAAACGCAATTCATG-1,1,41,33,4698,6675
TAGTCTAACAACGAGA-1,1,40,34,4803,6614
TTGCATGCTGATCACG-1,1,41,35,4698,6554
TCTGGGTAGCGCTCAT-1,1,40,36,4803,6493
ACATCGGTCAGCCGCG-1,1,41,37,4697,6433
AGATACCGGTGTTCAC-1,1,40,38,4803,6372
GATTACTGAATTTGGG-1,1,41,39,4697,6311
TCCAACTTTAAATTCT-1,1,40,40,4803,6251
TCCTAGCAAAGAAGCT-1,1,41,41,4697,6190
GTCTATCTGAGTTTCT-1,1,40,42,4802,6129
GATGTTCAATCCACGA-1,0,41,43,4697,6069
AGTTAAACACTTGCGA-1,0,40,44,4802,6008
AGCTCTTTACTCAGTT-1,1,41,45,4697,5948
ATCCAGGATTCGTGAA-1,1,40,46,4802,5887
AGTCAACACCACCATC-1,1,41,47,4696,5826
CGATACCTCGCGGACA-1,1,40,48,4802,5766
TACAACGCACAACTCA-1,1,41,49,4696,5705
AATTAAAGGTCGGCGT-1,1,40,50,4802,5644
TACGCAGTTCTTTCCT-1,1,41,51,4696,5584
GACCGTGCTGACGGTG-1,1,40,52,4801,5523
GGCAAATTACTTTACT-1,0,41,53,4696,5463
GGTACAAACATGCTAT-1,0,40,54,4801,5402
CGGGCCTTCTTTGTAA-1,0,41,55,4696,5341
CGTGAAGTTAATTCAC-1,0,40,56,4801,5280
ATAGTGAAGCGTTCTC-1,0,41,57,4695,5220
TACGCCATATTCTAAT-1,0,40,58,4801,5159
GCCGGGTTAGGGTCGC-1,0,41,59,4695,5099
TACATAGGCATACACC-1,0,40,60,4801,5038
GCCGATTGGCCAAGCT-1,0,41,61,4695,4977
CTGCCATGCATCACAT-1,0,40,62,4800,4917
TTATGAATGAAAGGGA-1,0,41,63,4695,4856
GCTGAGGCGTGAGTAT-1,0,40,64,4800,4795
GCGCCGTTCCACGATA-1,0,41,65,4695,4735
CGCATGGTGCGATGCT-1,0,40,66,4800,4674
AGGTTTCACACACCTT-1,0,41,67,4694,4614
CAAGGATCGCATGTTC-1,0,40,68,4800,4553
ACGTTAATGTCGAAGA-1,0,41,69,4694,4492
TCCAGAGCACCGGTTC-1,0,40,70,4800,4432
GATTCGACGGTTCACG-1,0,41,71,4694,4371
GTTTCTGCAGTCTCCC-1,0,40,72,4799,4310
GCTGCACGGTTTCTTA-1,0,41,73,4694,4250
CGTGCAGACTGGGACA-1,0,40,74,4799,4189
GTGTTACTATGCGTCC-1,0,41,75,4694,4129
TCCTCGGGCTGGGCTT-1,0,40,76,4799,4068
GTGAGGACACTTAAGG-1,0,41,77,4693,4007
ATACGCCGGCGAAACC-1,0,40,78,4799,3946
TCTGCCAGAAACTGCA-1,0,41,79,4693,3886
TTCTGCGGGTTAGCGG-1,1,40,80,4799,3825
CTCGGTACCACTGCTC-1,0,41,81,4693,3765
GTAAGTAACAGTCTGG-1,1,40,82,4798,3704
GTGCGTGTATATGAGC-1,0,41,83,4693,3644
ATTTGTCTTGGGAGCT-1,1,40,84,4798,3583
CCTCGGACCGGGATAG-1,1,41,85,4693,3522
TAGGTGCTCGCCTAGC-1,1,40,86,4798,3461
CTTTAGGAACACTGTT-1,1,41,87,4692,3401
TCGGGCCGTCGTGGTA-1,1,40,88,4798,3340
AGTGCTTGCACGAATA-1,1,41,89,4692,3280
TGCAGTTTCCTCCCAT-1,1,40,90,4798,3219
TGAGAGATTTACCACG-1,1,41,91,4692,3158
GAAACAGATGACCACC-1,1,40,92,4797,3098
AGCAACATATCTTATT-1,1,41,93,4692,3037
CAAGTGTGGTTGCAAA-1,1,40,94,4797,2976
GCCTCATCTGGAAATA-1,1,41,95,4692,2916
AACCCTACTGTCAATA-1,1,40,96,4797,2855
ACGTATTACTCCGATC-1,1,41,97,4691,2795
TCTGGGAACCTTTGAA-1,1,40,98,4797,2734
GCTCGCTCATGTCCAA-1,1,41,99,4691,2673
GCGCAAGAGCGCGCTG-1,1,40,100,4797,2613
TTGACGCTCCATGAGC-1,1,41,101,4691,2552
TATAGATGGTCGCAGT-1,1,40,102,4796,2491
TTACATGCCACAACTA-1,1,41,103,4691,2431
ACATGGCGCCAAAGTA-1,1,40,104,4796,2370
TATGGTTAGTGGGAGA-1,1,41,105,4691,2310
CATGACTTCGCTGAAT-1,1,40,106,4796,2249
ACCACCAATGTAACAA-1,1,41,107,4690,2188
TCTTAGAGCTCCAATT-1,1,40,108,4796,2127
CCACGAATTTAACCTC-1,0,41,109,4690,2067
TTCTTGCTAGCATCTC-1,0,40,110,4796,2006
ACACCTTACTACTTGC-1,0,41,111,4690,1946
AGTCGGTTGCGTGAGA-1,0,40,112,4795,1885
ACCTACAGTATGTGGT-1,0,41,113,4690,1824
GAGGATAAACAGTGCT-1,0,40,114,4795,1764
TTCCGGTATCTGTGTC-1,0,41,115,4690,1703
GGAGGCCGAAGTCGTC-1,0,40,116,4795,1642
TTCGCTAGGAAGTTGT-1,0,41,117,4689,1582
TAAAGACAACCCTTTA-1,0,40,118,4795,1521
GTTGCGCTAACATTAC-1,0,41,119,4689,1461
GCTGAACTCTCCAGGG-1,0,40,120,4795,1400
AGCCCTGTCGCACCGT-1,0,41,121,4689,1339
AGCGCTAGAGCGATGT-1,0,40,122,4794,1279
TGCGCCGTTAATAACG-1,0,41,123,4689,1218
TGACAACGCATGTCGC-1,0,40,124,4794,1157
CGTCTTGAGTGTGACG-1,0,41,125,4689,1097
GATAGGATTAATTACA-1,0,40,126,4794,1036
GATACCGTGTCGGAGT-1,0,41,127,4688,976
TGTGTCGAAGTCGAGG-1,0,42,0,4596,8676
GGATCAGAGCCATCAG-1,0,43,1,4490,8616
GTCCCAATCATCCCGC-1,0,42,2,4595,8555
TGCCACACTAGAGGAA-1,0,43,3,4490,8495
TGAATTTCACTTGCCT-1,0,42,4,4595,8434
CTCAGATTGTGATAAG-1,0,43,5,4490,8373
CGGACGTTACTTGAAG-1,0,42,6,4595,8312
CCGCCTTGCGATGTCG-1,0,43,7,4489,8252
CCAGTCAAATCTCTTA-1,0,42,8,4595,8191
AAACAGCTTTCAGAAG-1,0,43,9,4489,8131
TAGCTGATGTGAAGCG-1,0,42,10,4595,8070
CTTATGCGCTCAGGGC-1,0,43,11,4489,8010
TGGCTCTTGTCGCGTA-1,0,42,12,4594,7949
TTGTGAGGCATGACGC-1,0,43,13,4489,7888
CATAAGCTCTCCGTCT-1,0,42,14,4594,7827
CCTTCTCAGCGTTCCT-1,0,43,15,4489,7767
TGCAGCTACGTACTTC-1,0,42,16,4594,7706
CTCTACACTGGCGATT-1,0,43,17,4488,7646
TGCAGATCGTCCTAGG-1,0,42,18,4594,7585
TGCCAAAGTCAGACTT-1,0,43,19,4488,7524
ACAATAGTCGTACGTT-1,0,42,20,4594,7464
CATGCCAACTCGCAAA-1,0,43,21,4488,7403
TGCAGAACTATATCGT-1,0,42,22,4593,7342
TCGTGTCACGCTGACA-1,0,43,23,4488,7282
TGATCAGGGAACTGCT-1,0,42,24,4593,7221
CTTGCAACCGCCTCCT-1,0,43,25,4488,7161
AGCCCATACATGTAAG-1,0,42,26,4593,7100
ATCCAATGGAGGGTCC-1,1,43,27,4487,7039
AAACCGGGTAGGTACC-1,1,42,28,4593,6979
GCAACCACGGCCGCGT-1,1,43,29,4487,6918
CGCTTATTCCCGGTCG-1,1,42,30,4593,6857
TTACTCTGGTACGTAC-1,1,43,31,4487,6797
GTGGTTTCCGCCTTTC-1,1,42,32,4592,6736
ATAGGCGGCTATAGAA-1,1,43,33,4487,6676
GTGCCATCACACGGTG-1,1,42,34,4592,6615
CCCAACATACGTCGCG-1,1,43,35,4487,6554
CGGTGCAGATAGAACG-1,1,42,36,4592,6493
GGGCGGGTTCCCTACG-1,1,43,37,4486,6433
TGAGCCATACAGTCTC-1,1,42,38,4592,6372
CTCCGCCCACATGAGG-1,1,43,39,4486,6312
GTTGAACCGGTTCCAT-1,1,42,40,4592,6251
TTGACTACCATATGGT-1,1,43,41,4486,6190
ACCATCGTATATGGTA-1,1,42,42,4591,6130
TGCGTAAGAACCTGAT-1,1,43,43,4486,6069
AGAAGGTTGCCGAATT-1,1,42,44,4591,6008
AGGACGACCCATTAGA-1,1,43,45,4486,5948
GGTGCTGGTACACATT-1,1,42,46,4591,5887
GCGCTATGCCGAGGCA-1,1,43,47,4485,5827
ACCCGGTTACACTTCC-1,1,42,48,4591,5766
TAACTCATCCGCGCGG-1,1,43,49,4485,5705
CACAATGAGCTGCTAT-1,1,42,50,4591,5645
GTTACTTTGGGCCTAG-1,0,43,51,4485,5584
GGGCCCGTCTTAAACA-1,1,42,52,4590,5523
GAAATTGTCTCTATAA-1,0,43,53,4485,5463
GGCGCATGAATTGATG-1,0,42,54,4590,5402
CATATAGGTACAGTCA-1,0,43,55,4485,5342
TCAACGAGGAGACAAA-1,0,42,56,4590,5281
TTGCACAATTCAGAAA-1,0,43,57,4484,5220
CATCGGACGGGTTAAT-1,0,42,58,4590,5160
ATTAAACATGCGGACC-1,0,43,59,4484,5099
TATCTACCACAGCGGG-1,0,42,60,4590,5038
CGAGACCCTAGAGTGT-1,0,43,61,4484,4978
ACATCGATCGTTTACC-1,0,42,62,4589,4917
ATCGACCCAATACAGA-1,0,43,63,4484,4857
GAATCTGAACATTCTC-1,0,42,64,4589,4796
AGTTCCTATTTATGTT-1,0,43,65,4484,4735
CAGTCTGTATACTGGG-1,0,42,66,4589,4674
GGAGACGACACCTTTG-1,0,43,67,4483,4614
CCTAAATTAACGGTTC-1,0,42,68,4589,4553
GCTACGACTTATTGGG-1,0,43,69,4483,4493
CTGTGCAGGGTAGGTC-1,0,42,70,4589,4432
ACGCCGCTAGACGACC-1,0,43,71,4483,4371
ACTTGACTCCCTCTTT-1,0,42,72,4588,4311
CGCCTCCCTCCTCTAT-1,0,43,73,4483,4250
CTAGATTTACGACGGC-1,0,42,74,4588,4189
GATGCTGTATTTCATC-1,0,43,75,4483,4129
TGCGTTTGTTGACACT-1,0,42,76,4588,4068
CGTGCCCTCCCGAAGA-1,0,43,77,4482,4008
ACTCTCTGACTTAGGT-1,0,42,78,4588,3947
CTGGGTAGGCAGTTAA-1,0,43,79,4482,3886
GTTTGGCCCAAGTTAT-1,0,42,80,4588,3826
GAATGTGGTCCGGATT-1,0,43,81,4482,3765
CCCAGTTAAGGCGCCG-1,0,42,82,4587,3704
CGGTACTAGAATCAAA-1,0,43,83,4482,3644
GCTTAATGTAACTAAC-1,1,42,84,4587,3583
AGGACAGTCGAATCCC-1,1,43,85,4482,3523
GACAGCCAGACCTGAC-1,1,42,86,4587,3462
GGCGAAATCTAACTTG-1,1,43,87,4481,3401
CTGGTAACACATAGAA-1,1,42,88,4587,3341
TAGCCATTTCAAAGTC-1,1,43,89,4481,3280
GGGATTTACCGCACCT-1,1,42,90,4587,3219
ATGCCATTTGCGACCA-1,1,43,91,4481,3159
GAATAGACGCGACCCA-1,1,42,92,4586,3098
TGTATGGCGCAGACAG-1,1,43,93,4481,3038
GGATGAAGATCGCTGA-1,1,42,94,4586,2977
CGACAATTTGATCTAA-1,1,43,95,4481,2916
AAAGTTGACTCCCGTA-1,1,42,96,4586,2855
CGCGGCTCAACTTGAA-1,1,43,97,4480,2795
CACGCGGAACTGTTGC-1,1,42,98,4586,2734
TCTTAGAGTGAACTCT-1,1,43,99,4480,2674
AGTCCATTGGCTGATG-1,1,42,100,4586,2613
TTAAGATAGGATTGAC-1,1,43,101,4480,2552
ACATCCTGGTAACTGT-1,1,42,102,4585,2492
CACCTTGGCGCCTTTG-1,1,43,103,4480,2431
GCTAGACCGTCTACTG-1,1,42,104,4585,2370
CGGCCCAGGTATATCC-1,0,43,105,4480,2310
GTCCATTACTGCTACG-1,1,42,106,4585,2249
GGGTTTAGGATAGGAT-1,0,43,107,4479,2189
TAATTAGGACATCCGT-1,0,42,108,4585,2128
GCTCCCAGTCGGTCCA-1,0,43,109,4479,2067
ATTCGTGCTATCTCTT-1,0,42,110,4585,2007
GTTAACTATGTTGTCA-1,0,43,111,4479,1946
GCTCCGCTCGCTTCAG-1,0,42,112,4584,1885
GCAACGGCTAGTTATG-1,0,43,113,4479,1825
AATCGCGCAGAGGACT-1,0,42,114,4584,1764
AGGTTACACCATGCCG-1,0,43,115,4479,1704
CGAGATTTCGCTCGGG-1,0,42,116,4584,1643
CGATAATACTCAGGTT-1,0,43,117,4478,1582
AAGGCAGGCTGTCTCC-1,0,42,118,4584,1521
GTAAGTCCACACTCTA-1,0,43,119,4478,1461
ATGAGGGCAGCGGCTA-1,0,42,120,4584,1400
GCCGCACTCCGTTTCA-1,0,43,121,4478,1340
GAGCACGGCGCCTCTT-1,0,42,122,4583,1279
ACAATTTGGCCATATT-1,0,43,123,4478,1218
CTGGTTCGCGAGCTAC-1,0,42,124,4583,1158
GACGGTCCTAGGGTGT-1,0,43,125,4478,1097
ACTCGCGATCTGACGC-1,0,42,126,4583,1036
GTGTACGAACCGTTCC-1,0,43,127,4477,976
CTTTGACGTCGCTTCT-1,0,44,0,4385,8677
CGTTATCATACTTCCA-1,0,45,1,4279,8616
GCTATGCCAGCTTATG-1,0,44,2,4384,8555
CAGTCGGCCTAGATAT-1,0,45,3,4279,8495
CCCGTGAGGGCGGTGA-1,0,44,4,4384,8434
TCTCGTGTTACGAGGA-1,0,45,5,4279,8374
ACGTCTCGTTCCGGGA-1,0,44,6,4384,8313
CGAGAGCGCGTAGATA-1,0,45,7,4278,8252
GACAGATTTCTGGCTC-1,0,44,8,4384,8192
GGGCCTAAATGGGCTA-1,0,45,9,4278,8131
ACTTGTAGTCCCTTCA-1,0,44,10,4384,8070
CCCGAAGTTTCGCGAA-1,0,45,11,4278,8010
ACCATCCGCCAACTAG-1,0,44,12,4383,7949
TGCGAATATGGGATTT-1,0,45,13,4278,7889
TACATCCCTATCCCTG-1,0,44,14,4383,7828
GTGGGAAGACTGAATC-1,0,45,15,4278,7767
TCAACATCGACCGAGA-1,0,44,16,4383,7707
CTATGTGAGTCACGGC-1,0,45,17,4277,7646
CCGAACACTGGGCCTC-1,0,44,18,4383,7585
AAACTTGCAAACGTAT-1,0,45,19,4277,7525
AGGGCGAGCAGCTGAT-1,0,44,20,4383,7464
AACACGAGACGCGGCC-1,0,45,21,4277,7404
TGACGAATATTTCCCT-1,0,44,22,4382,7343
TCGGAGAGTATCGGGA-1,0,45,23,4277,7282
CAAATCTCTCACAAGG-1,0,44,24,4382,7221
AGGCCCTAGAACGCCA-1,0,45,25,4277,7161
TAGAGATCATGCAACT-1,0,44,26,4382,7100
TTGTTTCCATACAACT-1,0,45,27,4276,7040
GAGAGGTGCATTCTGG-1,1,44,28,4382,6979
GTGGACCAACCCGATT-1,0,45,29,4276,6918
CTGGGCCTGCTATATC-1,1,44,30,4382,6858
CATAGTCCACAAGAAC-1,1,45,31,4276,6797
TTGACATGAACGTGGA-1,1,44,32,4381,6736
GGTTACCACCCTCGGG-1,1,45,33,4276,6676
TACCGGTCGTTTCCAT-1,1,44,34,4381,6615
CGAGTACTAAAGAGGA-1,1,45,35,4276,6555
GCAAGAATTCCTTGGC-1,1,44,36,4381,6494
TCGCCGAAGTTGCGTC-1,1,45,37,4275,6433
TTGAGAGTACTGCTAA-1,1,44,38,4381,6373
GCCACAATTTAAGGAC-1,0,45,39,4275,6312
ATATTCAGTTAAACCT-1,1,44,40,4381,6251
TGAGTGCCTCTTAAAT-1,0,45,41,4275,6191
ATCAGACGGCACGCCG-1,1,44,42,4380,6130
GTGCGAAATCGAACAC-1,1,45,43,4275,6070
GTGCCGCTTCAAAGGT-1,1,44,44,4380,6009
GATACGATGGGAGTCA-1,1,45,45,4275,5948
GACACTGAGTTCAGTG-1,1,44,46,4380,5887
ATCCTGCGTGGAATGG-1,1,45,47,4274,5827
ATCCTACCTAAGCTCT-1,1,44,48,4380,5766
AGTGATATGAGTAGTT-1,0,45,49,4274,5706
ATGATGCAATGGTACA-1,0,44,50,4380,5645
GAAACCGAATTACCTT-1,0,45,51,4274,5584
AGTGACCTACTTTACG-1,0,44,52,4379,5524
CAAATGTCCTTCCGTG-1,0,45,53,4274,5463
TTACTGGGATATTTCA-1,0,44,54,4379,5402
CTTGCCCAGGCTCTAC-1,0,45,55,4274,5342
AAATCGTGTACCACAA-1,0,44,56,4379,5281
GTGATCATAGATCTGC-1,0,45,57,4273,5221
TGGCAGATTACGATCA-1,0,44,58,4379,5160
TCACCCTCTTAAGATT-1,0,45,59,4273,5099
CAGGATATATCGTTGT-1,0,44,60,4379,5039
CCTGACCACCGATGGT-1,0,45,61,4273,4978
CTAAAGGGAAATAGGA-1,0,44,62,4378,4917
CCGCTATCAGCACCAG-1,0,45,63,4273,4857
CTTTAGTGCTATTATT-1,0,44,64,4378,4796
CGGGAATTTATGTAAA-1,0,45,65,4273,4736
TACGACTGCCTCTTAG-1,0,44,66,4378,4675
AAACTGCTGGCTCCAA-1,0,45,67,4272,4614
GTACGTTTGCCCGTCA-1,0,44,68,4378,4554
GGCAAGGCGAAATAGC-1,0,45,69,4272,4493
GATCTTGGAGGGCATA-1,0,44,70,4378,4432
AGCGTGGTATTCTACT-1,0,45,71,4272,4372
CTAAGGGAATGATTGG-1,0,44,72,4377,4311
CATGGTAAGTAGCGTT-1,0,45,73,4272,4251
CGTTGAGCGACCGTCG-1,0,44,74,4377,4190
TGCCCGTACCGTTAAA-1,0,45,75,4272,4129
ACAAGGGCAGGCTCTG-1,0,44,76,4377,4068
GAGATCTTCCATGACA-1,0,45,77,4271,4008
AATGACGTAGGATGTC-1,0,44,78,4377,3947
GTGGTGGCCAAGTGAA-1,0,45,79,4271,3887
TCCCGTGTGCAATTTG-1,0,44,80,4377,3826
ACATCGTATGCAATGG-1,0,45,81,4271,3765
GCGAAACTTAACTGGA-1,0,44,82,4376,3705
AATTGAACGCTCTGGT-1,0,45,83,4271,3644
ACAAATGGTAGTGTTT-1,0,44,84,4376,3583
ATGGTCGCGTGGTTTC-1,0,45,85,4271,3523
TGTTATTGTATGTGGC-1,0,44,86,4376,3462
TTCCGGTTACCCACTT-1,0,45,87,4270,3402
GAGTGTGCGGTACCCA-1,1,44,88,4376,3341
CAAGATATTATAACGT-1,0,45,89,4270,3280
ACACACCAGGACCAGT-1,0,44,90,4376,3220
ATGGGCCTCGGCCTCT-1,0,45,91,4270,3159
AAGGTGATAAACCAGC-1,1,44,92,4375,3098
TCTTACTTATGCCTCT-1,0,45,93,4270,3038
AAAGTGTGATTTATCT-1,1,44,94,4375,2977
TGCTCCACAGTTCTTA-1,1,45,95,4270,2917
CTGGCTGATTCATCCT-1,1,44,96,4375,2856
TAAGGCTGAATCCCTC-1,1,45,97,4269,2795
TCTAGTGATATCGTGG-1,1,44,98,4375,2735
TCGAAGAACCGAGCAC-1,0,45,99,4269,2674
GACAAACATATGCAGG-1,0,44,100,4375,2613
AAGTCAATTGTCGTCA-1,0,45,101,4269,2553
AGTGAACAAACTTCTC-1,1,44,102,4374,2492
CATGATGGAAGTTAGC-1,0,45,103,4269,2432
AAGTGCCTTGACTGTA-1,0,44,104,4374,2371
ATCGCCAGTCAACATT-1,0,45,105,4269,2310
ACCGCGGTGGAAGTCG-1,0,44,106,4374,2249
TCTTCTATAACCCGCC-1,0,45,107,4268,2189
CACATTTCTTGTCAGA-1,0,44,108,4374,2128
TAGCGTCCCTCGATTG-1,0,45,109,4268,2068
GTTCGGATCGGGAACA-1,0,44,110,4374,2007
CAAACTCGCGACGCCG-1,0,45,111,4268,1946
GTCTTGTAGCTATTCA-1,0,44,112,4373,1886
TCTCGACGTATCGCCG-1,0,45,113,4268,1825
TTGCCAAGCAGAACCC-1,0,44,114,4373,1764
AAACCCGAACGAAATC-1,0,45,115,4268,1704
TTGAGCAGCCCACGGT-1,0,44,116,4373,1643
CGCCTTTAGCATGCTC-1,0,45,117,4267,1583
TGTGGCTCCCACCAAC-1,0,44,118,4373,1522
CCGCCGTTGAGGATAA-1,0,45,119,4267,1461
CAATACGAGAGTCTGA-1,0,44,120,4373,1401
CATCTAGTGAAGGGAA-1,0,45,121,4267,1340
GGTGGAGGTTGATACG-1,0,44,122,4372,1279
CCGCACACGAACGTGT-1,0,45,123,4267,1219
AGAACCCAGCGTGACA-1,0,44,124,4372,1158
GCGCTCGATCACCTGT-1,0,45,125,4267,1098
ATCATGGACTACCGAC-1,0,44,126,4372,1037
TACGCCGCCTCAGAAG-1,0,45,127,4266,976
CGACCTACTAGACAAT-1,0,46,0,4174,8677
GAGTCTTGTAAAGGAC-1,0,47,1,4068,8617
AATATCCTAGCAAACT-1,0,46,2,4173,8556
CCCTAGGCAACAAGAG-1,0,47,3,4068,8495
ACAAAGAAGGTAGGCC-1,0,46,4,4173,8434
CCCTGGCTGTTCCTTC-1,0,47,5,4068,8374
TCGCCGCACCGCGTGA-1,0,46,6,4173,8313
TATAGCGCACGTTATC-1,0,47,7,4067,8253
TTATCTGACATTAGGA-1,0,46,8,4173,8192
AGTGGTGTTACCCGTG-1,0,47,9,4067,8131
GCCAAGAATACTTCTG-1,0,46,10,4173,8071
CCGGCGTGAGACTCTG-1,0,47,11,4067,8010
TTCCCGGCGCCAATAG-1,0,46,12,4172,7949
AAACAGGGTCTATATT-1,0,47,13,4067,7889
ACAGTAATACAACTTG-1,0,46,14,4172,7828
CGAACGGCCGGACAAC-1,0,47,15,4067,7768
GCAACACACTAGAACT-1,0,46,16,4172,7707
ACTCCCATTCCTAAAG-1,0,47,17,4066,7646
ACCTGCGTGTCATGTT-1,0,46,18,4172,7586
TACTTTCCGCACGCCA-1,0,47,19,4066,7525
AGGTCAGGTGAGAGTG-1,0,46,20,4172,7464
TCCTCCTAAGACATTC-1,0,47,21,4066,7404
ATGTGAAAGCCTAATG-1,0,46,22,4171,7343
AGTCGGCTCAACTTTA-1,0,47,23,4066,7283
CGATCTGTTGGAGGAC-1,0,46,24,4171,7222
ACGGGAGTGTCGGCCC-1,0,47,25,4066,7161
TTAACTTCAGGTAGGA-1,0,46,26,4171,7101
CCACGGAGCCATAAGA-1,0,47,27,4065,7040
CTTCTATGTTGAAGTA-1,0,46,28,4171,6979
CACCGTTGCGCGATAT-1,0,47,29,4065,6919
TCTAGCAATCTCCGCC-1,0,46,30,4171,6858
AGTTTGGCCAGACCTA-1,0,47,31,4065,6798
TTGTAAGGACCTAAGT-1,0,46,32,4170,6737
AAATTTGCGGGTGTGG-1,0,47,33,4065,6676
AAGTTCGGCCAACAGG-1,0,46,34,4170,6615
CCGCTTACCTCACTCT-1,0,47,35,4065,6555
ATCACGTGCTAATTAA-1,1,46,36,4170,6494
GGTGAAGTACAGGGAT-1,1,47,37,4064,6434
GCTGTATTACTGGCCC-1,1,46,38,4170,6373
AACGGCCATCTCCGGT-1,0,47,39,4064,6312
TAAGTAACATCTTGAC-1,0,46,40,4170,6252
TTCTTGAGCCGCGCTA-1,0,47,41,4064,6191
AGTGCGTAGCTCGTAA-1,0,46,42,4169,6130
GGGATGGTCGTAACCG-1,0,47,43,4064,6070
GTCTGGGCGGTCGAGA-1,1,46,44,4169,6009
CGGAACGTAAACATAG-1,0,47,45,4064,5949
TGCGACACCCTAGTGC-1,0,46,46,4169,5888
CAAACGAGTATCGCAG-1,0,47,47,4063,5827
TCAGTAGGGACTATAA-1,0,46,48,4169,5767
GCGGTTCCCTATCATG-1,0,47,49,4063,5706
GTGACTTCAGTAGTGC-1,0,46,50,4169,5645
CGTCACGTCCATTGGT-1,0,47,51,4063,5585
ATAAGTTACCGCGACG-1,0,46,52,4168,5524
CTGAATCCGAGACCTC-1,0,47,53,4063,5464
TACGACGCTTGCTGCG-1,0,46,54,4168,5403
GAATTCACCCGGGTGT-1,0,47,55,4063,5342
GGGTGACACCTTAACT-1,0,46,56,4168,5281
TGAGTAAATTAGCGTA-1,0,47,57,4062,5221
GAGTCCGCTTACCGGA-1,0,46,58,4168,5160
GGCGCGTTCGAGTTTA-1,0,47,59,4062,5100
ATTCATATACTGTCCA-1,0,46,60,4168,5039
ATAAACGGACCCGTAA-1,0,47,61,4062,4978
GTCGTACCATCTCGGG-1,0,46,62,4167,4918
ATAATAGCTGTTGAAT-1,0,47,63,4062,4857
TTCCGCGTGAGGCGAT-1,0,46,64,4167,4796
TACCGGCTCACTGCCC-1,0,47,65,4062,4736
GTATCTTTCATAACCA-1,0,46,66,4167,4675
GTTACCTACAACTTGC-1,0,47,67,4061,4615
TGACTATAATCCTTTC-1,0,46,68,4167,4554
AAATACCTATAAGCAT-1,0,47,69,4061,4493
TTATTAGAGCGTGTTC-1,0,46,70,4167,4433
ATGTGGACATCTTGAT-1,0,47,71,4061,4372
GTACGCTTCATTGCAC-1,0,46,72,4166,4311
CACATATTAGCAGGAT-1,0,47,73,4061,4251
CAAGAGGGCGGAGTAC-1,0,46,74,4166,4190
TCGCAAAGATGCATTT-1,0,47,75,4061,4130
GTCGTTATTCGCTTAT-1,0,46,76,4166,4069
TCGTGTACTATGGATG-1,0,47,77,4060,4008
GCGGAGAGGGAGAACG-1,0,46,78,4166,3948
TCACAGGGAATCGCAA-1,0,47,79,4060,3887
GACTGCACCAGCCCAG-1,0,46,80,4166,3826
TCCGCTGTCATCCCGG-1,0,47,81,4060,3766
AGATACTCAAGATCGA-1,0,46,82,4165,3705
ACTGAATGGCGAAAGT-1,0,47,83,4060,3645
TCCTACATCCACGGCC-1,0,46,84,4165,3584
TTCAGCCCTGGTCCAC-1,0,47,85,4060,3523
TTAGAGTTTAGAAGGA-1,0,46,86,4165,3462
GGTTAGCTATATGTCT-1,0,47,87,4059,3402
CTGGTTTCGAGCAAGA-1,0,46,88,4165,3341
TGGGCCCATACTAATT-1,0,47,89,4059,3281
ACTTATTTATGTGCCA-1,0,46,90,4165,3220
TTAGTTATTCGTGGCA-1,0,47,91,4059,3159
AACCGCTAAGGGATGC-1,0,46,92,4164,3099
ATACGTCCACTCCTGT-1,0,47,93,4059,3038
CGACACGCTCCGACAG-1,0,46,94,4164,2977
TCTGAACTCGTACCCG-1,0,47,95,4059,2917
AGGATATAGGGATTTA-1,0,46,96,4164,2856
GTGATCACTAACGCCT-1,0,47,97,4058,2796
ACCGGGCCTTTGTTGA-1,0,46,98,4164,2735
TTGACAGGAGCTCCCG-1,0,47,99,4058,2674
CTCTTCTATTGACTGG-1,0,46,100,4164,2614
CGTGGCCGAATATCTA-1,0,47,101,4058,2553
GGTTTAGCCTTTCTTG-1,0,46,102,4163,2492
TCAAGGTTACTACACC-1,0,47,103,4058,2432
TTGACTATTGTCCGGC-1,0,46,104,4163,2371
CGGGAATATAGTATAC-1,0,47,105,4058,2311
GCAACAGCAGTATGCG-1,0,46,106,4163,2250
ATCAAACACTGTTCCA-1,0,47,107,4057,2189
TGGGCAATAGTTGGGT-1,0,46,108,4163,2129
TGAATGTCAGCCGGCC-1,0,47,109,4057,2068
CGGCTCTAAAGCTGCA-1,0,46,110,4163,2007
GGACACAAGTTTACAC-1,0,47,111,4057,1947
CCGAGAAGTCGCATAA-1,0,46,112,4162,1886
AACTACCCGTTTGTCA-1,0,47,113,4057,1826
GCACAAACGAGGCGTG-1,0,46,114,4162,1765
CACACAGCTTGCGCTC-1,0,47,115,4057,1704
GTGCTTACATCAGCGC-1,0,46,116,4162,1643
GCAAACGTCGCCAGGT-1,0,47,117,4056,1583
GAATAGCATTTAGGGT-1,0,46,118,4162,1522
TACTGTTTCTCTGGTA-1,0,47,119,4056,1462
TCCTATCATAGGTAAC-1,0,46,120,4162,1401
TTCGGTGGAGACGCCC-1,0,47,121,4056,1340
TGTTGCCGTCGTCCCA-1,0,46,122,4161,1280
CCAACTTGATAGATCC-1,0,47,123,4056,1219
CAAAGGTCATCTGAAA-1,0,46,124,4161,1158
CTAGCTTAATGGTCCC-1,0,47,125,4056,1098
AGGCCACATTGGTTAC-1,0,46,126,4161,1037
TTAGGATGGGAGGGTA-1,0,47,127,4055,977
TATGACCTTGCGCTGG-1,0,48,0,3963,8677
ATATACATGTATGGTA-1,0,49,1,3857,8617
TGTGTGACCATGAATC-1,0,48,2,3962,8556
CCCACTCCACGGTATC-1,0,49,3,3857,8496
GGGCAGACGTCACTGC-1,0,48,4,3962,8435
TCAAAGAGCTATCTGT-1,0,49,5,3857,8374
AGATGCATCCTGTGTC-1,0,48,6,3962,8314
GTGAAGTCACGACTCG-1,0,49,7,3856,8253
TGATTCAGGTCCCGCG-1,0,48,8,3962,8192
CGCCACAGGTCGCGAT-1,0,49,9,3856,8132
TTGAATCGTTGTATAA-1,0,48,10,3962,8071
TGGCCAATTTGGTACT-1,0,49,11,3856,8011
CGACCCTTAACGCCGG-1,0,48,12,3961,7950
TCGGCGTACTGCACAA-1,0,49,13,3856,7889
GAGTAAGGCCACGGGA-1,0,48,14,3961,7828
ATCAGCTCGTCCACTA-1,0,49,15,3856,7768
AGGATCACGCGATCTG-1,0,48,16,3961,7707
AAATGGCCCGTGCCCT-1,0,49,17,3855,7647
CAGTACCAGTTTACGT-1,0,48,18,3961,7586
GGTCGTAAGCTCGCAC-1,0,49,19,3855,7525
CGTTCATGGTGCGCGT-1,0,48,20,3961,7465
GACTACAAAGCGGTGG-1,0,49,21,3855,7404
CAGCTGGCGTAACCGT-1,0,48,22,3960,7343
ACTCGTAACCCGTCCT-1,0,49,23,3855,7283
CATATGTCAGGCTACG-1,0,48,24,3960,7222
GCCCGACTTCTTCCCG-1,0,49,25,3855,7162
CTGGCATCCGAATGAG-1,0,48,26,3960,7101
AAGTGCGTTAGAATCT-1,0,49,27,3854,7040
AGAAGTGATTCGTGAT-1,0,48,28,3960,6980
TACCTTAAGATTTCCC-1,0,49,29,3854,6919
AATGACAGCAATGTCT-1,0,48,30,3960,6858
TCAACGCAGGAAATAA-1,0,49,31,3854,6798
TATTCCTCCGCCCACT-1,0,48,32,3959,6737
ATCAAACGAAGGTTTG-1,0,49,33,3854,6677
TTGATTAGCTGTTTCT-1,0,48,34,3959,6616
CTGCTGAGGCCACGAA-1,0,49,35,3854,6555
CCGTGTTAAATTCCAT-1,0,48,36,3959,6495
CACGTCGGCAACCTCT-1,0,49,37,3853,6434
GTATTCTGAGAAACGA-1,0,48,38,3959,6373
CGGTGCGCGTTGGTCC-1,0,49,39,3853,6313
GTGATTCGCCGCTCAA-1,0,48,40,3959,6252
GCCCGCGCGTAAACGG-1,0,49,41,3853,6192
AACGTACTGTGGGTAC-1,0,48,42,3958,6131
GAGTATGCCCGCCTTG-1,0,49,43,3853,6070
TGATTCTGTCGCCGGT-1,0,48,44,3958,6009
GGGCGGCAAATGAATT-1,0,49,45,3853,5949
TTCCAATCTGGCTATC-1,0,48,46,3958,5888
GGAACCGTGTAAATTG-1,0,49,47,3852,5828
TTGGTCACACTCGTAA-1,0,48,48,3958,5767
CGAACCCGCATGCGTC-1,0,49,49,3852,5706
GGGCGTCACCACGTAA-1,0,48,50,3958,5646
TACCAGAAGTAGGTTC-1,0,49,51,3852,5585
TTGGATATCGTCTACG-1,0,48,52,3957,5524
TAGATATGGACTGGAA-1,0,49,53,3852,5464
GCGACGATAGTTGTAC-1,0,48,54,3957,5403
CTGGATTTACACTTGA-1,0,49,55,3852,5343
GTTATATTATCTCCCT-1,0,48,56,3957,5282
TATTCCACTCAGCTCG-1,0,49,57,3851,5221
CTGTTACCCAATCTAG-1,0,48,58,3957,5161
ACGCGAAGTCAGACGA-1,0,49,59,3851,5100
GATAGGTAACGTTGAC-1,0,48,60,3957,5039
TGTTCGTATTGCGGTG-1,0,49,61,3851,4979
GGTCAGTGGGTCCCAC-1,0,48,62,3956,4918
AATTCTAGAGTTAGGC-1,0,49,63,3851,4858
GTTTACGTTCCATCTG-1,0,48,64,3956,4797
AGACCCACCGCTGATC-1,0,49,65,3851,4736
TCTAGCATGCCCAGAA-1,0,48,66,3956,4676
CCCGCAGCGCGAACTA-1,0,49,67,3850,4615
CTCTATTTGGCTGCAG-1,0,48,68,3956,4554
TTCTGCCGCGCCTAGA-1,0,49,69,3850,4494
ACTCCCTAGAATAGTA-1,0,48,70,3956,4433
CCGAACCTTCCCGGCC-1,0,49,71,3850,4373
TCAGACGCTATAGAAG-1,0,48,72,3955,4312
CAGGCGCCATGCTAGG-1,0,49,73,3850,4251
CACTCGAGCTGAACAA-1,0,48,74,3955,4190
ACAAGGAAATCCGCCC-1,0,49,75,3850,4130
ACCACGTGCAGCTATA-1,0,48,76,3955,4069
ACGGCGACGATGGGAA-1,0,49,77,3849,4009
TTACTAAAGGACTTTA-1,0,48,78,3955,3948
GGCTGAAATAGCAAAG-1,0,49,79,3849,3887
TTAGACGAGTCACCTC-1,0,48,80,3955,3827
GTAGTCGCGGGAATCA-1,0,49,81,3849,3766
GCAAACCCTACATTAT-1,0,48,82,3954,3705
GTTAAAGTAGGACTGG-1,0,49,83,3849,3645
ACCCTCCCTTGCTATT-1,0,48,84,3954,3584
CATGTCTCATTTATGG-1,0,49,85,3849,3524
AATAGAATCTGTTTCA-1,0,48,86,3954,3463
TCTCATGAGATAGGGT-1,0,49,87,3848,3402
ATGACTATGCGACATT-1,0,48,88,3954,3342
CCTAACCCAAACAAGT-1,0,49,89,3848,3281
AGTCAAGATGACACTT-1,0,48,90,3954,3220
CGGGAGCTTCAGTGTA-1,0,49,91,3848,3160
CCACAGTACCCATCCT-1,0,48,92,3953,3099
GAGCGCGCACGAGTAG-1,0,49,93,3848,3039
ACCAGTGCGGGAGACG-1,0,48,94,3953,2978
TCCTTACGACGGTCCG-1,0,49,95,3848,2917
TAGTCGATCACGGGTT-1,0,48,96,3953,2856
AGACGAAGTGCCGGTC-1,0,49,97,3847,2796
CGCTGGTGACTACCCT-1,0,48,98,3953,2735
AGGCATTGTCGTAGGG-1,0,49,99,3847,2675
TGGTAGAATATATGGG-1,0,48,100,3953,2614
TTCTTATCCGCTGGGT-1,0,49,101,3847,2553
AGTTTGGCACGGGTTG-1,0,48,102,3952,2493
GCATCGGCCGTGTAGG-1,0,49,103,3847,2432
ATGCGAGTCCCACCAC-1,0,48,104,3952,2371
TCGGCGAACCCAAACC-1,0,49,105,3847,2311
AGAGTAAACTTCACTA-1,0,48,106,3952,2250
AAGCCGAAGCGGTTTA-1,0,49,107,3846,2190
CCCGAGTTTCTCCGTA-1,0,48,108,3952,2129
AATATCGAATCAATGC-1,0,49,109,3846,2068
GCGCCTCCCACTCCGA-1,0,48,110,3952,2008
CGTTAAACTAGTTAGG-1,0,49,111,3846,1947
TGAGTTAAAGACATTC-1,0,48,112,3951,1886
AACAGGTAGTATGGAT-1,0,49,113,3846,1826
GAACGCGGGTCACACG-1,0,48,114,3951,1765
TGTTTGAGATCGTCAG-1,0,49,115,3846,1705
ATCTCGTGAGCGAAAC-1,0,48,116,3951,1644
CTGAGAAAGTTCGGCG-1,0,49,117,3845,1583
ATTACCACACTGCCTG-1,0,48,118,3951,1523
CTGCTGTCTAACGAGC-1,0,49,119,3845,1462
CGTGGAAGCCTCGTAC-1,0,48,120,3951,1401
GGACTCACAAATTAGG-1,0,49,121,3845,1341
CTTTGCTGTCATGGAT-1,0,48,122,3950,1280
GGTGTTGGGCGTCTTA-1,0,49,123,3845,1220
TACCATGTATTGATTT-1,0,48,124,3950,1159
GGTCTCCAAGTAGTGC-1,0,49,125,3845,1098
ATCCTTCTGAAAGAAC-1,0,48,126,3950,1037
CCGGAAGTTATCAGTC-1,0,49,127,3844,977
TTAGAGGGATATACAG-1,0,50,0,3752,8678
TTGTACACCTCGAACA-1,0,51,1,3646,8617
GTGGGTACTGAGCGTA-1,0,50,2,3751,8556
CTTAAGCAGCGAGCCG-1,0,51,3,3646,8496
GCATTGACTTGCGGAA-1,0,50,4,3751,8435
CCATAACCTGTGCAGT-1,0,51,5,3646,8375
GGGCTACTATTTCGTG-1,0,50,6,3751,8314
GGCGAGCGAAACGGCA-1,0,51,7,3645,8253
GGAGACCATCTACATA-1,0,50,8,3751,8193
AGACCAAACCACACCT-1,0,51,9,3645,8132
CGACGCATCCGTACCT-1,0,50,10,3751,8071
CCTAGGTAAAGGTAGC-1,0,51,11,3645,8011
AGCGGCGGTTAGCGGT-1,0,50,12,3750,7950
CTGGACGCAGTCCGGC-1,0,51,13,3645,7890
AGCCTAATACCCACGT-1,0,50,14,3750,7829
AATCTGGCTTTCTAGT-1,0,51,15,3645,7768
CACCCTTGGTGAGACC-1,0,50,16,3750,7708
GGATCTTGACTCAACC-1,0,51,17,3644,7647
ACGAGGATACCACTCT-1,0,50,18,3750,7586
GAGTTGATGGCAATTT-1,0,51,19,3644,7526
GTGGCAAACAGCGGCA-1,0,50,20,3750,7465
GATGTAACGAACCACC-1,0,51,21,3644,7405
AGCCGTGGCTAAATGT-1,0,50,22,3749,7344
CTCCCTCCTTTCGATC-1,0,51,23,3644,7283
TTGGAAGAATACAGTC-1,0,50,24,3749,7222
AGTTAAGTCAACCGCT-1,0,51,25,3644,7162
CTCATGGTAATTTGCG-1,0,50,26,3749,7101
AAAGTAGCATTGCTCA-1,0,51,27,3643,7041
TTGTGGTAGGAGGGAT-1,0,50,28,3749,6980
AGTCGTGGGCATTACG-1,0,51,29,3643,6919
ACCTAAGTACCTTTCA-1,0,50,30,3749,6859
GTAGAGGGAGACAAGT-1,0,51,31,3643,6798
GATCCTCGACACTGGC-1,0,50,32,3748,6737
CCTACATTCACAGACG-1,0,51,33,3643,6677
TTGACCGTGTTAATGA-1,0,50,34,3748,6616
TCTGTTACCCAGCATA-1,0,51,35,3643,6556
CTAACTGGTCCGGTTC-1,0,50,36,3748,6495
AGCGACAGGAACGGTC-1,0,51,37,3642,6434
TAATAGAACAGAGTTA-1,0,50,38,3748,6374
ACAGGTGGAGGTGAGG-1,0,51,39,3642,6313
TGCGAGAATATTACCC-1,0,50,40,3748,6252
TTGCGTCGGCCAACCG-1,0,51,41,3642,6192
AGGCTTCCCGAAGAAG-1,0,50,42,3747,6131
GCGGACCGCGTTGTGG-1,0,51,43,3642,6071
GTAATCTGATTCTTCG-1,0,50,44,3747,6010
CCGCGGAATGCGTCAC-1,0,51,45,3642,5949
TTCCACACAGATTTGA-1,0,50,46,3747,5889
CTTCTATTAATGCTAG-1,0,51,47,3641,5828
CATTTGAGTGGTACGT-1,0,50,48,3747,5767
TCACAGCAAACTCGAA-1,0,51,49,3641,5707
CAGACGAACCTGATAC-1,0,50,50,3747,5646
TAGCTAGAAGGCATGA-1,0,51,51,3641,5586
ATCCAGAGCAACAACC-1,0,50,52,3746,5525
TCCGGTTCGTCCGGTC-1,0,51,53,3641,5464
CGCGCATGTTTGATTG-1,0,50,54,3746,5403
TGGCGATCAAGTTATG-1,0,51,55,3641,5343
CCCTTTGACAGGTCTT-1,0,50,56,3746,5282
CAGAGACGGTCACCCA-1,0,51,57,3640,5222
TAGCTCGCCTGATAAC-1,0,50,58,3746,5161
TTGTGTTTCCCGAAAG-1,0,51,59,3640,5100
TATACACAGACGCCTT-1,0,50,60,3746,5040
ACATTAGTTTATATCC-1,0,51,61,3640,4979
CCATCGCAGTTAAACT-1,0,50,62,3745,4918
AATTAGCGCTGCAGCG-1,0,51,63,3640,4858
TCCGCTTATCCCATTA-1,0,50,64,3745,4797
GTTTGGGCTTGTGAGC-1,0,51,65,3640,4737
CTTGTCAACATTCGAG-1,0,50,66,3745,4676
GGACCAACAGGATAAC-1,0,51,67,3639,4615
AAGCTAGATCGAGTAA-1,0,50,68,3745,4555
TACCGTGCCTCGGACC-1,0,51,69,3639,4494
GTAGCCAAACATGGGA-1,0,50,70,3745,4433
TGCCAGTACGTGGAGA-1,0,51,71,3639,4373
ATAAGGTGGAGAACAT-1,0,50,72,3744,4312
CTTTAATATTGGTCGA-1,0,51,73,3639,4252
TGGTTCAACGGGTAAT-1,0,50,74,3744,4191
GCTGCTACTGCGTAGC-1,0,51,75,3639,4130
CTGCACAACTACATAT-1,0,50,76,3744,4070
ATATTCCACATAGTGA-1,0,51,77,3638,4009
TGGCAAACTAAATTAC-1,0,50,78,3744,3948
ACCGCAATAACTGCCT-1,0,51,79,3638,3888
TCGCACCAGGAGGCAG-1,0,50,80,3744,3827
ACTTCAGGCTGATCCC-1,0,51,81,3638,3767
ACAAATCGCACCGAAT-1,0,50,82,3743,3706
TCTGATGTATTCTGTC-1,0,51,83,3638,3645
CTTTACCGAATAGTAG-1,0,50,84,3743,3584
GCAGATCCATAAGACT-1,0,51,85,3638,3524
TTCCTCGGACTAACCA-1,0,50,86,3743,3463
TTATCCGGGATCTATA-1,0,51,87,3637,3403
CTGGAAGACACGGTGG-1,0,50,88,3743,3342
GTTCGTCTAAAGAACT-1,0,51,89,3637,3281
GTCTATTGGTTCCGGT-1,0,50,90,3743,3221
CTAGGCGCCCTATCAG-1,0,51,91,3637,3160
AACGGACGTACGTATA-1,0,50,92,3742,3099
AACACACGCTCGCCGC-1,0,51,93,3637,3039
GCTACTATAGTAGAGT-1,0,50,94,3742,2978
AGCATATCAATATGCT-1,0,51,95,3637,2918
CGAACAGTATGGGCGT-1,0,50,96,3742,2857
ACAATTGTGTCTCTTT-1,0,51,97,3636,2796
GATCGCTACCCGATTT-1,0,50,98,3742,2736
ATTGCGATCAGTAACT-1,0,51,99,3636,2675
CAGCAGTCCAGACTAT-1,0,50,100,3742,2614
AGAGGCTTCGGAAACC-1,0,51,101,3636,2554
AAACAAGTATCTCCCA-1,0,50,102,3741,2493
GGCAGCAAACCTATGC-1,0,51,103,3636,2433
ACTAGTTGCGATCGTC-1,0,50,104,3741,2372
TTGGACCATCTGGCAA-1,0,51,105,3636,2311
CCCTCCTCGCTCGTAT-1,0,50,106,3741,2250
GAGCGCAAATACTCCG-1,0,51,107,3635,2190
ATTACATGTCAGTCTT-1,0,50,108,3741,2129
TTGGGACGTAAGAGTT-1,0,51,109,3635,2069
CTTCGGCCAATTGTTT-1,0,50,110,3741,2008
AGACCGCTCCGCGGTT-1,0,51,111,3635,1947
GACCGCGTCTGACGTG-1,0,50,112,3740,1887
CCAAATAACAAGATTC-1,0,51,113,3635,1826
TCTTTAGAGTCTAACA-1,0,50,114,3740,1765
CTCCCAATGAGTCGCG-1,0,51,115,3635,1705
TAGTCTTTCCGAATTG-1,0,50,116,3740,1644
GAGTAAACCGGAAAGT-1,0,51,117,3634,1584
GATCTCGACGCTGTGG-1,0,50,118,3740,1523
CTGACATAGAAATAGA-1,0,51,119,3634,1462
TATACCGAGTGCCACA-1,0,50,120,3740,1402
TCCGAACGTTGCCGCT-1,0,51,121,3634,1341
GCAGAAGGTAATCTCC-1,0,50,122,3739,1280
GGTACTAAGTGCTTTG-1,0,51,123,3634,1220
CAGAATATTCGTTATC-1,0,50,124,3739,1159
TAATCAACCAAATGGG-1,0,51,125,3634,1099
TCTGCTTAGAACAAGC-1,0,50,126,3739,1038
AACTGAGTTATACTGA-1,0,51,127,3633,977
CCTCAACGATCGCTGT-1,0,52,0,3541,8678
CGGTACGGCAAACCCA-1,0,53,1,3435,8618
CAGATGTTTGTCCCAA-1,0,52,2,3540,8557
GTTTGTTAGCCAAGTA-1,0,53,3,3435,8496
ACGTGACAAAGTAAGT-1,0,52,4,3540,8436
TTGTCACCGCGGTATC-1,0,53,5,3435,8375
GATCTAACCGTATTCA-1,0,52,6,3540,8314
ATGGAAATTTAAGGAG-1,0,53,7,3434,8254
ATTGATCACCACATTT-1,0,52,8,3540,8193
ACTGCTCGGAAGGATG-1,0,53,9,3434,8133
TCTAAAGAACAGTCTC-1,0,52,10,3540,8072
CTGGGTTGAGTTAAAG-1,0,53,11,3434,8011
CCCAGTAAACTTGGGA-1,0,52,12,3539,7950
AGATTCACAACCGATA-1,0,53,13,3434,7890
AGAAGGTACACTTCAC-1,0,52,14,3539,7829
GCAGGAACTTAGATCT-1,0,53,15,3434,7769
AATCTAGGTTTACTTG-1,0,52,16,3539,7708
CCCGGTGTATCGGAAT-1,0,53,17,3433,7647
TTATCCTCAAGGAATA-1,0,52,18,3539,7587
AGCATCATTTCGAAAG-1,0,53,19,3433,7526
CGCGAGTCTGCCGGGT-1,0,52,20,3539,7465
TGCGTCATGACTGAGC-1,0,53,21,3433,7405
GTATGAAATTTCACTC-1,0,52,22,3538,7344
TTGGTTGCGGTGCGCG-1,0,53,23,3433,7284
ACAGAACTGAGAACAA-1,0,52,24,3538,7223
CTACTATCATAGGTTT-1,0,53,25,3433,7162
CCTCTATCGATTAGCA-1,0,52,26,3538,7102
CCGTATCTCGTCGTAG-1,0,53,27,3432,7041
TCACGATGTCCGTGGA-1,0,52,28,3538,6980
TCAACAAAGATAATTC-1,0,53,29,3432,6920
ATGACGCGTTCTATCC-1,0,52,30,3538,6859
ATTTGCGCGAGTAGCT-1,0,53,31,3432,6799
TTCTTGGACGATCTGC-1,0,52,32,3537,6738
AGACGACGATGCCGCT-1,0,53,33,3432,6677
GGTCTCTGAATGGACT-1,0,52,34,3537,6616
GCTCAATCCGTTTATT-1,0,53,35,3432,6556
CCAGAAAGCAACTCAT-1,0,52,36,3537,6495
CACCGTTAGGGATCAC-1,0,53,37,3431,6435
AATAACACTAGAACAA-1,0,52,38,3537,6374
CACCCGGTTTGTGACT-1,0,53,39,3431,6313
CCACCAACTTTACTGT-1,0,52,40,3537,6253
AACTCTCAGTGTGCTC-1,0,53,41,3431,6192
AAACCGTTCGTCCAGG-1,0,52,42,3536,6131
CAGCGATTCCCTTCAA-1,0,53,43,3431,6071
GCTAGCTTGAATAGCT-1,0,52,44,3536,6010
TTGCGGCATCAGAAAG-1,0,53,45,3431,5950
AATAGAACAGAGTGGC-1,0,52,46,3536,5889
GCCATCGAGCTGCGTG-1,0,53,47,3430,5828
ACACTGATCAAGGTGT-1,0,52,48,3536,5768
ACCAACGCTTATTTAT-1,0,53,49,3430,5707
GACATCGATTTATAAC-1,0,52,50,3536,5646
CAGACACCGATCGCTG-1,0,53,51,3430,5586
CCAAGAAAGTGGGCGA-1,0,52,52,3535,5525
GGTAGACCGTTGGGCG-1,0,53,53,3430,5465
TCGTTAGGAGTCCCTA-1,0,52,54,3535,5404
ACGGCCAACATGGACT-1,0,53,55,3430,5343
GTGAGTGGTACAACGC-1,0,52,56,3535,5283
GAGACTTCGCGACCGA-1,0,53,57,3429,5222
GAAGTCAGTTGCACTA-1,0,52,58,3535,5161
GTTTGGTAGGGTCAAC-1,0,53,59,3429,5101
ACGGCACTTGCTTGGG-1,0,52,60,3535,5040
CCTCTGTACTATTCTA-1,0,53,61,3429,4980
CTATTCATGTGTCCCA-1,0,52,62,3534,4919
GCCCGATCTGTGGTCG-1,0,53,63,3429,4858
TTAGAAGAACATGACT-1,0,52,64,3534,4797
AGGATAAAGTCGGGAT-1,0,53,65,3429,4737
CGGCAAACATCGTGCG-1,0,52,66,3534,4676
CTAGTTACAACCCGGT-1,0,53,67,3428,4616
TTCGACAGAGCCCGTG-1,0,52,68,3534,4555
AAGCATACTCTCCTGA-1,0,53,69,3428,4494
GACGACGATCCGCGTT-1,0,52,70,3534,4434
GGTAGAAGACCGCCTG-1,0,53,71,3428,4373
GAGATGGGAGTCGACA-1,0,52,72,3533,4312
AACGATAATGCCGTAG-1,0,53,73,3428,4252
TGGTCCCACGCTACGG-1,0,52,74,3533,4191
CTGCTTGGCGATAGCT-1,0,53,75,3428,4131
ATCGGAGACAGACGGC-1,0,52,76,3533,4070
TAGCGTCCGGTGTGGT-1,0,53,77,3427,4009
GTTGAGTCCCGCCGGT-1,0,52,78,3533,3949
AAATAGGGTGCTATTG-1,0,53,79,3427,3888
AAGTGTTTGGAGACGG-1,0,52,80,3533,3827
AGCACTACCTCACCAG-1,0,53,81,3427,3767
TGCCTTGGCCAGGCAA-1,0,52,82,3532,3706
TCGTCTTAGGCGTTAA-1,0,53,83,3427,3646
TTCTGACCGGGCTCAA-1,0,52,84,3532,3585
CAGAACTTAGCCCTCT-1,0,53,85,3427,3524
AGCTCCTTCGCACATC-1,0,52,86,3532,3464
ACAGGCTTGCCCGACT-1,0,53,87,3426,3403
GCTATACGTCTCGGAC-1,0,52,88,3532,3342
GAGCCAGCTACCTGTG-1,0,53,89,3426,3282
TGCTAAGTGTCTATTT-1,0,52,90,3532,3221
GTCCTACGAATAGTCT-1,0,53,91,3426,3161
CAGTGTCGGCTGGCCC-1,0,52,92,3531,3100
CTATCGACGAAATACA-1,0,53,93,3426,3039
CATCATTACCCTGAGG-1,0,52,94,3531,2978
TAAGTTGCGACGTAGG-1,0,53,95,3426,2918
AGTGCACGCTTAAGAA-1,0,52,96,3531,2857
TGTGCCGGTGCCGGAA-1,0,53,97,3425,2797
AGGAGGCCTTCGCGCG-1,0,52,98,3531,2736
TCCGCGGCCCAATGAA-1,0,53,99,3425,2675
TCCGTTAAGCTAATAT-1,0,52,100,3531,2615
AAATCTAGCCCTGCTA-1,0,53,101,3425,2554
CGCAGGCGATCCAAAC-1,0,52,102,3530,2493
CCATATGGAAACTATA-1,0,53,103,3425,2433
CACCGTATCCCATCCG-1,0,52,104,3530,2372
GGTCAAGACTACTTCG-1,0,53,105,3425,2312
CCCGTTTCGCAGATGT-1,0,52,106,3530,2251
GTTATAATACGGTGAA-1,0,53,107,3424,2190
ACTTGTGGATGGAACG-1,0,52,108,3530,2130
GTTCGCTGAGACGTCT-1,0,53,109,3424,2069
GACACTGGAACCCGAT-1,0,52,110,3530,2008
CCCAGGTCTGAAGGCT-1,0,53,111,3424,1948
TCTCGAGGAGGTTCGC-1,0,52,112,3529,1887
ACTATCTGCCCGCGTA-1,0,53,113,3424,1827
CCTAAATTGTATCCTA-1,0,52,114,3529,1766
AGAAATTATGACTCGC-1,0,53,115,3424,1705
TCCAGCGCTATAAGCG-1,0,52,116,3529,1645
TCGTGTATTGGTCACG-1,0,53,117,3423,1584
CCACATACTGCACCCA-1,0,52,118,3529,1523
GTTGCGGACGGTCAGG-1,0,53,119,3423,1463
GTATTTAATGGCATAA-1,0,52,120,3529,1402
GTCGATAGGTGACTTT-1,0,53,121,3423,1342
AATAATCTTCGTATCG-1,0,52,122,3528,1281
ATTGTTCAACGATCCG-1,0,53,123,3423,1220
GTGCAGCGTAGAGTAG-1,0,52,124,3528,1159
TGTGGTAGGGTGCCTT-1,0,53,125,3423,1099
TGTGGACTATCTACGT-1,0,52,126,3528,1038
GGCGGGCTCTAAGAGT-1,0,53,127,3422,978
TGTGCCAGAGGCAAAG-1,0,54,0,3330,8678
TGGCTTATGTATAATG-1,0,55,1,3224,8618
GCAAGCTGGAAACCGC-1,0,54,2,3329,8557
GATATCAAGCAGGAGC-1,0,55,3,3224,8497
CACCAATCATCCGTCT-1,0,54,4,3329,8436
CCACATGGCTCTTTAT-1,0,55,5,3224,8375
GTCCTACTCTACGGGC-1,0,54,6,3329,8315
CTCGAGACATACGATA-1,0,55,7,3223,8254
TATCAGTGGCGTAGTC-1,0,54,8,3329,8193
TGACAGGACAAGTCCA-1,0,55,9,3223,8133
TATTAACACCAAAGCA-1,0,54,10,3329,8072
TAGGCGATGAGGTCTC-1,0,55,11,3223,8012
CCGCCGGAACTTCTCG-1,0,54,12,3328,7951
GCCATTAGCCTCAAAC-1,0,55,13,3223,7890
GTTAGGCTACCCGTTT-1,0,54,14,3328,7830
GGGTATTCTAGCAAAC-1,0,55,15,3223,7769
GCCCTAGCCGTCGCGA-1,0,54,16,3328,7708
CAGATCCTGGTTTGAA-1,0,55,17,3222,7648
CTTCAGTGGTCGCCTA-1,0,54,18,3328,7587
GGGCAACCGCACGTGC-1,0,55,19,3222,7527
GACCCAATTATGATAC-1,0,54,20,3328,7466
GAAGCTCGGACCCGTC-1,0,55,21,3222,7405
CGTCGGGTCTAAGCGC-1,0,54,22,3327,7344
GAGGCCCGACTCCGCA-1,0,55,23,3222,7284
TTGCCATAGCCCGCTC-1,0,54,24,3327,7223
TAACATACACGCGATC-1,0,55,25,3222,7163
CCGACGGGCATGAGGT-1,0,54,26,3327,7102
AATGTGCCCGAGGTGT-1,0,55,27,3221,7041
AGCTGTAACCTCAATC-1,0,54,28,3327,6981
CGAGTGAAGGTACCAG-1,0,55,29,3221,6920
AGTCTCACAAGACTAC-1,0,54,30,3327,6859
AAATTGATAGTCCTTT-1,0,55,31,3221,6799
TAAGTCGCCGAGTATC-1,0,54,32,3326,6738
GCGGAGAAACTTCGCA-1,0,55,33,3221,6678
GGCAAAGGCGCCAATA-1,0,54,34,3326,6617
ATTTCCGGGTTCTGCG-1,0,55,35,3221,6556
TAAACCCAGGAGGGCA-1,0,54,36,3326,6496
TTCGGGCGCTAGTCTT-1,0,55,37,3220,6435
GTGGAGTCGGCGGTTG-1,0,54,38,3326,6374
GCACGCCTACTTAGAT-1,0,55,39,3220,6314
CAATATTCTTGACCTA-1,0,54,40,3326,6253
CGTTTGTGTAGAGGGT-1,0,55,41,3220,6193
CATAGCGTTGCCCACC-1,0,54,42,3325,6132
TGATACATTTAGCCGT-1,0,55,43,3220,6071
TTCCGGCCTTGAGGCT-1,0,54,44,3325,6011
CCTATACCGTCCTGTC-1,0,55,45,3220,5950
TCGTTGCTATCCGGTC-1,0,54,46,3325,5889
TGGCGACTGCTCCAAA-1,0,55,47,3219,5829
CAGAGGCGATGCATGA-1,0,54,48,3325,5768
TCACAGGAGAATAAGA-1,0,55,49,3219,5708
GGGTTAACATTTGAGT-1,0,54,50,3325,5647
GCGGGCGAGCCTTACC-1,0,55,51,3219,5586
TGCCAATGGGTACTCT-1,0,54,52,3324,5525
AGGGACTCTACGCGAC-1,0,55,53,3219,5465
GACGCCGTAAAGGCTA-1,0,54,54,3324,5404
AAAGGCTCTCGCGCCG-1,0,55,55,3219,5344
CTGGCTGGTTGTCAGT-1,0,54,56,3324,5283
ACATCCCGGCCATACG-1,0,55,57,3218,5222
CTCTTGTCCCGCTTGG-1,0,54,58,3324,5162
TACGCCTCCATTCCGA-1,0,55,59,3218,5101
CGGAGCAATTTAATCG-1,0,54,60,3324,5040
AACTAGGCTTGGGTGT-1,0,55,61,3218,4980
GCGTCGCCAGGGTGAT-1,0,54,62,3323,4919
GTTGGTCATGCTATCC-1,0,55,63,3218,4859
GCTGGCGGCGCATGCT-1,0,54,64,3323,4798
TGAGCGGAAAGTGTTC-1,0,55,65,3218,4737
CTTTCTGTGCGGGCTT-1,0,54,66,3323,4677
ATCTAATATCCTACGG-1,0,55,67,3217,4616
AACCTTTAAATACGGT-1,0,54,68,3323,4555
TTCACTCGAGCACCTA-1,0,55,69,3217,4495
CTGCACTCCAGTACAG-1,0,54,70,3323,4434
CCATTTCTACCTATTA-1,0,55,71,3217,4374
CAAGCGGCACATAATT-1,0,54,72,3322,4313
GTTAACATCACTTAAA-1,0,55,73,3217,4252
ATATAAATGTAGCTGC-1,0,54,74,3322,4191
GCCTCTATACATAGCA-1,0,55,75,3217,4131
GTGTCGTATAGCGTTC-1,0,54,76,3322,4070
ATACGTACTTAGCCAC-1,0,55,77,3216,4010
GCTATCATACTCATGG-1,0,54,78,3322,3949
TATCCAATTGGTTATC-1,0,55,79,3216,3888
TCTCCCTGGGCAGCGT-1,0,54,80,3322,3828
CCTATAATGAGTGCCC-1,0,55,81,3216,3767
CAATGCGAGAAGTATC-1,0,54,82,3321,3706
TACCAATAAAGTACCA-1,0,55,83,3216,3646
GCTAGGCACCACGGAG-1,0,54,84,3321,3585
GGTGGACTGCTCTGGC-1,0,55,85,3216,3525
TATTCCGAGCTGTTAT-1,0,54,86,3321,3464
TTGAGAAGTTTAGCAT-1,0,55,87,3215,3403
GTCCGGACCTGAAATT-1,0,54,88,3321,3343
CTGTGGTCGGGAGATA-1,0,55,89,3215,3282
CATGTAAGAGACATTT-1,0,54,90,3321,3221
CACGTTTCGTACACAC-1,0,55,91,3215,3161
CATCCTCTCAAAGATC-1,0,54,92,3320,3100
GATTAACCGAAAGCCC-1,0,55,93,3215,3040
AACGCTGTTGCTGAAA-1,0,54,94,3320,2979
TTCAGCTGGCGTGCCC-1,0,55,95,3215,2918
TAGAGGTTCTACTTGT-1,0,54,96,3320,2858
GTATCAAACGTTAGCT-1,0,55,97,3214,2797
AATCATGTAAAGACTC-1,0,54,98,3320,2736
AGTCACTAGCTCTCGA-1,0,55,99,3214,2676
GCGAAACGATCGGGAG-1,0,54,100,3320,2615
CATGGATTGTCTTCCG-1,0,55,101,3214,2555
ATTGGATTACAGCGTA-1,0,54,102,3319,2494
CACACACGCTAACGAG-1,0,55,103,3214,2433
CTATGGGAAGCGGAAT-1,0,54,104,3319,2372
TGCCTAATTGAAGATT-1,0,55,105,3214,2312
TGGCAATGGGACGGCG-1,0,54,106,3319,2251
ACCTCCGCCCTCGCTG-1,0,55,107,3213,2191
CGGCAATAAGATCGCC-1,0,54,108,3319,2130
CCTTGACCACTTTATT-1,0,55,109,3213,2069
TCATTTAGAAGTGTGA-1,0,54,110,3319,2009
CAGAATAACACACGGA-1,0,55,111,3213,1948
TCTGAGCAATTGACTG-1,0,54,112,3318,1887
CAACGTGGTGGAGTCT-1,0,55,113,3213,1827
CACAGTTCGCTTCCCA-1,0,54,114,3318,1766
TCTCTCGCCGCACATA-1,0,55,115,3213,1706
TGGGCAGGCCACCGCA-1,0,54,116,3318,1645
CTCCTGTTCAAGGCAG-1,0,55,117,3212,1584
TATTTGATTTGCACAG-1,0,54,118,3318,1524
GCCACTCCTTACGGTA-1,0,55,119,3212,1463
ACCGATATTTAATCAT-1,0,54,120,3318,1402
TTATTATCTGGAAGGC-1,0,55,121,3212,1342
TACATGCCGGAATTGT-1,0,54,122,3317,1281
GGCACTCAGCCGACCC-1,0,55,123,3212,1221
AAACCGGAAATGTTAA-1,0,54,124,3317,1160
AGACAGGCATCTCAGC-1,0,55,125,3212,1099
GTGGTGATGGTTTGTG-1,0,54,126,3317,1039
CCGATATGACGTAAGG-1,0,55,127,3211,978
CATACACAAAGTCAGC-1,0,56,0,3119,8679
TGCCGTTCTTAATCGG-1,0,57,1,3013,8618
TCGAGTCTACGATTCG-1,0,56,2,3118,8557
ACTTCCAGTGGAAGCT-1,0,57,3,3013,8497
CAATTGGGCCGCACTC-1,0,56,4,3118,8436
AAATCGCGGAAGGAGT-1,0,57,5,3013,8376
ATATCAATTCCAGCCT-1,0,56,6,3118,8315
CTTTGTCGAATGCTCC-1,0,57,7,3012,8254
TGAGGCATGTACTGTG-1,0,56,8,3118,8194
TTCGCCGCTCGCGCTA-1,0,57,9,3012,8133
GACTCCTTCCAATTGA-1,0,56,10,3118,8072
ACCGAAGAGTCTGGTT-1,0,57,11,3012,8012
TGGCATGAAGTTTGGG-1,0,56,12,3117,7951
ACGAGGTTTACAACGT-1,0,57,13,3012,7891
AACCCATCCCATGATC-1,0,56,14,3117,7830
TCGACAACTGAACCCG-1,0,57,15,3012,7769
TATCTTGCAATACAAC-1,0,56,16,3117,7709
TATTATGTTTGCCTGC-1,0,57,17,3011,7648
GTCAAAGAAGTGGTGT-1,0,56,18,3117,7587
GGGACAGAGTTACTCC-1,0,57,19,3011,7527
AGCAACCGAAAGTAAT-1,0,56,20,3117,7466
CTCTCTAACTGCCTAG-1,0,57,21,3011,7406
ATACGGAACGTCGTTT-1,0,56,22,3116,7345
TCGGTCCCGACAATAG-1,0,57,23,3011,7284
CGCGCAAATGTCCAGA-1,0,56,24,3116,7224
TCTAATACTGCCTCAG-1,0,57,25,3011,7163
CTCGGTTGTCGGCCCT-1,0,56,26,3116,7102
GGTAACCGGGAGGATA-1,0,57,27,3010,7042
CAGGCGCACGGTGGTC-1,0,56,28,3116,6981
TCATCGATGGTCCCAA-1,0,57,29,3010,6921
CAAAGATTATTGGGCC-1,0,56,30,3116,6860
ACAATGAATACGGAGA-1,0,57,31,3010,6799
GCTCCTGACATACTGG-1,0,56,32,3115,6738
GATGACAAGTAGGGCA-1,0,57,33,3010,6678
TACGCCGAGGGTACCC-1,0,56,34,3115,6617
AAGCGTCCCTCATCGA-1,0,57,35,3010,6557
CACTCCTATGTAAGAT-1,0,56,36,3115,6496
TCGAGCCAGGCAGGCC-1,0,57,37,3009,6435
TCGTCAAGTACGCGCA-1,0,56,38,3115,6375
CCCGTAGCTGGGAAGA-1,0,57,39,3009,6314
ACCCTATGCCATATCG-1,0,56,40,3115,6253
GTGGTATAGTCTGCCG-1,0,57,41,3009,6193
CCGGTTTGTAATTGTG-1,0,56,42,3114,6132
GTCGCCGTTGTGTGTT-1,0,57,43,3009,6072
TACTGAACAGATTTAG-1,0,56,44,3114,6011
TATTAACCTGACCGCG-1,0,57,45,3009,5950
CTGTAGCCATCTCACT-1,0,56,46,3114,5890
TACTATGGTTCCTCAG-1,0,57,47,3008,5829
GAGTCAGACCAGAATC-1,0,56,48,3114,5768
TAAGGCATAACATCAA-1,0,57,49,3008,5708
CTTCCGCTCCGTGAAG-1,0,56,50,3114,5647
GGGCTATGATCGATGG-1,0,57,51,3008,5587
GGTCGGTCGTCCACAG-1,0,56,52,3113,5526
GGGACCCGTATATCTT-1,0,57,53,3008,5465
GAAAGCAGTGCACTTT-1,0,56,54,3113,5405
AGCGCATAATGAATCG-1,0,57,55,3008,5344
GCTGCTAAGTAGTCGA-1,0,56,56,3113,5283
AATAGTCCGTCCCGAC-1,0,57,57,3007,5223
AGCAGCCAGATGAATA-1,0,56,58,3113,5162
CCTCGCGCTGTGCGAT-1,0,57,59,3007,5102
TTGTGTATGCCACCAA-1,0,56,60,3113,5041
TGCTCGGCGAAACCCA-1,0,57,61,3007,4980
CGATTAAATATCTCCT-1,0,56,62,3112,4919
TGCCGTGGATCGTCCT-1,0,57,63,3007,4859
GTGGACGCATTTGTCC-1,0,56,64,3112,4798
ACCCGGAAACTCCCAG-1,0,57,65,3007,4738
CCGCATGTGGTACGAT-1,0,56,66,3112,4677
GCAAACCTTGGCCATA-1,0,57,67,3006,4616
ATTCACTGATGTTGGA-1,0,56,68,3112,4556
ACTCCCTAATGCTAAA-1,0,57,69,3006,4495
TCCTAAATTGGGAAGC-1,0,56,70,3112,4434
GAACAGATTACTAAAT-1,0,57,71,3006,4374
ATACAGGCCCTCCAAT-1,0,56,72,3111,4313
CGATTCGCCTGGCTGC-1,0,57,73,3006,4253
TCCGCCTGTCTACAAG-1,0,56,74,3111,4192
CACATCTCACCGACGA-1,0,57,75,3006,4131
CGTCGTCCTTCGCGAA-1,0,56,76,3111,4071
CGTTGAATACCGCGCT-1,0,57,77,3005,4010
ACCAATATGCAAGTTA-1,0,56,78,3111,3949
ACGGATGGTGCGGATA-1,0,57,79,3005,3889
CACCCTAACAAGATCT-1,0,56,80,3111,3828
AAGCTCTTTCATGGTG-1,0,57,81,3005,3768
CATGGGTATGCCTTAT-1,0,56,82,3110,3707
GCGCGTCATTGGTACA-1,0,57,83,3005,3646
TCTGAAGCACGTGGTC-1,0,56,84,3110,3585
AAGTTCACTCCAAGCT-1,0,57,85,3005,3525
TTGGACCTATAACAGT-1,0,56,86,3110,3464
ATCAGCCTCATGCTGC-1,0,57,87,3004,3404
AGTACTCTTATGCCCA-1,0,56,88,3110,3343
GCGCTTAAATAATTGG-1,0,57,89,3004,3282
TTGTGAACCTAATCCG-1,0,56,90,3110,3222
AGTCGTCGACCACCAA-1,0,57,91,3004,3161
TCCTTTAAATCCGCTT-1,0,56,92,3109,3100
ACTGAAACGCCGTTAG-1,0,57,93,3004,3040
GCACACACTGGTAGCC-1,0,56,94,3109,2979
TAAGGGCCTGTCCGAT-1,0,57,95,3004,2919
GCTAGAGTAGAGATGT-1,0,56,96,3109,2858
CACAGGGCCATATAGT-1,0,57,97,3003,2797
CCATGCCCTAGATTTC-1,0,56,98,3109,2737
TCGCGTAGCAGTGTCC-1,0,57,99,3003,2676
GACGAGGCTAATAAAC-1,0,56,100,3109,2615
CTACACTCGCAGATGG-1,0,57,101,3003,2555
ACGCATACGTTTACTA-1,0,56,102,3108,2494
GGAGCAACATTTCAAG-1,0,57,103,3003,2434
CGAGAGGGTAGCCGCG-1,0,56,104,3108,2373
TCGTGTTCGACCACAA-1,0,57,105,3003,2312
TCTACCCAATAGAGAG-1,0,56,106,3108,2252
ATAAACGTTGCACCAC-1,0,57,107,3002,2191
TCAACTGCAGAGTCAG-1,0,56,108,3108,2130
AGCTCCATATATGTTC-1,0,57,109,3002,2070
GTAACATCTAAGATAA-1,0,56,110,3108,2009
CCGACAATAGGCCGCC-1,0,57,111,3002,1949
ATGCTTAGGAGTTGAT-1,0,56,112,3107,1888
AACCCGAGCAGAATCG-1,0,57,113,3002,1827
CGGGTTTGTTAGGGCT-1,0,56,114,3107,1766
AGGCACGTGACTGTCC-1,0,57,115,3002,1706
GACAAGAGATGAGATT-1,0,56,116,3107,1645
AGCCCTTGGACATCCC-1,0,57,117,3001,1585
GCAGTTCGATCCGAGC-1,0,56,118,3107,1524
TCGAGGGCAACAGACG-1,0,57,119,3001,1463
ACTTTGTCGACGCACT-1,0,56,120,3107,1403
GAGTATCAAAGTTACA-1,0,57,121,3001,1342
CCAGGCTGGCGTCTGA-1,0,56,122,3106,1281
GGACTCTTCCGGTTGA-1,0,57,123,3001,1221
TCCCAGCACACGACAT-1,0,56,124,3106,1160
GCTCCATGAGTGCAGA-1,0,57,125,3001,1100
GCAGTGCGGGCGGATG-1,0,56,126,3106,1039
GCGTTCTGACTAAGCG-1,0,57,127,3000,978
ATTTGGAGATTGCGGT-1,0,58,0,2908,8679
AAGGGTTTGATTTCAG-1,0,59,1,2802,8619
CCGGCCGCGAGCATAT-1,0,58,2,2907,8558
GAGTTCTGTGGGTGCT-1,0,59,3,2802,8497
AAACGAAGATGGAGTA-1,0,58,4,2907,8437
AATTACGAGACCCATC-1,0,59,5,2802,8376
CCTTTGAATTATGGCT-1,0,58,6,2907,8315
CATGGTATTAGTTTGT-1,0,59,7,2801,8255
AACGAAAGTCGTCCCA-1,0,58,8,2907,8194
ACATAAGTCGTGGTGA-1,0,59,9,2801,8134
GCACAACCTCGGGCGT-1,0,58,10,2907,8073
ATGCACGCGCTGTTCA-1,0,59,11,2801,8012
CGATGTTGTTATCTAC-1,0,58,12,2906,7951
GTCTCCTGCCAGTATG-1,0,59,13,2801,7891
GATGCCTTCTGCGGCA-1,0,58,14,2906,7830
ACCGGTCAGGTACACC-1,0,59,15,2801,7770
GTGGAGCGTTTACCGA-1,0,58,16,2906,7709
AGGCGGTTTGTCCCGC-1,0,59,17,2800,7648
TCCCTGGCGTATTAAC-1,0,58,18,2906,7588
AAACACCAATAACTGC-1,0,59,19,2800,7527
TGGACGCAATCCAGCC-1,0,58,20,2906,7466
GGAACCTTGACTCTGC-1,0,59,21,2800,7406
GTATCTCAGTCTTGAC-1,0,58,22,2905,7345
GCTGAATCTTCCAATC-1,0,59,23,2800,7285
AGATGCAAGACGTGCA-1,0,58,24,2905,7224
TTAAGGCCCGTACTTT-1,0,59,25,2800,7163
AGTATGCTGGAGACCA-1,0,58,26,2905,7103
GCGGCAAAGTATTGCC-1,0,59,27,2799,7042
GCGCAAATATATTCAA-1,0,58,28,2905,6981
GAAGAAACGATATTGT-1,0,59,29,2799,6921
GGACCTCTAGGCCGCC-1,0,58,30,2905,6860
AACAGCTGTGTGGCAA-1,0,59,31,2799,6800
TCGAATATCCCGCAGG-1,0,58,32,2904,6739
GCGACCCAACCATCTG-1,0,59,33,2799,6678
AGAGAAGGAGTACAAT-1,0,58,34,2904,6618
GGCTCCTCCACCTGTT-1,0,59,35,2799,6557
TCAGTGTATACGTCAT-1,0,58,36,2904,6496
ATTATTATGTCCGTCA-1,0,59,37,2798,6436
TTAGGTCATAACCGAC-1,0,58,38,2904,6375
AAGATGGCACCGGACC-1,0,59,39,2798,6315
CTACAAGAAATAACCC-1,0,58,40,2904,6254
ACTATTTCCGGGCCCA-1,0,59,41,2798,6193
TTGTTTCACATCCAGG-1,0,58,42,2903,6132
CGCTGTGTGGATGTTG-1,0,59,43,2798,6072
TCAACATAGCGCCCTA-1,0,58,44,2903,6011
GGCCGTTTGGGTTTCA-1,0,59,45,2798,5951
TACTCTTTCGTCTTCA-1,0,58,46,2903,5890
TTCGCGCGCCATACGA-1,0,59,47,2797,5829
CGGAAAGAATCAAACG-1,0,58,48,2903,5769
AGGCAGGGAGCGTACT-1,0,59,49,2797,5708
CCTTTAAGGGAGCACT-1,0,58,50,2903,5647
CGCCCAGCACGCCTAG-1,0,59,51,2797,5587
AGTATTTGGCACGACC-1,0,58,52,2902,5526
TATCCGCACCGTCGGG-1,0,59,53,2797,5466
ACCCGTGTCATCAGTA-1,0,58,54,2902,5405
CAACTGCTCATCCGAT-1,0,59,55,2797,5344
CCGGAGCGTACTTTCT-1,0,58,56,2902,5284
TACCGTAGGTTAACTA-1,0,59,57,2796,5223
TGAGGAGTGCCAGCTT-1,0,58,58,2902,5162
CCAGTCTTGTCATAGA-1,0,59,59,2796,5102
GGGCAGAGCAATCGTT-1,0,58,60,2902,5041
TACCAAATAGCCCAGA-1,0,59,61,2796,4981
TACCTACTCCCAGTAT-1,0,58,62,2901,4920
TGTGAGACTAGCCCAA-1,0,59,63,2796,4859
ATACCTAACCAAGAAA-1,0,58,64,2901,4799
GTCGGGAAGCAGAAAC-1,0,59,65,2796,4738
AATTAACGGATTTCCA-1,0,58,66,2901,4677
GAACCCTCTGTGTTCT-1,0,59,67,2795,4617
ATATAAAGCGCTCGTG-1,0,58,68,2901,4556
CCTGGTCGAATGTGGG-1,0,59,69,2795,4496
CTAGGTTCGGACGTGA-1,0,58,70,2901,4435
TCGGGAGACAGCGTAC-1,0,59,71,2795,4374
CATAAGAAGCTTGGCT-1,0,58,72,2900,4313
AAGCACCCTGCGTATC-1,0,59,73,2795,4253
AGTTTGCACCTGCCTC-1,0,58,74,2900,4192
GACTGCAAATCGAGCT-1,0,59,75,2795,4132
GTGTATATCAGCGGGC-1,0,58,76,2900,4071
CTTCAACTCCACTTGG-1,0,59,77,2794,4010
ACTTACGCATCCACGC-1,0,58,78,2900,3950
CATGAGATGCACTCTC-1,0,59,79,2794,3889
GAGCACCTGTGTCCAG-1,0,58,80,2900,3828
CGCGACCGCGACAGAT-1,0,59,81,2794,3768
GTCCCGCGACGTTATG-1,0,58,82,2899,3707
GCAGTGTGGCTATAGG-1,0,59,83,2794,3647
ATACTGCCTTACACCG-1,0,58,84,2899,3586
TACAGAAACGGTGGGC-1,0,59,85,2794,3525
GGCGCGGAGATCTTTC-1,0,58,86,2899,3465
CGTTAATGTCCCGACG-1,0,59,87,2793,3404
GCTAACTGAAGTCTGA-1,0,58,88,2899,3343
AGTGATAACCTGCGCG-1,0,59,89,2793,3283
TATGATCTTCTCTTTA-1,0,58,90,2899,3222
TGTACCTACACGAGGG-1,0,59,91,2793,3162
ATATCGTTCCTCGAAC-1,0,58,92,2898,3101
CGGCGCCATCAATCCC-1,0,59,93,2793,3040
CCTGTTTGAAGACACG-1,0,58,94,2898,2979
GCCACTCAGAGCGCGA-1,0,59,95,2793,2919
TCGGCTTGTATCGACG-1,0,58,96,2898,2858
TAGATGGTTCCTTACT-1,0,59,97,2792,2798
ATCGTTAGCTAGCGGA-1,0,58,98,2898,2737
ACAGCGACATTCTCAT-1,0,59,99,2792,2677
ATTCAACCATTTAAGG-1,0,58,100,2898,2616
CACTCTTCTGCTAGCC-1,0,59,101,2792,2555
CTAACTGATAATCGCC-1,0,58,102,2897,2494
TGATGTCAATTAAGTG-1,0,59,103,2792,2434
CGCCGTTCAGCATAGT-1,0,58,104,2897,2373
ATACTACCCGTACCAC-1,0,59,105,2792,2313
CCACTGTTTGGATTAA-1,0,58,106,2897,2252
CACTACGGGAGCTGCC-1,0,59,107,2791,2191
GACCAAACGTTGACTG-1,0,58,108,2897,2131
AAGAGGCCCTTTGGAA-1,0,59,109,2791,2070
ACACGTAGGCCACAAG-1,0,58,110,2897,2009
TACTCTTACTTTACTG-1,0,59,111,2791,1949
AGAGCCGCCGAGATTT-1,0,58,112,2896,1888
GGCCTGCTTCTCCCGA-1,0,59,113,2791,1828
TCAAGCGCGGACGGTA-1,0,58,114,2896,1767
ACACTGGGACAGTCGT-1,0,59,115,2791,1706
TGTGTAGTAGCACGTG-1,0,58,116,2896,1646
CTAGCCACAGGCGAGC-1,0,59,117,2790,1585
CTATCGCGTAGAGAAC-1,0,58,118,2896,1524
GTTCCCGTAAACATAT-1,0,59,119,2790,1464
TCTTTCCTTCGAGATA-1,0,58,120,2896,1403
ATATTGGAGAGGCCTT-1,0,59,121,2790,1343
AGGCGATAACTGGCGT-1,0,58,122,2895,1282
ACCCGGAGCACCACAA-1,0,59,123,2790,1221
TGAGCTCAACTGTATA-1,0,58,124,2895,1160
ACGACCCATGAGTTGC-1,0,59,125,2790,1100
CGGTCAGTCCATATTT-1,0,58,126,2895,1039
TCCGGCTGTCGGGTCG-1,0,59,127,2789,979
ATTCCCGAAGGTACAG-1,0,60,0,2697,8679
CTAACAGCACAATAAC-1,0,61,1,2591,8619
TTGTGCGGAAGCGGAT-1,0,60,2,2696,8558
GGGCACTATTGACCAT-1,0,61,3,2591,8498
CCATAGAGGCTGCCAG-1,0,60,4,2696,8437
CCGAAGCATTGACCAA-1,0,61,5,2591,8376
TACTGAGGGAAGAAAG-1,0,60,6,2696,8316
TATGTAGAAACCCGGC-1,0,61,7,2590,8255
TGGTTAACTTACATTT-1,0,60,8,2696,8194
AGAACCCTCAATTGGG-1,0,61,9,2590,8134
CCTATATCGTGTCACG-1,0,60,10,2696,8073
ACGGCTGGATGTAGAA-1,0,61,11,2590,8013
CTCGCATTGCATAGCC-1,0,60,12,2695,7952
ACTTTGGTCGTGCTCC-1,0,61,13,2590,7891
GCTGGTTTAGGCCATA-1,0,60,14,2695,7831
TGTCGTTATCACATAT-1,0,61,15,2590,7770
ACACATGATCAAATCT-1,0,60,16,2695,7709
TATCCATCTCGGTTAG-1,0,61,17,2589,7649
CTCGTCGAGGGCTCAT-1,0,60,18,2695,7588
ATCAATGCCGTGGCTG-1,0,61,19,2589,7528
GAAACATAGGAAACAG-1,0,60,20,2695,7467
TAATAGGTCACCAGAA-1,0,61,21,2589,7406
CACCAGTCAGCATGCA-1,0,60,22,2694,7345
GAGCGCTGTTAGGTAA-1,0,61,23,2589,7285
CCCTATGTAGAGCAGA-1,0,60,24,2694,7224
GATCGCTATATCTCAG-1,0,61,25,2589,7164
AAGGGACTATGCATTC-1,0,60,26,2694,7103
CTCGGGTTCTCTGGCC-1,0,61,27,2588,7043
TATATATCGAGAAATG-1,0,60,28,2694,6982
ACCCGAGCGAAATTAC-1,0,61,29,2588,6921
TTGTTTCATTAGTCTA-1,0,60,30,2694,6860
ATGGGACCTGCTGAAC-1,0,61,31,2588,6800
TGCGACGGCCGAACGT-1,0,60,32,2693,6739
AGCTAACAAGCAATGT-1,0,61,33,2588,6679
CGTGTCTCGTTACGAC-1,0,60,34,2693,6618
CTAAATCCGGTGTACA-1,0,61,35,2588,6557
GAATAGTGCTCGATTA-1,0,60,36,2693,6497
AACAATACATTGTCGA-1,0,61,37,2587,6436
CACATCGTGCACGCGC-1,0,60,38,2693,6375
ACCGTGACCACGTGGG-1,0,61,39,2587,6315
CCCAATGAGATTTGCA-1,0,60,40,2693,6254
TCAGCAGTAGGCCCTG-1,0,61,41,2587,6194
CTACTCAAGGTATAGT-1,0,60,42,2692,6133
TAGTAGCTTATACCAG-1,0,61,43,2587,6072
ACGTTCGTTCAGGAAA-1,0,60,44,2692,6012
TTAGAATAAGGGTCGG-1,0,61,45,2587,5951
TTCTAGAAAGTCTTAT-1,0,60,46,2692,5890
CCTTCAGTTAAAGTGA-1,0,61,47,2586,5830
TAGCTAGTGATGATGG-1,0,60,48,2692,5769
AGCCCGGTAGCCTGTA-1,0,61,49,2586,5709
TACCTCAGTTGTCTGT-1,0,60,50,2692,5648
GACGGGTTGGCCCGTA-1,0,61,51,2586,5587
GAAACCTATACAAATG-1,0,60,52,2691,5526
TCCACCTCTAGCCTTT-1,0,61,53,2586,5466
AAGACCCAACTGAACA-1,0,60,54,2691,5405
CATACACGGTTCCCAC-1,0,61,55,2586,5345
ACTACGCGTTAGAATT-1,0,60,56,2691,5284
CTTGGCCAAGCTGGGA-1,0,61,57,2585,5223
TTACCCTAGGGATTGG-1,0,60,58,2691,5163
TTCGCACTGTACGACA-1,0,61,59,2585,5102
TAGGTGTTCCACAGAT-1,0,60,60,2691,5041
GAAGCCTGCACATTCC-1,0,61,61,2585,4981
GGCTTTCAATAAGGGT-1,0,60,62,2690,4920
TCCAGGGTATATACGA-1,0,61,63,2585,4860
CTCGCCGAATGTAGGG-1,0,60,64,2690,4799
AGGAAGCTGTCCGCCG-1,0,61,65,2585,4738
GTCTCAAGGCCCGGCT-1,0,60,66,2690,4678
ACCGACACATCTCCCA-1,0,61,67,2584,4617
TATACGCGTCATCACT-1,0,60,68,2690,4556
ATCTGGGCTGTTCTTG-1,0,61,69,2584,4496
TCAAATTTGAGACTCA-1,0,60,70,2690,4435
GTTAAGGGTGCGATGT-1,0,61,71,2584,4375
AGCAAAGGCCGCTAGT-1,0,60,72,2689,4314
TTATAGGTAATTGTCT-1,0,61,73,2584,4253
TTGTGCAGCCACGTCA-1,0,60,74,2689,4193
ACGGACTCTCAAAGCG-1,0,61,75,2584,4132
ATGCTCTGGCGCGGTA-1,0,60,76,2689,4071
ATAATCTTGGAGAACC-1,0,61,77,2583,4011
CTCATTGCTCTAACAA-1,0,60,78,2689,3950
TAGGTGACGATAACCT-1,0,61,79,2583,3890
CGGATCCTCAAGGACT-1,0,60,80,2689,3829
GGGCGTGGTTTCCCAG-1,0,61,81,2583,3768
TGGCTATGTGACATAC-1,0,60,82,2688,3707
CTTAGTGTAGTAGCAT-1,0,61,83,2583,3647
GGATTGCTGTGACTCC-1,0,60,84,2688,3586
ACTTCCATGCGGGACA-1,0,61,85,2583,3526
ACTCAAGTGCAAGGCT-1,0,60,86,2688,3465
ACAAGGATGCTTTAGG-1,0,61,87,2582,3404
TTGAACGACGTGCTGA-1,0,60,88,2688,3344
ATTCATCGTTGAGGCA-1,0,61,89,2582,3283
TGCAACCCATCTGCGG-1,0,60,90,2688,3222
AGTGCTAAACACAGCA-1,0,61,91,2582,3162
AACTCCAGAGCGTGTT-1,0,60,92,2687,3101
TCTCCACAAGTTGAAT-1,0,61,93,2582,3041
CTTTGCATCGCTCTTG-1,0,60,94,2687,2980
TCACAAACCGAGGTAC-1,0,61,95,2582,2919
CCGTAGGAAATCCCTG-1,0,60,96,2687,2859
AAACATTTCCCGGATT-1,0,61,97,2581,2798
GCCTCCGACAATTCAC-1,0,60,98,2687,2737
TCTGCATACCTTGCTT-1,0,61,99,2581,2677
ACCCATTTGTCCCTCT-1,0,60,100,2687,2616
CTGCAGAGAATCAGAG-1,0,61,101,2581,2556
GGAAACTAAATGGGCC-1,0,60,102,2686,2495
CAACCTACCGAGCAGT-1,0,61,103,2581,2434
CCGTAGGGTTGTTTAC-1,0,60,104,2686,2374
GGTTTGTGACCTGAGG-1,0,61,105,2581,2313
TAACCTAGGGAGTCCA-1,0,60,106,2686,2252
TTCCATCGACAGCGTG-1,0,61,107,2580,2192
ATCTCCCACGGAATAT-1,0,60,108,2686,2131
GTTTCAAACGAGTTGT-1,0,61,109,2580,2071
GGAACTTTGGCGATTA-1,0,60,110,2686,2010
CTGCAAGCACGTTCCG-1,0,61,111,2580,1949
CACAGTCCCGCTTCGC-1,0,60,112,2685,1888
TACGCTCGGTATTGGA-1,0,61,113,2580,1828
CTGGTAAAGTGTGGGC-1,0,60,114,2685,1767
CAACCAGTGGCCTACC-1,0,61,115,2580,1707
TCTTCGCGGTGAGAGG-1,0,60,116,2685,1646
TTCGGGTTGCCACGGG-1,0,61,117,2579,1585
ACCGATAGGCATAACC-1,0,60,118,2685,1525
CTTATAGATGGCTGTT-1,0,61,119,2579,1464
AGACGCCCACTTCGCC-1,0,60,120,2685,1403
AGGTCGCCTCCCAACA-1,0,61,121,2579,1343
CCTCACGTCAGCTAAT-1,0,60,122,2684,1282
CCACCTGTATGGAATA-1,0,61,123,2579,1222
GGACTCGAAGCTTTCA-1,0,60,124,2684,1161
AAGCCGGAGAGCAGGA-1,0,61,125,2579,1100
GCCTATCAGGTAAGAT-1,0,60,126,2684,1040
TCAGAGTGTGAGCATG-1,0,61,127,2578,979
AAACATGGTGAGAGGA-1,0,62,0,2486,8680
ATCATTGTACCGCATT-1,0,63,1,2380,8619
TCAGCTTGAGCTTTCG-1,0,62,2,2485,8559
CCGCGCAAGATACCCA-1,0,63,3,2380,8498
CTATACTTAAAGCGAG-1,0,62,4,2485,8437
ACCGTCCACTGGGCCC-1,0,63,5,2380,8377
AAGACCAAATAACTCA-1,0,62,6,2485,8316
TGTTTCTGAAGCGTGC-1,0,63,7,2379,8256
TTCTCTTACAGGTGAT-1,0,62,8,2485,8195
AATTCATTGTCATGCA-1,0,63,9,2379,8134
GCCCGAGAGTCTAAAT-1,0,62,10,2485,8073
ATATAGAGTATTGGTC-1,0,63,11,2379,8013
TTGAAGGATGGGCGCC-1,0,62,12,2484,7952
TAGTACCACAACTTTC-1,0,63,13,2379,7892
ATCCCATCCACAGCGC-1,0,62,14,2484,7831
CTTAGGTATAGACCAG-1,0,63,15,2379,7770
TGACTCCGAATCATAC-1,0,62,16,2484,7710
ACTACATCCCGACAAG-1,0,63,17,2378,7649
TTGCCGCAGACCTACA-1,0,62,18,2484,7588
TAAGAGGGACAGGGAC-1,0,63,19,2378,7528
CGAATGAAGTCATTGC-1,0,62,20,2484,7467
AAGGGAACGACTGGCT-1,0,63,21,2378,7407
CGAATCTGCTCGACGC-1,0,62,22,2483,7346
ATCGTGGAAAGTCTGG-1,0,63,23,2378,7285
CCTATGGCTCCTAGTG-1,0,62,24,2483,7225
CGTCGCTTGGTTATAC-1,0,63,25,2378,7164
TGCTTAGAGAGAATGC-1,0,62,26,2483,7103
GATTGCTCCAGTTGCA-1,0,63,27,2377,7043
CGTGCTTCTACCTAAA-1,0,62,28,2483,6982
ACTCCAATATCATCAT-1,0,63,29,2377,6922
GCCGACCCACGACTGC-1,0,62,30,2483,6861
GAGGGTAGTAACAAAG-1,0,63,31,2377,6800
GGCCGAGACTCTGGTG-1,0,62,32,2482,6740
TATATAGGGCTTTACG-1,0,63,33,2377,6679
TGCCGGATGTACGAGC-1,0,62,34,2482,6618
AGGTAGATCGAGATAT-1,0,63,35,2377,6558
GATCAACATAAAGGGA-1,0,62,36,2482,6497
TAACAGCGTTTGTGCT-1,0,63,37,2376,6437
CTATAGGCGTTGATGT-1,0,62,38,2482,6376
GGTTTAATTACCATCG-1,0,63,39,2376,6315
CTCTTCTGGAAGTTAG-1,0,62,40,2482,6254
ATCTGACATGGAAGGA-1,0,63,41,2376,6194
TACGTACTAGTGCTGA-1,0,62,42,2481,6133
ATGACTATCAGCTGTG-1,0,63,43,2376,6073
CTTTGGGATTGTTGCA-1,0,62,44,2481,6012
AGACTGTTACCGGGTC-1,0,63,45,2376,5951
TCCTAACCGTCGGGCA-1,0,62,46,2481,5891
ACGCAAACTAATAGAT-1,0,63,47,2375,5830
AAGTGAGTCGGGTTTA-1,0,62,48,2481,5769
TAAAGCGGTATTTCCA-1,0,63,49,2375,5709
CTCCTCCAGCTCACAC-1,0,62,50,2481,5648
CGGTCCGTCGCAAGCC-1,0,63,51,2375,5588
CCTATATTTGTCCTGG-1,0,62,52,2480,5527
TCCAATAAAGGCTACC-1,0,63,53,2375,5466
AAAGGCTACGGACCAT-1,0,62,54,2480,5406
CGTGACCAGTCCTCTG-1,0,63,55,2375,5345
GATCTGCTATCTAAGG-1,0,62,56,2480,5284
CGAATGACGCATAATG-1,0,63,57,2374,5224
GCTCAATGTAATACCG-1,0,62,58,2480,5163
CTATGCCCGAATGCAA-1,0,63,59,2374,5103
CACAGGGCCGTTGTCA-1,0,62,60,2480,5042
TCAATACGCCGTCATG-1,0,63,61,2374,4981
AGCGGACACTTCGTAG-1,0,62,62,2479,4920
ATACGTTATGCACGGA-1,0,63,63,2374,4860
GAGTAGATACTAGTTG-1,0,62,64,2479,4799
CCAGCTCGAACGCATT-1,0,63,65,2374,4739
TGCTTCCCAAGCAGTA-1,0,62,66,2479,4678
GTAGACACGCCTGACT-1,0,63,67,2373,4617
CTCACATTTACTAAAT-1,0,62,68,2479,4557
GAATGCGAATCGGTTC-1,0,63,69,2373,4496
TAAGGCCCGTCACCCT-1,0,62,70,2479,4435
GAGTATGCGCGTGCAT-1,0,63,71,2373,4375
ATCCACATCGACAGAA-1,0,62,72,2478,4314
TAGACGAAACGCCAAT-1,0,63,73,2373,4254
CAGCAGTCTGTGCTGC-1,0,62,74,2478,4193
CTCACTGTGATACTTA-1,0,63,75,2373,4132
TTAATTGCTTTGGGTG-1,0,62,76,2478,4072
GTAGTCTACGATATTG-1,0,63,77,2372,4011
TTGCCGCTTTCTAGTA-1,0,62,78,2478,3950
GAACCTTTAACGATCC-1,0,63,79,2372,3890
TGGACCAATCTAAGAT-1,0,62,80,2478,3829
CTAGTAGAAAGGGATT-1,0,63,81,2372,3769
AACCTCGCTTTAGCCC-1,0,62,82,2477,3708
GAGTGTCAACCAGAAA-1,0,63,83,2372,3647
GTGATCCTTGTCATGA-1,0,62,84,2477,3587
CTCAACTAACCCGGAT-1,0,63,85,2372,3526
AGTGGCGTCTGAAGGT-1,0,62,86,2477,3465
GGGAAGGGCTTTCTCA-1,0,63,87,2371,3405
AGGCCTGAGAATCTCG-1,0,62,88,2477,3344
AGCCACAGGTTACCCG-1,0,63,89,2371,3284
TGCAATCTAACACGGT-1,0,62,90,2477,3223
GTTTGGGTTTCGCCCG-1,0,63,91,2371,3162
CCTATGTCCACTCCAC-1,0,62,92,2476,3101
CTGCCTTTCTAGTAAA-1,0,63,93,2371,3041
TTAGTAAACCTGCTCT-1,0,62,94,2476,2980
TTGTGGTGGTACTAAG-1,0,63,95,2371,2920
CCTCCTGTTGTGTCGT-1,0,62,96,2476,2859
ACAAAGCATGACCTAG-1,0,63,97,2370,2798
ATAGCAACTAGGGAAG-1,0,62,98,2476,2738
CCGCTCTTCCGAACTA-1,0,63,99,2370,2677
TAGAATAGCCGATGAA-1,0,62,100,2476,2616
GGTCTCCGTCCAGGTT-1,0,63,101,2370,2556
TAATTACGTCAGTAGA-1,0,62,102,2475,2495
TACGTAAAGCGGAGTG-1,0,63,103,2370,2435
GCTACAATCGAGGATA-1,0,62,104,2475,2374
TCAGCCAATCCGTAAA-1,0,63,105,2370,2313
ATCATAGCCCTATGTA-1,0,62,106,2475,2253
GAGGCCTGTTGATACA-1,0,63,107,2369,2192
ATATACGCTCGTGACG-1,0,62,108,2475,2131
CCCTTTAATGGAGTTC-1,0,63,109,2369,2071
TTACACGATCTGCGAC-1,0,62,110,2475,2010
TCGCATAAAGGGCGCA-1,0,63,111,2369,1950
TGTAGCCATCCCATTC-1,0,62,112,2474,1889
GGGTCTATCGCTTTCC-1,0,63,113,2369,1828
GGAGGGTCAAGTAAGA-1,0,62,114,2474,1768
TACGGCATGGACGCTA-1,0,63,115,2369,1707
CACGTCAATCAATGGA-1,0,62,116,2474,1646
CGCTTGGACGGATAGA-1,0,63,117,2368,1586
CGCGGTACGGTATACA-1,0,62,118,2474,1525
CCTACTCAACACGATT-1,0,63,119,2368,1465
CGTTTGGTGTTGTGGG-1,0,62,120,2474,1404
GTTGTTGCAAGATGGC-1,0,63,121,2368,1343
CATTCGTCGTAGCGGT-1,0,62,122,2473,1282
CAGCCTCGATAGCGGT-1,0,63,123,2368,1222
TCATAAGTCCAAGAAG-1,0,62,124,2473,1161
AAAGTGCCATCAATTA-1,0,63,125,2367,1101
GTTGCAGTCGACAACA-1,0,62,126,2473,1040
TAAATGGGCTACTGAG-1,0,63,127,2367,979
GGACAAGCCATGATCG-1,0,64,0,2275,8680
TCCAATGCGTCGCCGC-1,0,65,1,2169,8620
AAAGAATGACCTTAGA-1,0,64,2,2274,8559
CCTATTATTCCGGCCG-1,0,65,3,2169,8498
CAGTAAGGGACGTCTC-1,0,64,4,2274,8438
GGGATGGACCCGCGTC-1,0,65,5,2169,8377
GACGCATACCCGTCGG-1,0,64,6,2274,8316
GGGCAGGATTTCTGTG-1,0,65,7,2168,8256
TATCTGAGCCGATATT-1,0,64,8,2274,8195
AATGTATGGCACTGTA-1,0,65,9,2168,8135
GCCTTTGTCAGTGGAC-1,0,64,10,2274,8074
AACCATAGGGTTGAAC-1,0,65,11,2168,8013
AAACTTAATTGCACGC-1,0,64,12,2273,7953
TAGGCGGCTGCAAAGA-1,0,65,13,2168,7892
TCCATCAATACTAATC-1,0,64,14,2273,7831
ACCTCGAACTTATGCT-1,0,65,15,2168,7771
ACAAACCATGCGTCCT-1,0,64,16,2273,7710
ACACCGGTCTGACCGC-1,0,65,17,2167,7650
ATGGCAGCATTACGAT-1,0,64,18,2273,7589
CTGGTGAATGGGCCTA-1,0,65,19,2167,7528
CACAGAGACGAGGACG-1,0,64,20,2273,7467
GCACAAACCCTAGATG-1,0,65,21,2167,7407
ACTATGTCCAGCTGCC-1,0,64,22,2272,7346
AAGCCGCCGTGAAATC-1,0,65,23,2167,7286
ATGGGTGTATACCTCC-1,0,64,24,2272,7225
TAAGCGCGAATCAAAT-1,0,65,25,2167,7164
AGCCCGGCATTAGAGG-1,0,64,26,2272,7104
GTGATCAAGCGTGCAC-1,0,65,27,2166,7043
CTGCCTTTAATACCTT-1,0,64,28,2272,6982
TACCTCCACACCAATG-1,0,65,29,2166,6922
GAGCATCAACAACTTG-1,0,64,30,2272,6861
CATACGAACTAGCTGG-1,0,65,31,2166,6801
GGGAACGGTTTCAGAT-1,0,64,32,2271,6740
AGGGTGCCGTTCTTTA-1,0,65,33,2166,6679
ACGACTGGTCATACTC-1,0,64,34,2271,6619
GGATCTTACTGCCCTT-1,0,65,35,2166,6558
TACTCCTCTAGTTGAC-1,0,64,36,2271,6497
GTAGCTCCGGGAGGCT-1,0,65,37,2165,6437
GGACTCGTGAGTGGTC-1,0,64,38,2271,6376
GTAGTTCGAAGGCGAA-1,0,65,39,2165,6316
CTCAAACCACTGCCCG-1,0,64,40,2271,6255
GAGGGAGTCAGATCGC-1,0,65,41,2165,6194
GCGTCCCTAAGACATA-1,0,64,42,2270,6134
TCTCTTACCGCGAACC-1,0,65,43,2165,6073
GGCTACTATACACTCC-1,0,64,44,2270,6012
CGTTGCCCGCGTGGGA-1,0,65,45,2165,5952
TATAGAGTCGCTTGAA-1,0,64,46,2270,5891
ATGTTGTAGTCTGTTT-1,0,65,47,2164,5831
AGTATACACAGCGACA-1,0,64,48,2270,5770
TGTGGTTGCTAAAGCT-1,0,65,49,2164,5709
TGATTCCCGGTTACCT-1,0,64,50,2270,5648
CACTGACGATTGTGGA-1,0,65,51,2164,5588
AACATTGTGACTCGAG-1,0,64,52,2269,5527
GTCCAATATTTAGCCT-1,0,65,53,2164,5467
GCTCTTTCCGCTAGTG-1,0,64,54,2269,5406
GGGTCAGGAGCTAGAT-1,0,65,55,2164,5345
AGGTGGTGACCTTCGC-1,0,64,56,2269,5285
CCCGGGTCGTTCAGGG-1,0,65,57,2163,5224
AGCCAAGCTTTGTGTC-1,0,64,58,2269,5163
TGTGGCGGGCTTCTGG-1,0,65,59,2163,5103
CGAGGGTATCCAGGTG-1,0,64,60,2269,5042
CGTTCAGACCCGCGAA-1,0,65,61,2163,4982
TCATATGAGCTTTGTT-1,0,64,62,2268,4921
AGTTGACGGTCCTTGC-1,0,65,63,2163,4860
ATAATTAGCTAAGTAG-1,0,64,64,2268,4800
GGTCTTGAGCGCTCTT-1,0,65,65,2163,4739
CGTTGTCGGCAATTGA-1,0,64,66,2268,4678
TCTTGCTCCCGATACT-1,0,65,67,2162,4618
AGCAGAAGGAGAAAGA-1,0,64,68,2268,4557
GAAGCCACTGATTATG-1,0,65,69,2162,4497
TGCTCTTGAGAGTTTG-1,0,64,70,2268,4436
GACATCCGTCGAACTG-1,0,65,71,2162,4375
AGATATAATACGACTA-1,0,64,72,2267,4314
TCGCTACTGGCTTTGA-1,0,65,73,2162,4254
GTGACAGCTTCCCACT-1,0,64,74,2267,4193
GTGACGCAGGTTTCAT-1,0,65,75,2162,4133
GGGAAGACGGTCTGTC-1,0,64,76,2267,4072
CGTCGCATGTGAGCCA-1,0,65,77,2161,4012
AGAAGGTTGTAGGTCG-1,0,64,78,2267,3951
GGCCGGCGTCTGCTAT-1,0,65,79,2161,3890
TTGACCAGGAACAACT-1,0,64,80,2267,3829
AGTCGTATAAAGCAGA-1,0,65,81,2161,3769
GGCGTAGGGAAAGCTG-1,0,64,82,2266,3708
AAACCTAAGCAGCCGG-1,0,65,83,2161,3648
ATTGCCTTTATGTTTG-1,0,64,84,2266,3587
CAGGCAGTCTTACCAG-1,0,65,85,2161,3526
AGCTAAGTACGCAGGC-1,0,64,86,2266,3466
AAATCCGATACACGCC-1,0,65,87,2160,3405
CGAGAGCTTTCACTAC-1,0,64,88,2266,3344
CGCCCAGCGTTTCACG-1,0,65,89,2160,3284
TTAAGTATTGTTATCC-1,0,64,90,2266,3223
AAACGGGCGTACGGGT-1,0,65,91,2160,3163
GTATCCTTTGGTAACC-1,0,64,92,2265,3102
CATAGTCAAATACATA-1,0,65,93,2160,3041
TCTATGCTATAACGAC-1,0,64,94,2265,2981
ACGTTCTGTACAAGTC-1,0,65,95,2160,2920
CGCGAAGTGGCATACT-1,0,64,96,2265,2859
ACCAACCGCACTCCAC-1,0,65,97,2159,2799
GTCATGCGCGAGGGCT-1,0,64,98,2265,2738
TAGGCTAAAGTGGCAC-1,0,65,99,2159,2678
TGGCTACACTCTACCT-1,0,64,100,2265,2617
TGTCCACGGCTCAACT-1,0,65,101,2159,2556
AATTGCAGCAATCGAC-1,0,64,102,2264,2495
GTCAACCAGGCCTATA-1,0,65,103,2159,2435
ATCTTATCGCACACCC-1,0,64,104,2264,2374
GTCTATTGCATGCTCG-1,0,65,105,2158,2314
GCACGTGGTTTACTTA-1,0,64,106,2264,2253
ATTCGCGCCTTGAGAG-1,0,65,107,2158,2192
AGCGATGCGCCTAATA-1,0,64,108,2264,2132
TCTATAGGTGGGTAAT-1,0,65,109,2158,2071
AGATACCAATAGAACC-1,0,64,110,2263,2010
CGTGTATGGGAGCTGA-1,0,65,111,2158,1950
ATGTACATGCGGTGAG-1,0,64,112,2263,1889
TTGGCTCAATATGTGT-1,0,65,113,2158,1829
GTTCGGAGCACTCAAC-1,0,64,114,2263,1768
TCCCTCTTCTCAAGGG-1,0,65,115,2157,1707
TTACGTATCTATGACA-1,0,64,116,2263,1647
CCCATATAGGTCGATT-1,0,65,117,2157,1586
GTCCACGTCGCATTCG-1,0,64,118,2263,1525
AATTGTGGTTGCCAAA-1,0,65,119,2157,1465
AGGAACGAACGACTTC-1,0,64,120,2262,1404
TAATTCCAATGCTTCA-1,0,65,121,2157,1344
AGGGCCCTAATGTTCT-1,0,64,122,2262,1283
AGGTGTTGCCGACCAC-1,0,65,123,2157,1222
CTGAGAGTAGAAATAC-1,0,64,124,2262,1162
TAGAAGAAGGGTTACA-1,0,65,125,2156,1101
GGTGACTGATAGAGAG-1,0,64,126,2262,1040
TACCCTCGGTAACCCT-1,0,65,127,2156,980
TGTAAGACTGATAAGA-1,0,66,0,2064,8680
GTCACTCATGAGCGAT-1,0,67,1,1958,8620
CGGTTTACTGAACATT-1,0,66,2,2063,8559
GAGATCGATCTTACTC-1,0,67,3,1958,8499
TCTTTCATCCGTCCTT-1,0,66,4,2063,8438
TCGGATCTGGATGACC-1,0,67,5,1958,8378
GTCCTAGGATACCTTA-1,0,66,6,2063,8317
TGTACCCGACCCTAAT-1,0,67,7,1957,8256
AGGTTCTCCTTTCCGG-1,0,66,8,2063,8195
AATTGCGTGGATTACA-1,0,67,9,1957,8135
CGATAGCGATACAGTG-1,0,66,10,2063,8074
CGCCCTAATTGTTCAA-1,0,67,11,1957,8014
ATTATGAGACCCAATT-1,0,66,12,2062,7953
CCTCCTAGCTAGAGTC-1,0,67,13,1957,7892
CGAAGGGTTTCAGATT-1,0,66,14,2062,7832
CACAAGCTAAGAAAGG-1,0,67,15,1957,7771
CACCGGTAGAGACATT-1,0,66,16,2062,7710
ACTCATGGCAGCCTTC-1,0,67,17,1956,7650
CATCCAATATAGTTTG-1,0,66,18,2062,7589
CAGATATGAAGATGAC-1,0,67,19,1956,7529
GCAAAGGGCGTTAGCC-1,0,66,20,2062,7468
CTGTTGTTCAGTCGTA-1,0,67,21,1956,7407
AAAGGCCCTATAATAC-1,0,66,22,2061,7347
AACATTGAAGTTGATC-1,0,67,23,1956,7286
GCTAGCGATAGGTCTT-1,0,66,24,2061,7225
ATTGCCTATTAGACCG-1,0,67,25,1956,7165
GGGCGTTTACATTCAT-1,0,66,26,2061,7104
CCTCTACAAGGATTGG-1,0,67,27,1955,7044
AGTGACTGTGACACAA-1,0,66,28,2061,6983
AGCCCTCCCTGGTGGC-1,0,67,29,1955,6922
CGGTTGAGTATCCTTC-1,0,66,30,2061,6861
CATTATCCCATTAACG-1,0,67,31,1955,6801
AATGTGCTAATCTGAG-1,0,66,32,2060,6740
CTTAGTTGAGGAATCG-1,0,67,33,1955,6680
CTTCTGGGCGTACCTA-1,0,66,34,2060,6619
AGTCAAATGATGTGAT-1,0,67,35,1955,6558
TGAACAAGCAGGGACT-1,0,66,36,2060,6498
AATACCGGAGGGCTGT-1,0,67,37,1954,6437
GTTTGGTGATCGGTGC-1,0,66,38,2060,6376
GACTGCTGGTGAGAAA-1,0,67,39,1954,6316
CGATCCTCGCAACATA-1,0,66,40,2060,6255
CCAACCTTATGTAACT-1,0,67,41,1954,6195
CGTGGTACCCAAAGGC-1,0,66,42,2059,6134
AACCCGACAACCCGTG-1,0,67,43,1954,6073
TATGTAAAGTGCTTAA-1,0,66,44,2059,6013
GCAAGTGTAAAGCATG-1,0,67,45,1954,5952
GTAACTGCCCAAGGAG-1,0,66,46,2059,5891
GGTGCATAAATGATTA-1,0,67,47,1953,5831
TAGTCCCGGAGACCAC-1,0,66,48,2059,5770
CGGCCAGAGCGACCAT-1,0,67,49,1953,5710
TGAATGAGTGTTTCCC-1,0,66,50,2059,5649
TTCACTTCCTAGAACG-1,0,67,51,1953,5588
CGCTTAGTATTGATAC-1,0,66,52,2058,5528
AACGCGACCTTGGGCG-1,0,67,53,1953,5467
GTGCACCAGCTTCAAC-1,0,66,54,2058,5406
TTCTATTAAACGCAGC-1,0,67,55,1953,5346
TGGCAAGCACAAGTCG-1,0,66,56,2058,5285
ATCTGCTGTTATCGCC-1,0,67,57,1952,5225
AATTCCAAGCATGTAC-1,0,66,58,2058,5164
AAACGGTTGCGAACTG-1,0,67,59,1952,5103
GAAGGAGTCGAGTGCG-1,0,66,60,2058,5042
GGCAAGCCCATAGTGG-1,0,67,61,1952,4982
TGACCAAATCTTAAAC-1,0,66,62,2057,4921
TTCGGTACTGTAGAGG-1,0,67,63,1952,4861
ATGTACGATGACGTCG-1,0,66,64,2057,4800
ATCTAGCTTGTGAGGG-1,0,67,65,1952,4739
AGCGGGTCTGACACTC-1,0,66,66,2057,4679
GAGGTACGCGTGTCCC-1,0,67,67,1951,4618
GCACTGCCTACCTTTA-1,0,66,68,2057,4557
GGAGCGAGGCCTACTT-1,0,67,69,1951,4497
AAACTCGGTTCGCAAT-1,0,66,70,2057,4436
GGCGCTTCATTCCCTG-1,0,67,71,1951,4376
TGCTCGGTGGGTCACC-1,0,66,72,2056,4315
AAGCGCAGGGCTTTGA-1,0,67,73,1951,4254
GACCTTCCACGTCTAC-1,0,66,74,2056,4194
GTTAGCCCATGACATC-1,0,67,75,1951,4133
AATTCGATTCGAGGAT-1,0,66,76,2056,4072
AGTCTTTAAAGTGTCC-1,0,67,77,1950,4012
GACTAGGCCGTTAGGT-1,0,66,78,2056,3951
TCCAAGCCTAGACACA-1,0,67,79,1950,3891
GATTGGGAAAGGTTGT-1,0,66,80,2056,3830
GATGAGGAACCTTCGG-1,0,67,81,1950,3769
TGAATACCGACGCGTA-1,0,66,82,2055,3709
AATCGTGAGCCGAGCA-1,0,67,83,1950,3648
GCGAAGAATCTGACGG-1,0,66,84,2055,3587
GAACAACTGGGATGAA-1,0,67,85,1950,3527
TCGCCGACATATTCGC-1,0,66,86,2055,3466
CGTAGAGAGTAATTAT-1,0,67,87,1949,3406
CGATAGTCGTACTGCA-1,0,66,88,2055,3345
CGCATGCCGAATGCGT-1,0,67,89,1949,3284
CTCTAGCCCTCGGAAA-1,0,66,90,2055,3223
TCCAACTCAGCTATCT-1,0,67,91,1949,3163
GTCTAGTGAGCCGCTT-1,0,66,92,2054,3102
TACCGAATAATTGTAA-1,0,67,93,1949,3042
ATATAACACGGGCGCA-1,0,66,94,2054,2981
GCATGCTAATAACGAT-1,0,67,95,1948,2920
TCCGGGCTTGACGGGA-1,0,66,96,2054,2860
ATTATTCAGAGTCACT-1,0,67,97,1948,2799
TAGCAGTATGACTAAA-1,0,66,98,2054,2738
TATGAAGAATTAAGGT-1,0,67,99,1948,2678
CAAGGCCAGTGGTGCA-1,0,66,100,2053,2617
TGCGTACGGCTAATTG-1,0,67,101,1948,2557
CAGATAATGGGCGGGT-1,0,66,102,2053,2496
GAGAACGGTTCTGACT-1,0,67,103,1948,2435
CGCTTCGGTCTAAGAC-1,0,66,104,2053,2375
AGCATTACGAGGCAAG-1,0,67,105,1947,2314
AAGTTGTGATGTTATA-1,0,66,106,2053,2253
TTGCTCATAGTACGTG-1,0,67,107,1947,2193
TACTTAAACATGTACA-1,0,66,108,2053,2132
AGTGAGTCGAATTAAC-1,0,67,109,1947,2072
TAGGCCTATATAGTCT-1,0,66,110,2052,2011
ACTCGCCGTTCGATAA-1,0,67,111,1947,1950
GGTACGTTGCGGCCGG-1,0,66,112,2052,1889
TATTGCCGGGCTTGTA-1,0,67,113,1947,1829
GGTAAACTCTGCGCTG-1,0,66,114,2052,1768
TCCCTTGTCTGAAACT-1,0,67,115,1946,1708
CATGATCGCTTTGAGA-1,0,66,116,2052,1647
GGACGGGCGACCAACC-1,0,67,117,1946,1586
GAGAGGCCTATGTGTA-1,0,66,118,2052,1526
TCGTAACTCCCAAGAC-1,0,67,119,1946,1465
CGTATCTAGAACTAAG-1,0,66,120,2051,1404
GCACCTTCCCGAAGGT-1,0,67,121,1946,1344
TACCTCTTTACCATCC-1,0,66,122,2051,1283
TGACTCTAACTGGTAA-1,0,67,123,1946,1223
GAGAAACTGGATCCCA-1,0,66,124,2051,1162
ATCCGGACCAGCCTGA-1,0,67,125,1945,1101
TTATTTAGGTTCCTTA-1,0,66,126,2051,1041
CGAATTCCCGGTTCAA-1,0,67,127,1945,980
TAGTTTGATCGGTCGC-1,0,68,0,1853,8681
AGTCGAAACGATTCAG-1,0,69,1,1747,8620
ACGTCGGGCAACTCGG-1,0,68,2,1852,8560
ACTTGCTCTATCTACC-1,0,69,3,1747,8499
ATTACGGGCTACGGTT-1,0,68,4,1852,8438
GCAAACGTAAGCGACC-1,0,69,5,1747,8378
TTCGGACTGGGCATGG-1,0,68,6,1852,8317
GGGCCATTCGTGCTGG-1,0,69,7,1746,8257
GAGTTGTCACCAGTCT-1,0,68,8,1852,8196
AGTAATTTGCAAGCGT-1,0,69,9,1746,8135
GTGGCCGGTTTCTCGG-1,0,68,10,1852,8075
ATCTTAGGGCATTAAT-1,0,69,11,1746,8014
CTACATATCGCGGGAC-1,0,68,12,1851,7953
ATGGTATTTACTGATT-1,0,69,13,1746,7893
CCGTCAACCTCTGGCG-1,0,68,14,1851,7832
GCTTCGACGTTCAATC-1,0,69,15,1746,7772
GACCGATTAAATATGT-1,0,68,16,1851,7711
GTCGAATTTGGGCGCT-1,0,69,17,1745,7650
TCACGGCCCAAGAGAG-1,0,68,18,1851,7589
CTACGATCCTATCCTA-1,0,69,19,1745,7529
TGCAGTGGTAGGGAAC-1,0,68,20,1851,7468
TTGCCTAATCCAAAGT-1,0,69,21,1745,7408
AGCGAGACGTGAAGGC-1,0,68,22,1850,7347
TTCTACCTCAATCGGT-1,0,69,23,1745,7286
TACGCTGCTGTGTTAA-1,0,68,24,1850,7226
TAGTCCTGCACTAAGC-1,0,69,25,1745,7165
AGCACACGTTTAGACT-1,0,68,26,1850,7104
GTTCGACAATTGTATA-1,0,69,27,1744,7044
CCATGTTCATCTATAT-1,0,68,28,1850,6983
CCCTCGATAATACACA-1,0,69,29,1744,6923
ACTGCCCGCCATTCTC-1,0,68,30,1850,6862
CTATATCCAGCCTGGC-1,0,69,31,1744,6801
CGCACGTCTGTTTATG-1,0,68,32,1849,6741
AATCAGGTTTCATTTA-1,0,69,33,1744,6680
AGAGAAACACCAGAAA-1,0,68,34,1849,6619
ACCCGATTGGTTCCGA-1,0,69,35,1744,6559
TACCAGGAATCCCGTC-1,0,68,36,1849,6498
AAGTGCTTCTCTATTG-1,0,69,37,1743,6438
TGCATGTGACCCATAG-1,0,68,38,1849,6377
TAGATTCAAAGTGCGG-1,0,69,39,1743,6316
AGGGTCAGAGCACTCG-1,0,68,40,1849,6255
GTGAGATAACCTTATA-1,0,69,41,1743,6195
GTGTCAGTGTACGTGG-1,0,68,42,1848,6134
CTGTAGTGAGGATCGA-1,0,69,43,1743,6074
GATAGTGCGAGTAAGT-1,0,68,44,1848,6013
AGGGTTCAGACGGTCC-1,0,69,45,1743,5952
GGACTCGACAGCGCAT-1,0,68,46,1848,5892
CACTCTCAAGCATCGA-1,0,69,47,1742,5831
GAGCGGAATGCGGTGT-1,0,68,48,1848,5770
CAGTTCGAGGACCCGA-1,0,69,49,1742,5710
CGTAACTTCGACACTT-1,0,68,50,1848,5649
TGATCACCACACTGAC-1,0,69,51,1742,5589
CATACTTCTTTCTCCG-1,0,68,52,1847,5528
CAAGTAAGTGATAGAC-1,0,69,53,1742,5467
AGCCCGCAACAAGCAG-1,0,68,54,1847,5407
GCTCCATGCAAAGCAA-1,0,69,55,1742,5346
TCGTACCGACGTCAAG-1,0,68,56,1847,5285
ATTATCGGAATGTACG-1,0,69,57,1741,5225
ACCTACTATAAATCTA-1,0,68,58,1847,5164
TATCCTATCAACTGGT-1,0,69,59,1741,5104
GCGCGGTCTAGTAACT-1,0,68,60,1847,5043
CCTTCGTATAGAATCC-1,0,69,61,1741,4982
TGGGCGATACAATAAG-1,0,68,62,1846,4922
TGACATGTAACGTGAC-1,0,69,63,1741,4861
TTGGGAAGACGAGCCG-1,0,68,64,1846,4800
GGTGTAAATCGATTGT-1,0,69,65,1741,4740
GAACTGTGGAGAGACA-1,0,68,66,1846,4679
TCCACATCGTATATTG-1,0,69,67,1740,4619
CCTATGGTCAAAGCTG-1,0,68,68,1846,4558
TCCTTGTCCTTTAATT-1,0,69,69,1740,4497
AAGTTTATGGGCCCAA-1,0,68,70,1846,4436
GTCCGGGTTCACATTA-1,0,69,71,1740,4376
ATGTAGCGCGCGTAGG-1,0,68,72,1845,4315
TACGGAAGCCAAACCA-1,0,69,73,1740,4255
GCCCTGAGGATGGGCT-1,0,68,74,1845,4194
CGGGCGATGGATCACG-1,0,69,75,1739,4133
TGCGGACTTGACTCCG-1,0,68,76,1845,4073
TAATACTAGAACAGAC-1,0,69,77,1739,4012
TCAAATTGTTGTGCCG-1,0,68,78,1845,3951
GGGCAGTCAACGCCAA-1,0,69,79,1739,3891
TCGCTGCCAATGCTGT-1,0,68,80,1844,3830
TACGTGGGCCCAGGGC-1,0,69,81,1739,3770
GCCTACGTTCTGTGCA-1,0,68,82,1844,3709
TTGCGTGTGTAGGCAT-1,0,69,83,1739,3648
TCCTAAAGATTCAGAC-1,0,68,84,1844,3588
TGGGTGCACAAGCCAT-1,0,69,85,1738,3527
GGGAGCGACCGTAGTG-1,0,68,86,1844,3466
CATAGAGGAGATACTA-1,0,69,87,1738,3406
CTTCGATTGCGCAAGC-1,0,68,88,1844,3345
GTGCCTGAGACCAAAC-1,0,69,89,1738,3285
TCATCCTCAGCTGCTT-1,0,68,90,1843,3224
TGCAACTACTGGTTGA-1,0,69,91,1738,3163
ATGTTGATTAGAGACT-1,0,68,92,1843,3103
GTTTCTAGAGGCGCGG-1,0,69,93,1738,3042
TACAAGGGCTTCTTTA-1,0,68,94,1843,2981
ACAGGCACGGATCCTT-1,0,69,95,1737,2921
CCCAAGTCATTACACT-1,0,68,96,1843,2860
ACTCTGACCTAATAGA-1,0,69,97,1737,2800
GGATGGCTTGAAGTAT-1,0,68,98,1843,2739
ACCCTCCCGTCAGGGC-1,0,69,99,1737,2678
AGCTTCTTCTCGAGCA-1,0,68,100,1842,2617
TTGCGCTTGATCAATA-1,0,69,101,1737,2557
TGGGTGTAATAGATTT-1,0,68,102,1842,2496
CATGGTTTATTAATCA-1,0,69,103,1737,2436
TTGCCTTCTCGCCGGG-1,0,68,104,1842,2375
TTAAAGTAAGTCGCCA-1,0,69,105,1736,2314
AGTTGGCAAGGCTAGA-1,0,68,106,1842,2254
CCGCACTTGCAATGAC-1,0,69,107,1736,2193
AATGTTGTCGTGAGAC-1,0,68,108,1842,2132
CCAAGGTTGCCCTTTC-1,0,69,109,1736,2072
TGTGACTAGAGTTTGC-1,0,68,110,1841,2011
TTGTGATCTGTTCAGT-1,0,69,111,1736,1951
GGAGTTGATTCTGTGT-1,0,68,112,1841,1890
GTAGTGAGCAACCTCA-1,0,69,113,1736,1829
AAGACATACGTGGTTT-1,0,68,114,1841,1769
CATCCCGAGATTCATA-1,0,69,115,1735,1708
GGCCGCAGGAACCGCA-1,0,68,116,1841,1647
CCAGAAACTGATGCGA-1,0,69,117,1735,1587
ACCCGTAGTCTAGTTG-1,0,68,118,1841,1526
AGGGTCTGGACGCAGT-1,0,69,119,1735,1466
TTGAAACCCTCATTCC-1,0,68,120,1840,1405
TCAATCCCGCGCCAAA-1,0,69,121,1735,1344
AGGACATCGGCACACT-1,0,68,122,1840,1283
GACAAGACGCCCGTGC-1,0,69,123,1735,1223
GAGTAAATTAAGAACC-1,0,68,124,1840,1162
TAAGTCGGTGAGCTAG-1,0,69,125,1734,1102
CTTACTGACTCCTCTG-1,0,68,126,1840,1041
TTAACTGATCGTTTGG-1,0,69,127,1734,980
GGGCGATCCATAGGCC-1,0,70,0,1642,8681
CGTATTGTTTGGCGCC-1,0,71,1,1536,8621
CGCGTGGGCCTGTGTT-1,0,70,2,1641,8560
AAATCTGCCCGCGTCC-1,0,71,3,1536,8499
GCTGAAGGGTTCTTGG-1,0,70,4,1641,8439
TAATTGCGCTGATTAC-1,0,71,5,1536,8378
TCGCGCGTTTACATGA-1,0,70,6,1641,8317
TAACTGAAATACGCCT-1,0,71,7,1535,8257
CCTGTCGTGTATGAAG-1,0,70,8,1641,8196
CGGGAACGCCCTGCAT-1,0,71,9,1535,8136
AGTTGCGGTCCTCAAC-1,0,70,10,1641,8075
GGGTCCTTGGAAGAAG-1,0,71,11,1535,8014
CGGGAAGTACCGTGGC-1,0,70,12,1640,7954
ACGGTCACCGAGAACA-1,0,71,13,1535,7893
TAGACTCAGTTGGCCT-1,0,70,14,1640,7832
CCTTCCGCAACGCTGC-1,0,71,15,1535,7772
CAGTGTTAATCTCTCA-1,0,70,16,1640,7711
CAGGCCAGTACCACCT-1,0,71,17,1534,7651
GATCGCTGTGGTGCGT-1,0,70,18,1640,7590
GTATCTCGGGCGCTTT-1,0,71,19,1534,7529
CCGGGCTAAGAATTTC-1,0,70,20,1640,7469
CTTCACGCCCTGGTAC-1,0,71,21,1534,7408
CGGATGAATGCTGTGA-1,0,70,22,1639,7347
CTCTGCAGGCATTCTT-1,0,71,23,1534,7287
TCAAAGTCACGGCGTC-1,0,70,24,1639,7226
TGGGTTTCGGGCGTAC-1,0,71,25,1534,7166
TGCTATGGCAAAGGGA-1,0,70,26,1639,7105
TTCACGGTCGTCACGT-1,0,71,27,1533,7044
CGTAAAGCAAGAAATC-1,0,70,28,1639,6983
CTGATCCCTTTATGCA-1,0,71,29,1533,6923
GAGTATACCCTAATCA-1,0,70,30,1639,6862
CCACGGCAGGTGTAGG-1,0,71,31,1533,6802
ACGTACTTTGGCACGG-1,0,70,32,1638,6741
CCTGAGAATAAATGCA-1,0,71,33,1533,6680
TTGATGCCGCTCGTCG-1,0,70,34,1638,6620
GCCAGGAAAGAACACT-1,0,71,35,1533,6559
TCCGACCGCTAATCAA-1,0,70,36,1638,6498
TATATCAAAGTGATCT-1,0,71,37,1532,6438
CCTCGGTTTCCTTGCC-1,0,70,38,1638,6377
TAAATTTAGTAACACC-1,0,71,39,1532,6317
CTCGTTACGGCTACCA-1,0,70,40,1638,6256
GCCGTCGGTTTCGGGC-1,0,71,41,1532,6195
GTTCCGTCCGCCTGCA-1,0,70,42,1637,6135
CTAGGGATAGGGACAA-1,0,71,43,1532,6074
GTCCAGGCACGTGTGC-1,0,70,44,1637,6013
GAGGAATATCTCTTTG-1,0,71,45,1532,5953
CGTTCAAGGAAACGGA-1,0,70,46,1637,5892
GTGGGAACAAACCGGG-1,0,71,47,1531,5832
GGGCACGTAGTACTGT-1,0,70,48,1637,5771
ACTACAAAGAGAGGTG-1,0,71,49,1531,5710
GGTGTAGGTAAGTAAA-1,0,70,50,1637,5649
CCTGTTCAACCTCGGG-1,0,71,51,1531,5589
TGAGGTGTGTGGCGGA-1,0,70,52,1636,5528
ATTGTCTGTTTCATGT-1,0,71,53,1531,5468
GCCGGTCGTATCTCTC-1,0,70,54,1636,5407
ATATGGGATAGCAACT-1,0,71,55,1531,5346
GATAGAACCCGCTAGG-1,0,70,56,1636,5286
ATCCCATTTCCGTGGG-1,0,71,57,1530,5225
GATGCTACCTTCGATG-1,0,70,58,1636,5164
TGCAAAGTTCGTCTGT-1,0,71,59,1530,5104
GTTCAGTCGCCAAATG-1,0,70,60,1636,5043
GTCTCCGCCTCAATAC-1,0,71,61,1530,4983
AGTAGAAGGCGCCTCA-1,0,70,62,1635,4922
GTTGTAGATTTATGAG-1,0,71,63,1530,4861
CTATTTGCTTGGAGGA-1,0,70,64,1635,4801
AGCCATATAGTATGTG-1,0,71,65,1529,4740
TGTTCCGGCCTGAGCT-1,0,70,66,1635,4679
TGCCGTGGGACCCAAT-1,0,71,67,1529,4619
TTGCAAGAAGACTCCT-1,0,70,68,1635,4558
CCGCTCCAGGGCGATC-1,0,71,69,1529,4498
CAAACCCTCCGGCGGG-1,0,70,70,1634,4437
CGGACCTTTACGTCCC-1,0,71,71,1529,4376
ACGTAGGAGAGTCGCT-1,0,70,72,1634,4316
CTGCGACCTCGCCGAA-1,0,71,73,1529,4255
GGCCCAGCTGGTTTGC-1,0,70,74,1634,4194
GGATTAATCATGGACC-1,0,71,75,1528,4134
GAGATGGCTTTAATCA-1,0,70,76,1634,4073
AGTACAGAAGCTTATA-1,0,71,77,1528,4013
GCGGCTTTAGCAAGTT-1,0,70,78,1634,3952
ACCGAGTCTCCTTATT-1,0,71,79,1528,3891
GACCACACTTCCCTTT-1,0,70,80,1633,3830
TGTAGCCAATTCCGTT-1,0,71,81,1528,3770
CTCGTCTGTGCCTTCG-1,0,70,82,1633,3709
GGACTCTTTGACTAAG-1,0,71,83,1528,3649
TCATCGACGACCGTCG-1,0,70,84,1633,3588
TACTACGTGCAATGCG-1,0,71,85,1527,3527
CCCTACTTGAACAATG-1,0,70,86,1633,3467
GCAGCTGTCAACGCAT-1,0,71,87,1527,3406
ATCTACCATCTGCTCC-1,0,70,88,1633,3345
TCTCAAATCAATCGGG-1,0,71,89,1527,3285
ACTCCGGCCGACCACT-1,0,70,90,1632,3224
TACACCTCTTCGAATC-1,0,71,91,1527,3164
GTGGCTGTTTCTGTTC-1,0,70,92,1632,3103
ACGACTCTAGGGCCGA-1,0,71,93,1527,3042
TCGTTTACGCGACCCT-1,0,70,94,1632,2982
AGGATATCCGACTGCA-1,0,71,95,1526,2921
GACACTTCCAATTACC-1,0,70,96,1632,2860
ACGGTACAGTTCAATG-1,0,71,97,1526,2800
CTTGATGACCATCCAG-1,0,70,98,1632,2739
CTGGTAAAGACTTACA-1,0,71,99,1526,2679
CTTGCCCACCCACGCA-1,0,70,100,1631,2618
CATTACGCAGGAAGGG-1,0,71,101,1526,2557
GGACAACCATGAAGCC-1,0,70,102,1631,2497
GTTATCAAGCTATCGA-1,0,71,103,1526,2436
AGGTGCACGTCCACAT-1,0,70,104,1631,2375
AAAGAATGTGGACTAA-1,0,71,105,1525,2315
ACCAAGTCATCGGCAG-1,0,70,106,1631,2254
AGTAACTATAGCAGCC-1,0,71,107,1525,2194
GGGAAAGAATGCCAAC-1,0,70,108,1631,2133
AATCGGTATAGCCCTC-1,0,71,109,1525,2072
GGCACTGCGGTGGTTT-1,0,70,110,1630,2011
CGTCCTCATCGCGTGC-1,0,71,111,1525,1951
CTTAACTTACAGTATA-1,0,70,112,1630,1890
GTGAGTCGACTAATAG-1,0,71,113,1525,1830
TGTACTTCCGGGCATG-1,0,70,114,1630,1769
CACAAACCGCAGAACT-1,0,71,115,1524,1708
GCTTTACACAACTGGG-1,0,70,116,1630,1648
CACCGATGATGGGTAC-1,0,71,117,1524,1587
TCAATATACAGGAGGC-1,0,70,118,1630,1526
AACGACCTCCTAGCCG-1,0,71,119,1524,1466
GTTACCAAGGCGTACG-1,0,70,120,1629,1405
TAGCTCACTGTGTTTG-1,0,71,121,1524,1345
TCGGCAGGGTTAAGGG-1,0,70,122,1629,1284
TGTTAACAAAGTGACT-1,0,71,123,1524,1223
CAGAGCGATGGATGCT-1,0,70,124,1629,1163
CATAGTGGGCACGCCT-1,0,71,125,1523,1102
AAACGCTGGGCACGAC-1,0,70,126,1629,1041
TGTTCTCATACTATAG-1,0,71,127,1523,981
TCCGCTGGGTCGATCG-1,0,72,0,1431,8682
TTAGCATCCCTCACGT-1,0,73,1,1325,8621
AGCCTTGTCACTGATA-1,0,72,2,1430,8560
GTTTCTTGTTAGAGCT-1,0,73,3,1325,8500
TCGGAGTCCTGGTTGC-1,0,72,4,1430,8439
ACGGGTTGTGACCTGT-1,0,73,5,1325,8379
TGACAGAAATCTTGCT-1,0,72,6,1430,8318
TAGCCATGATTGCCTA-1,0,73,7,1324,8257
CGAAGCCACAGCATGG-1,0,72,8,1430,8196
ACCCGTAGCAGAGAAT-1,0,73,9,1324,8136
AGCTTGATCAGGGTAG-1,0,72,10,1430,8075
CTATAAGTAGGGTTTG-1,0,73,11,1324,8015
TATAGTTAGGTGTACT-1,0,72,12,1429,7954
TACGCTGATAGTTGTA-1,0,73,13,1324,7893
TTCTCAATTGCTACAA-1,0,72,14,1429,7833
GTTGCCCTAACGGGTG-1,0,73,15,1324,7772
GACATTTCGCCCAGCC-1,0,72,16,1429,7711
GTAACTACGTAGACCT-1,0,73,17,1323,7651
CCAGTGTACAGACCGA-1,0,72,18,1429,7590
GCCCGATGCCCAGTTC-1,0,73,19,1323,7530
CGAACCTCTTTCCTAG-1,0,72,20,1429,7469
CATGCACATGAGAGGC-1,0,73,21,1323,7408
CCAAATCAAAGGGCAA-1,0,72,22,1428,7348
GTAGTTTAAGCACACG-1,0,73,23,1323,7287
TAAGTGAATAGTCTAC-1,0,72,24,1428,7226
GGTCCACGTCTATTTG-1,0,73,25,1323,7166
CCCTCAGATCGAGAAC-1,0,72,26,1428,7105
ACATTCGCGCGGAATA-1,0,73,27,1322,7045
CTATGAACACCTTGCC-1,0,72,28,1428,6984
CGAATGGTAGGTCGTC-1,0,73,29,1322,6923
TCGACATAGCGTAGCG-1,0,72,30,1428,6863
GACGTTGCTCGGCGGC-1,0,73,31,1322,6802
CTCGAGGCAAGTTTCA-1,0,72,32,1427,6741
GCTGGGAGCGCGTCAA-1,0,73,33,1322,6681
GACGATATCACTGGGT-1,0,72,34,1427,6620
CAGCTCTGGGCTCACT-1,0,73,35,1322,6560
TAGTCTGCGGCACATT-1,0,72,36,1427,6499
TGGTCGATATACCTCT-1,0,73,37,1321,6438
TTCAGTTCAAGAGGAG-1,0,72,38,1427,6377
GTCTGTAGGTTGAACA-1,0,73,39,1321,6317
GAGAGTCTCGGGAGAG-1,0,72,40,1427,6256
TTGTTTGTATTACACG-1,0,73,41,1321,6196
GCACAGCACGGGCCGA-1,0,72,42,1426,6135
AAACAGTGTTCCTGGG-1,0,73,43,1321,6074
TGGAGAATAATCGTCC-1,0,72,44,1426,6014
CGCCGCGTTCTGAACG-1,0,73,45,1320,5953
CATGCGTTGAGAGGAG-1,0,72,46,1426,5892
TACGCTCCTAGAACTG-1,0,73,47,1320,5832
CCTTGTGAACGTGGTT-1,0,72,48,1426,5771
TTAAAGGCGATGCTCG-1,0,73,49,1320,5711
TAAAGTGCACGTCTCG-1,0,72,50,1425,5650
TGTCCGCAAACAATTC-1,0,73,51,1320,5589
AGGCCTATCATACCAA-1,0,72,52,1425,5529
ACTGGGATGCCAGTGC-1,0,73,53,1320,5468
CGATCCACCATTGTTG-1,0,72,54,1425,5407
GGGCATGCATGTCGAG-1,0,73,55,1319,5347
TCCAGGCAGGACGATC-1,0,72,56,1425,5286
CAATGACCCTTAATTT-1,0,73,57,1319,5226
ATCAAGATCCCAGGAC-1,0,72,58,1425,5165
CTCAGAGCTAATGTCG-1,0,73,59,1319,5104
CTGCGATTTCGAGATT-1,0,72,60,1424,5044
ATGGTATTGGGAACCG-1,0,73,61,1319,4983
TAGGTTCTGCTGAGAA-1,0,72,62,1424,4922
GCCTGTCCCGGTGCAT-1,0,73,63,1319,4862
GGCCTGCTCTGATGTT-1,0,72,64,1424,4801
TAGAGGGAGTTTATCT-1,0,73,65,1318,4741
CTCTACATCCTGCGTG-1,0,72,66,1424,4680
ACACATTTCCGTAGAC-1,0,73,67,1318,4619
TGGGTGTTAAGTAGAA-1,0,72,68,1424,4558
GAGCTCAACATGAGCG-1,0,73,69,1318,4498
GCACACAGCTATTACC-1,0,72,70,1423,4437
GCGACGGTAGTCTCCT-1,0,73,71,1318,4377
GTATCAAGGTACTTCC-1,0,72,72,1423,4316
GGAAAGGGAATTGAGC-1,0,73,73,1318,4255
TACACAGCCGTGGTGC-1,0,72,74,1423,4195
CGGTTGGGCAGGGTCC-1,0,73,75,1317,4134
GCACGCCGATTCCCGC-1,0,72,76,1423,4073
CGCTTTCCGCCAAGGT-1,0,73,77,1317,4013
TGCCCGATAGTTAGAA-1,0,72,78,1423,3952
TCAGAACGGCGGTAAT-1,0,73,79,1317,3892
CCACTCAGATCCGCAA-1,0,72,80,1422,3831
GAAGGGTCATTAAGAC-1,0,73,81,1317,3770
GCGGTCTTGCTTTCAC-1,0,72,82,1422,3710
GGAAGGACACCGTATA-1,0,73,83,1317,3649
CGCGGGAATTCCTTTC-1,0,72,84,1422,3588
TCTATCCGATTGCACA-1,0,73,85,1316,3528
TACTCGTTTGAATCAA-1,0,72,86,1422,3467
GTCTGCCGACTCGACG-1,0,73,87,1316,3407
TACGGGTAATAACATA-1,0,72,88,1422,3346
CCAGTTCGGTAACTCA-1,0,73,89,1316,3285
CGTGCACACCACTGTA-1,0,72,90,1421,3224
CTTCAGTTGGACAACG-1,0,73,91,1316,3164
TGATCTATCACACTCT-1,0,72,92,1421,3103
TAGCAGATACTTAGGG-1,0,73,93,1316,3043
CACCGGGCATCACAAG-1,0,72,94,1421,2982
AGTGGCCCGCAAATGG-1,0,73,95,1315,2921
CTCGCTAGGTAAGCGA-1,0,72,96,1421,2861
GATAGATAGTACAGTC-1,0,73,97,1315,2800
CGAGACTACTGCTGCT-1,0,72,98,1421,2739
ACATTTGAAACCTAAC-1,0,73,99,1315,2679
GACACAGCCGGGACTG-1,0,72,100,1420,2618
ACGGAACACGAGTGCC-1,0,73,101,1315,2558
ACGCCAGTGCGTTTGC-1,0,72,102,1420,2497
GCACCTAGGCGAGTCC-1,0,73,103,1315,2436
TCACTATCCCTTCGGT-1,0,72,104,1420,2376
TGAGTGTAACAACGGG-1,0,73,105,1314,2315
ATTGGTTGTGCATTAC-1,0,72,106,1420,2254
CTGGCGATTTACATGT-1,0,73,107,1314,2194
TCCACCAAGACATAGG-1,0,72,108,1420,2133
AACGTCGCTGCACTTC-1,0,73,109,1314,2073
GTCTCCCGAGTCCCGT-1,0,72,110,1419,2012
AGCCCGCACTACAATG-1,0,73,111,1314,1951
GGCACGCTGCTACAGT-1,0,72,112,1419,1891
GCTTGAGTGACCTCTG-1,0,73,113,1314,1830
ATAGCCATAACAGTCA-1,0,72,114,1419,1769
TAGGAGGCTCGAGAAC-1,0,73,115,1313,1709
GTCGGGTGAAGTACCG-1,0,72,116,1419,1648
CACCCGCGTTTGACAC-1,0,73,117,1313,1588
TCTCAGGCTACTCGCT-1,0,72,118,1419,1527
TAGATTCTCTAGCAAA-1,0,73,119,1313,1466
CCCATTATTGTATCCT-1,0,72,120,1418,1405
GTTAATAGCGTCATTA-1,0,73,121,1313,1345
TACTCATTGACGCATC-1,0,72,122,1418,1284
TAGTGACAAGCTCTAC-1,0,73,123,1313,1224
ATCGCCGTGGTTCATG-1,0,72,124,1418,1163
CTGCTCTCAACACACC-1,0,73,125,1312,1102
GCATGACACAAAGGAA-1,0,72,126,1418,1042
CAACGATCGATCCAAT-1,0,73,127,1312,981
ATACAGCGTCCACTGA-1,0,74,0,1220,8682
TCACGATTAATACGTT-1,0,75,1,1114,8621
CGTGAACTGACCCGAT-1,0,74,2,1219,8561
TCGATGTTACGGCCGT-1,0,75,3,1114,8500
GACCGGTGATACTCTC-1,0,74,4,1219,8439
TCTGTTTAGATTGTTC-1,0,75,5,1114,8379
GCTACTCGGACGCAGA-1,0,74,6,1219,8318
AAGAAAGTTTGATGGG-1,0,75,7,1113,8258
CGCCAGTAGTACCTTG-1,0,74,8,1219,8197
CTCCCTTGTATCAAGG-1,0,75,9,1113,8136
ACTTTATACACCACTT-1,0,74,10,1219,8076
AGATCTGGAGAGGATA-1,0,75,11,1113,8015
TCATCCATCTGATCAC-1,0,74,12,1218,7954
AGAACACGGCGATGGT-1,0,75,13,1113,7894
CCGCTCCGGATAAGCT-1,0,74,14,1218,7833
TGGTCGGGTACAGGGC-1,0,75,15,1113,7773
ACGGACGCAGCGACAA-1,0,74,16,1218,7712
ACATGCTTACGGCAGC-1,0,75,17,1112,7651
CAGGGAGATAGGCCAG-1,0,74,18,1218,7590
TCGCCACCCGGATTAC-1,0,75,19,1112,7530
TCTTGGTCAATGATAC-1,0,74,20,1218,7469
CATAGGGACACTTGTG-1,0,75,21,1112,7409
CACGAGCAAACCAGAC-1,0,74,22,1217,7348
GGGATATTGATCGCCA-1,0,75,23,1112,7287
TAATGTCGGTTCATGG-1,0,74,24,1217,7227
CGATTTGTCATTAATG-1,0,75,25,1112,7166
TTAAGATACCCAGAGA-1,0,74,26,1217,7105
CGACCGTTGGTATTCG-1,0,75,27,1111,7045
ACTACCATCCGAGGGC-1,0,74,28,1217,6984
TCTACGCACGATCTCC-1,0,75,29,1111,6924
AAGCCACTTGCAGGTA-1,0,74,30,1217,6863
ACGTTGTCGTTGAAAG-1,0,75,31,1111,6802
ACCGCTAGTCATTGGT-1,0,74,32,1216,6742
CATGAGTCCATCACGG-1,0,75,33,1111,6681
ATGTCTTGTTTGACTC-1,0,74,34,1216,6620
TCCCAAACATCCTCTA-1,0,75,35,1110,6560
CAACGCGATGAGCCAA-1,0,74,36,1216,6499
GACACCCAAAGACGCG-1,0,75,37,1110,6439
ACGTTCACTATGCCGC-1,0,74,38,1216,6378
ATGGACTGCTTAGTTG-1,0,75,39,1110,6317
CCATGGCAAACGCTCA-1,0,74,40,1215,6257
TTGTCTCGGCAAGATG-1,0,75,41,1110,6196
TTCGAACGAAACATGC-1,0,74,42,1215,6135
GGAAAGTCTTGATTGT-1,0,75,43,1110,6075
ATCATAGATCGACGAG-1,0,74,44,1215,6014
GATTAGAAACAAGCGT-1,0,75,45,1109,5954
GCTGCGAAGAATTATT-1,0,74,46,1215,5893
TTCCAGTGGGTTTCGT-1,0,75,47,1109,5832
GCTCATTGATCATATC-1,0,74,48,1215,5771
ATACGAGGTTTGTAAG-1,0,75,49,1109,5711
GTCTATACACGCATGG-1,0,74,50,1214,5650
GATTTGCGCTAACACC-1,0,75,51,1109,5590
TGGTGCCCTGCCTTAC-1,0,74,52,1214,5529
TCGAATCGCAGGGTAG-1,0,75,53,1109,5468
GGTAGGCCAATATCAC-1,0,74,54,1214,5408
CGTAAATAACAAAGGG-1,0,75,55,1108,5347
GACTCTAGAGTTCCAA-1,0,74,56,1214,5286
ACTTGTTACCGGATCA-1,0,75,57,1108,5226
GGCATTGAACATCTCA-1,0,74,58,1214,5165
AACCCGCTGTATTCCA-1,0,75,59,1108,5105
TAACAGGTTCCCTTAG-1,0,74,60,1213,5044
GTTCTTGTAACTCAAT-1,0,75,61,1108,4983
GATTCTGTTAATGAGT-1,0,74,62,1213,4923
GGACACCTCGGTGTTG-1,0,75,63,1108,4862
CGATCGAGAAGCACCA-1,0,74,64,1213,4801
CTGCTCTGACGGCAAA-1,0,75,65,1107,4741
CCCAGGAAGAATTCGA-1,0,74,66,1213,4680
TGTCGTGGGTATAGGC-1,0,75,67,1107,4620
ATATGTCTAGAGCGTG-1,0,74,68,1213,4559
GCGGGCAGACGGGTGA-1,0,75,69,1107,4498
CGAAGATCAGTTTCAT-1,0,74,70,1212,4438
ACGCCACTCGAAACAG-1,0,75,71,1107,4377
CTTAGATGTTTCATCC-1,0,74,72,1212,4316
GCGAATGGACTAGCGA-1,0,75,73,1107,4256
TAAATTGTGGGTAAAG-1,0,74,74,1212,4195
ATTTATACTGGTAAAG-1,0,75,75,1106,4135
GCGTCGTAACATGGTC-1,0,74,76,1212,4074
CGGTATGGGCACTCTG-1,0,75,77,1106,4013
CTATCACAACGCTGGA-1,0,74,78,1212,3952
ACCACACGGTTGATGG-1,0,75,79,1106,3892
TCAGCGCACGCCGTTT-1,0,74,80,1211,3831
AATGTTAAGACCCTGA-1,0,75,81,1106,3771
CTTACATAGATTTCTT-1,0,74,82,1211,3710
AACATAGCGTGTATCG-1,0,75,83,1106,3649
AGCAGTCGAAGCATGC-1,0,74,84,1211,3589
GTACTACGGCCTCGTT-1,0,75,85,1105,3528
TTGGCCAAATTGTATC-1,0,74,86,1211,3467
TCAGAGGACGCGTTAG-1,0,75,87,1105,3407
AGTAATCTAAGGGTGG-1,0,74,88,1211,3346
AATTATACCCAGCAAG-1,0,75,89,1105,3286
CCCTACCCACACCCAG-1,0,74,90,1210,3225
CTCTGTCCATGCACCA-1,0,75,91,1105,3164
TCGCCTCCTTCGGCTC-1,0,74,92,1210,3104
CCTGATTCGCGAAGAA-1,0,75,93,1105,3043
GACTTCAACGCATCAA-1,0,74,94,1210,2982
GCTTCCCGTAAGCTCC-1,0,75,95,1104,2922
AGAACTGTACTTTGTA-1,0,74,96,1210,2861
CCTTAAGTACGCAATT-1,0,75,97,1104,2801
GGCCAATTGTATAGAC-1,0,74,98,1210,2740
AGAATACAGGCTATCC-1,0,75,99,1104,2679
AATACCTGATGTGAAC-1,0,74,100,1209,2618
TAGAGTGTTCCGGGTA-1,0,75,101,1104,2558
GCTTCCATGTAACCGC-1,0,74,102,1209,2497
GGTTCGCATTTGCCGT-1,0,75,103,1104,2437
TCAATCCGGGAAGTTT-1,0,74,104,1209,2376
CCGGAAGTGCAATATG-1,0,75,105,1103,2315
CTCATAAATGTGTATA-1,0,74,106,1209,2255
GACGGGCATCGAATTT-1,0,75,107,1103,2194
GCTAAGCCCAGTATGC-1,0,74,108,1209,2133
GCTATAAGGGCCAGGA-1,0,75,109,1103,2073
GCGGATTACTTGTTCT-1,0,74,110,1208,2012
TACAACAGCGCATACA-1,0,75,111,1103,1952
TCTAACCTAGCCTGCG-1,0,74,112,1208,1891
TCTACCCGCATCATTT-1,0,75,113,1103,1830
GTCTTACCACGCCAAG-1,0,74,114,1208,1770
AATAACGTCGCGCCCA-1,0,75,115,1102,1709
CGTTTCGGTTATATGC-1,0,74,116,1208,1648
TACGCTGCACGGTCGT-1,0,75,117,1102,1588
CGTTAAATACGACCAG-1,0,74,118,1208,1527
TCGACTGACGATGGCT-1,0,75,119,1102,1467
ACGCTACTGAATGGGC-1,0,74,120,1207,1406
AAGGGTTAGCCATGCG-1,0,75,121,1102,1345
ACGTTTCGGTGCACTT-1,0,74,122,1207,1285
TTAACCCGAGGCGTGT-1,0,75,123,1102,1224
GCCCGTCAAGCCCAAT-1,0,74,124,1207,1163
ATTCGTCCCGAGGTTA-1,0,75,125,1101,1103
TCAAATTATGTTCGAC-1,0,74,126,1207,1042
AACGTTCTACCATTGT-1,0,75,127,1101,982
CTGTCCTGCGCACTAC-1,0,76,0,1009,8682
GCCCAGCGACACAAAG-1,0,77,1,903,8622
TATAGCTATTATCTCT-1,0,76,2,1008,8561
AAGCTATGGATTGACC-1,0,77,3,903,8501
CCGAAACACGACCTCT-1,0,76,4,1008,8440
ATCAGAAGCTGGTTGC-1,0,77,5,903,8379
TGAACCTGAATGTGAG-1,0,76,6,1008,8318
TCAGAGCATGTCAACG-1,0,77,7,902,8258
ATACCCTCCCGGCCAA-1,0,76,8,1008,8197
GCCACCTTATTCGCGA-1,0,77,9,902,8137
CAACGAGCTTATTATG-1,0,76,10,1008,8076
GATCCAACCTTTAAAC-1,0,77,11,902,8015
TTGTGGAGACAGCCGG-1,0,76,12,1007,7955
AGATAATCACACCTAT-1,0,77,13,902,7894
GGTTAGGGATGCTAAT-1,0,76,14,1007,7833
TCATGAAGCGCTGCAT-1,0,77,15,901,7773
CCAGGCGAGATGGTCT-1,0,76,16,1007,7712
CGACTTGCCGGGAAAT-1,0,77,17,901,7652
GTGCCAAACGTTTCGA-1,0,76,18,1007,7591
TGCTCAAAGGATGCAC-1,0,77,19,901,7530
GCCTCAGGTACCGGTC-1,0,76,20,1007,7470
ACAAGTAATTGTAAGG-1,0,77,21,901,7409
TTAGAGTATTGTCGAG-1,0,76,22,1006,7348
GTCATCCCAAACTCAC-1,0,77,23,901,7288
CTCCTAGTAATCGTGA-1,0,76,24,1006,7227
CCCTCATCACAGAGTA-1,0,77,25,900,7167
GGAAACAGAGCTTGGG-1,0,76,26,1006,7106
ACATCGCAATATTCGG-1,0,77,27,900,7045
TTAGCCATAGGGCTCG-1,0,76,28,1006,6984
CGGATTCTGCCTTATG-1,0,77,29,900,6924
TTGTTGGCAATGACTG-1,0,76,30,1005,6863
GGATCTACCGTTCGTC-1,0,77,31,900,6803
GGTGGGATTAGGTCCC-1,0,76,32,1005,6742
AATAGGCACGACCCTT-1,0,77,33,900,6681
GAGGTCCGTTCGCTGT-1,0,76,34,1005,6621
TGACAACTTAAAGGTG-1,0,77,35,899,6560
AGCTAAGCTCCGTCCG-1,0,76,36,1005,6499
CTAGCCCGGGAGACGA-1,0,77,37,899,6439
CCCAGATTCCCGTGAC-1,0,76,38,1005,6378
GCCCGTTCACACAATT-1,0,77,39,899,6318
ACAAACTCCATCAGAG-1,0,76,40,1004,6257
GGTTCCGTACGACTAA-1,0,77,41,899,6196
TTGCGGAAAGCTGCCC-1,0,76,42,1004,6136
GGAACTCGTGAATACG-1,0,77,43,899,6075
GGTTACCGCTCCCTAC-1,0,76,44,1004,6014
AGCGACTTTGAAGACA-1,0,77,45,898,5954
CCGTTTCCTTTCCGTG-1,0,76,46,1004,5893
TGGATGGCATCTTGGA-1,0,77,47,898,5833
CAAGTCGTTGAAATCT-1,0,76,48,1004,5772
TGCAAACGTACTAGTT-1,0,77,49,898,5711
GGCTGTCCTACTGCGG-1,0,76,50,1003,5651
TACTGCATGATTAAAT-1,0,77,51,898,5590
CGGACCTCTGTAGTTA-1,0,76,52,1003,5529
CCCTAGCTCTAAGGTC-1,0,77,53,898,5469
GTAACAGGTTAACGGC-1,0,76,54,1003,5408
CCCGCAAATAATCATC-1,0,77,55,897,5348
AATCCCGCTCAGAGCC-1,0,76,56,1003,5287
AACGTCATCCGGCTTG-1,0,77,57,897,5226
CTCGTGGCACTGAAAG-1,0,76,58,1003,5165
CTTTATCCGACGCATG-1,0,77,59,897,5105
AAATGACTGATCAAAC-1,0,76,60,1002,5044
TTCGTGCATGTTATAG-1,0,77,61,897,4984
ATCAAAGAGCCGTGGT-1,0,76,62,1002,4923
ATGTCATAATAAACGA-1,0,77,63,897,4862
CTTAATCGACTTAGTA-1,0,76,64,1002,4802
CTAAAGGATGAGATAC-1,0,77,65,896,4741
GTGCTATCCAGCTGGA-1,0,76,66,1002,4680
GACAGAGGTCTTCAGT-1,0,77,67,896,4620
TCGATTTACGAAACGA-1,0,76,68,1002,4559
AGGCTTAAGTTGCACA-1,0,77,69,896,4499
TAGGATCTTAACCGCA-1,0,76,70,1001,4438
GACTTTCGAGCGGTTC-1,0,77,71,896,4377
CCCTGGGAGGGATCCT-1,0,76,72,1001,4317
TAGTAGTTGCCGGACA-1,0,77,73,896,4256
GCCCTAAGTGCAGGAT-1,0,76,74,1001,4195
ACTTGGGCTTTCGCCA-1,0,77,75,895,4135
CATGATACGGTGAAAC-1,0,76,76,1001,4074
TCCTGCAGCCGCCAAT-1,0,77,77,895,4014
GTCCGTTAGAGGGCCT-1,0,76,78,1001,3953
GCTTTATTAAGTTACC-1,0,77,79,895,3892
AATCGAGGTCTCAAGG-1,0,76,80,1000,3832
GTGCTGTTAGAACATA-1,0,77,81,895,3771
GGCTTCTCGTGGGTGG-1,0,76,82,1000,3710
CCTACAGTTGAGGGAG-1,0,77,83,895,3650
TATCCCTCGATCTGCA-1,0,76,84,1000,3589
CCGGTATCTGGCGACT-1,0,77,85,894,3529
CTCTAACACCGGCAGC-1,0,76,86,1000,3468
CTTCATCACCAGGGCT-1,0,77,87,894,3407
GGCTGGCAATCCCACG-1,0,76,88,1000,3346
CAAACCATAAGCGTAT-1,0,77,89,894,3286
CATGTGGGCTCATCAC-1,0,76,90,999,3225
CCCGTGACAGTGCCTT-1,0,77,91,894,3165
GATTATCTTGCATTAT-1,0,76,92,999,3104
GAGTCCACCAGGTTTA-1,0,77,93,894,3043
TGTACTATCGCTCGTT-1,0,76,94,999,2983
TTAGCGAATAGATAGG-1,0,77,95,893,2922
ACATACAATCAAGCGG-1,0,76,96,999,2861
ATTCGTGTACCCATTC-1,0,77,97,893,2801
GCTAGCAACGCACCTA-1,0,76,98,999,2740
ACCTCAGCGAGGCGCA-1,0,77,99,893,2680
TCCGGGCCACTAACGG-1,0,76,100,998,2619
TCCCAATATCGACGAC-1,0,77,101,893,2558
GGATTGAAGTAGCCTC-1,0,76,102,998,2498
GGCGCACAGTTTACCT-1,0,77,103,893,2437
CCCGGCACGTGTCAGG-1,0,76,104,998,2376
AGTAAGGGACAGAATC-1,0,77,105,892,2316
TTGCGCACAACCACGT-1,0,76,106,998,2255
CCTGCTACAACCATAC-1,0,77,107,892,2195
CTGGGCTACTGGAGAG-1,0,76,108,998,2134
AGCTACGAATGGTGGT-1,0,77,109,892,2073
ATTCGTTTATCGTATT-1,0,76,110,997,2012
GGCATTCCCTCCCTCG-1,0,77,111,892,1952
AGTTATTCAGACTGTG-1,0,76,112,997,1891
CCACTTTCCTTCTAGG-1,0,77,113,892,1831
CGCAGTTCTATCTTTC-1,0,76,114,997,1770
AGGAGCGTTTATTATC-1,0,77,115,891,1710
GACAGGTAATCCGTGT-1,0,76,116,997,1649
TTCCCAAAGTACTGAT-1,0,77,117,891,1588
CTGCAGGGTGACGCTC-1,0,76,118,997,1527
TCATGGAGGCCTTTGT-1,0,77,119,891,1467
ATGGCCCGAAAGGTTA-1,0,76,120,996,1406
CGTAATATGGCCCTTG-1,0,77,121,891,1346
AGAGTCTTAATGAAAG-1,0,76,122,996,1285
GAACGTTTGTATCCAC-1,0,77,123,891,1224
ATTGAATTCCCTGTAG-1,0,76,124,996,1164
TACCTCACCAATTGTA-1,0,77,125,890,1103
AGTCGAATTAGCGTAA-1,0,76,126,996,1042
TTGAAGTGCATCTACA-1,0,77,127,890,982
