barcode,in_tissue,array_row,array_col,pxl_row_in_fullres,pxl_col_in_fullres
ACGCCTGACACGCGCT-1,0,0,0,9060,8698
TACCGATCCAACACTT-1,0,1,1,8954,8637
ATTAAAGCGGACGAGC-1,0,0,2,9060,8576
GATAAGGGACGATTAG-1,0,1,3,8954,8516
GTGCAAATCACCAATA-1,0,0,4,9059,8455
TGTTGGCTGGCGGAAG-1,0,1,5,8954,8394
GCATCCTCTCCTATTA-1,0,0,6,9059,8334
GCGAGGGACTGCTAGA-1,0,1,7,8954,8273
TGGTACCGGCACAGCC-1,0,0,8,9059,8212
GCGCGTTTAAATCGTA-1,0,1,9,8953,8152
TGCCTTGCCCTTACGG-1,0,0,10,9059,8091
GACGACTTTCCAAGAA-1,0,1,11,8953,8030
CCAGTGAGCTCCTTGT-1,0,0,12,9059,7970
ATACCCTGGCTCAAAT-1,0,1,13,8953,7909
GGGTTTCCGGCTTCCA-1,0,0,14,9059,7848
TAACCGTCCAGTTCAT-1,0,1,15,8953,7788
AAACAACGAATAGTTC-1,0,0,16,9059,7727
CAAGGGAGTGTATTTG-1,0,1,17,8953,7666
CCAAGCTTGATCTCCT-1,0,0,18,9058,7606
TTATTTCATCCCAAAC-1,0,1,19,8953,7545
GAGCGCTATGTCAGGC-1,0,0,20,9058,7484
TATGGCAGACTTTCGA-1,0,1,21,8953,7424
CTTCGTGCCCGCATCG-1,0,0,22,9058,7363
AAACGGGTTGGTATCC-1,0,1,23,8952,7302
TGCAAACCCACATCAA-1,0,0,24,9058,7242
GACGGGATGTCTTATG-1,0,1,25,8952,7181
GGCGAGCATCGAGGAC-1,0,0,26,9058,7120
CGCGTGCTATCAACGA-1,0,1,27,8952,7060
TGAAACCTCAACTCAC-1,0,0,28,9058,6999
CACATAAGGCGACCGT-1,0,1,29,8952,6938
TGACCCAACTCACATT-1,0,0,30,9057,6878
ATACGCCGATCTACCG-1,0,1,31,8952,6817
ACTTATCTGATCTATA-1,0,0,32,9057,6756
GTGTGAGCCGAGGTGC-1,0,1,33,8952,6696
GATGATTTGAAACTGG-1,0,0,34,9057,6635
GGGAACCACCTGTTTC-1,0,1,35,8951,6574
GTTCGTTGCGGACCAG-1,0,0,36,9057,6513
TGAGGTTGATCCCAAG-1,0,1,37,8951,6453
GATGCCACACTACAGC-1,0,0,38,9057,6392
AGGCAAAGAGGAATCA-1,0,1,39,8951,6332
AAGTAAGCTTCCAAAC-1,0,0,40,9057,6271
AACGTAGTCTACCCAT-1,0,1,41,8951,6210
GTTTGAGCGGTTATGT-1,0,0,42,9056,6149
GAAGCAAGGCAATGTT-1,0,1,43,8951,6089
TCACTCAGCGCATTAG-1,0,0,44,9056,6028
TACAATGAAACCAGCA-1,0,1,45,8951,5968
GTGCGCTTACAAATGA-1,0,0,46,9056,5907
GCACTCCCACAGTCCC-1,0,1,47,8951,5846
CGAAGACTGCCCGGGA-1,0,0,48,9056,5785
CAGGATCCGCCCGACC-1,0,1,49,8950,5725
CACGATTGGTCGTTAA-1,0,0,50,9056,5664
GGTTGTATCGTGAAAT-1,0,1,51,8950,5604
TCTTATGGGTAGTACC-1,0,0,52,9056,5543
TACAAGCTGTTCACTG-1,0,1,53,8950,5482
GTATCTTGTTGCTCAC-1,0,0,54,9056,5421
ATACCAGGTGAGCGAT-1,0,1,55,8950,5361
CCTAAACAGGGTCCGT-1,0,0,56,9055,5300
ATGGTGCTCAAAGCCA-1,0,1,57,8950,5240
CAAATGCGGAGTGTTC-1,0,0,58,9055,5179
CGTGCCCGACATTTGT-1,0,1,59,8950,5118
GTATCTCCCTAACTGT-1,0,0,60,9055,5057
ATTTGCCTAGTTACGA-1,0,1,61,8949,4997
ACGTCCTAAACGAGAT-1,0,0,62,9055,4936
CTGGGATCGCCCAGAT-1,0,1,63,8949,4876
CTGCAAATGGGCTCCA-1,0,0,64,9055,4815
CATTATAACAGGGTCC-1,0,1,65,8949,4754
ACCTTTCCTTTAGAAG-1,0,0,66,9055,4693
ATAGATTTGCAGTCGG-1,0,1,67,8949,4633
CTCGGGCATCGTCGGG-1,0,0,68,9054,4572
GTGGCGGGCCGTAGCT-1,0,1,69,8949,4512
CAACAGTGCCAAACGG-1,0,0,70,9054,4451
TGCGGGTATTGGGATC-1,0,1,71,8949,4390
GTCTCGCCAACACGCC-1,0,0,72,9054,4329
CTGGGCGGCCAAATGT-1,0,1,73,8948,4269
TAAAGGAGAAACTAGT-1,0,0,74,9054,4208
TCCCACGGAGGGAGCT-1,0,1,75,8948,4147
AGCTTCAATACTTTGA-1,0,0,76,9054,4087
TTCCACATTTCTCGTC-1,0,1,77,8948,4026
ACAAACCGACAAGGCG-1,0,0,78,9054,3965
AGACGGGATTGGTATA-1,0,1,79,8948,3905
AACCTAAAGCCGTCCG-1,0,0,80,9053,3844
TACAAATTGCGGAGGT-1,0,1,81,8948,3783
CCCGCTAGAGGGTTAA-1,0,0,82,9053,3723
CATTGCAAAGCATAAT-1,0,1,83,8948,3662
TGTACGCTATCAGCTT-1,0,0,84,9053,3601
TTCTTCGCAATAGAGC-1,0,1,85,8948,3541
TGTGATTCCAGCGCTT-1,0,0,86,9053,3480
ATTCAGGATCGCCTCT-1,0,1,87,8947,3419
GCCCATGGGTGCAATG-1,0,0,88,9053,3359
TTCCCGACGCTTCACT-1,0,1,89,8947,3298
AGCGGTTGAGATGTAC-1,0,0,90,9053,3237
GCTGTCTGTGATCGAC-1,0,1,91,8947,3177
AAAGACATGAAGTTTA-1,0,0,92,9053,3116
CAACAGAATAACGCTA-1,0,1,93,8947,3055
TGCGGTCTACGAGTAA-1,0,0,94,9052,2995
AAGACTCACGCCCACT-1,0,1,95,8947,2934
CTTTGAAACATATTCC-1,0,0,96,9052,2873
CTGGGCACTAGTCGGA-1,0,1,97,8947,2813
CGCCCTTACATCCACC-1,0,0,98,9052,2752
CACGACCACAGACTTT-1,0,1,99,8946,2691
CAATCCATTATCCGTT-1,0,0,100,9052,2631
GTGGCGTGCACCAGAG-1,0,1,101,8946,2570
CGGAGTCCTAACCTGG-1,0,0,102,9052,2509
GGTCCCATAACATAGA-1,0,1,103,8946,2449
ATCTCATAAACCTACC-1,0,0,104,9052,2388
TGCATGGCAGTCTTGC-1,0,1,105,8946,2327
TTGCAGGTCATGAAGT-1,0,0,106,9051,2267
AGCTGCATTTGAGGTG-1,0,1,107,8946,2206
TAATCAGGAATGCTGC-1,0,0,108,9051,2145
CCATCATAAGAACAGG-1,0,1,109,8946,2085
TCGTATCACCAAGCTA-1,0,0,110,9051,2024
ATTCAGATGAATCCCT-1,0,1,111,8946,1963
AAAGGTCAACGACATG-1,0,0,112,9051,1903
AGCTGCTGTGCCGAAT-1,0,1,113,8945,1842
CTAGCGCCAATCCTAC-1,0,0,114,9051,1781
GCTCGACCGAACTGAA-1,0,1,115,8945,1721
ACAGTGCAGCGCATTT-1,0,0,116,9051,1660
CGGCTGAAGGTTACGC-1,0,1,117,8945,1599
CACCTCTACGAGTGTG-1,0,0,118,9051,1539
ATACGACAGATGGGTA-1,0,1,119,8945,1478
ACTTCCTGTCGTGCGA-1,0,0,120,9050,1417
CGTAACGGAACGATCA-1,0,1,121,8945,1357
AAATCACTCCTAAACG-1,0,0,122,9050,1296
CTCCGAGTAAATCCGC-1,0,1,123,8945,1235
ACGCTAGTATCAGTGC-1,0,0,124,9050,1174
AGAGTGAACAGACACC-1,0,1,125,8944,1114
ACACCCGTAAATCTGT-1,0,0,126,9050,1053
GCTTTGCTGCCGGGTA-1,0,1,127,8944,993
ACAGGAGGCGCAGCCG-1,0,2,0,8849,8698
AGGCAATACGGAGGAC-1,0,3,1,8743,8637
TGGTGTGACAGACGAT-1,0,2,2,8848,8577
ATCTATCGATGATCAA-1,0,3,3,8743,8516
CGGTAACAAGATACAT-1,0,2,4,8848,8455
TCGCCGGAGAGTCTTA-1,0,3,5,8743,8395
GGAGGAGTGTGTTTAT-1,0,2,6,8848,8334
TTAGGTGTGACTGGTC-1,0,3,7,8743,8273
CAGGGCTAACGAAACC-1,0,2,8,8848,8213
CCCGTGGGTTAATTGA-1,0,3,9,8742,8152
GACCGACCGCTAATAT-1,0,2,10,8848,8091
GGTATCAAGCATAGAA-1,0,3,11,8742,8031
TGCATGAGTAGATTCG-1,0,2,12,8848,7970
AATTCCAACTTGGTGA-1,0,3,13,8742,7909
TGCCGATGTCATCAAT-1,0,2,14,8848,7849
GCTGGGTCCGCTGTTA-1,0,3,15,8742,7788
TGAACACCCGAAGCAG-1,0,2,16,8847,7727
AACATTGGTCAGCCGT-1,0,3,17,8742,7667
GTGGGTCTTCTTTGCG-1,0,2,18,8847,7606
CATCGAATGGATCTCT-1,0,3,19,8742,7545
GCTACACTGTCCGAAC-1,0,2,20,8847,7484
CGGGTTGTAGCTTTGG-1,0,3,21,8741,7424
CCTAAGTGTCTAACCG-1,0,2,22,8847,7363
TCTGTGACTGACCGTT-1,0,3,23,8741,7303
TTATCATACTCGCAAA-1,0,2,24,8847,7242
AGCGTAGCGCTAGACC-1,0,3,25,8741,7181
TCCCTCCGAAATCGTT-1,0,2,26,8847,7120
AGGTCGCCACTTCGGT-1,0,3,27,8741,7060
CTAGCAACTAATTTAC-1,0,2,28,8846,6999
TTGCTAGCTACCAATC-1,0,3,29,8741,6939
GCCGGTTTGGGCGGAT-1,0,2,30,8846,6878
TGTAACTTGTCAACCT-1,0,3,31,8741,6817
CGAGATGTTGCCTATA-1,0,2,32,8846,6756
GTTACGAAATCCACGC-1,0,3,33,8740,6696
CTTGTCGTACGTGTCA-1,0,2,34,8846,6635
GCGTCCAGCTCGTGGC-1,0,3,35,8740,6575
CCCTTCTCGTACGCGA-1,0,2,36,8846,6514
CCAAAGTCCCGCTAAC-1,0,3,37,8740,6453
CCGCTTCGCGGTTAAC-1,0,2,38,8846,6392
GTTACGGCCCGACTGC-1,0,3,39,8740,6332
CCCGCTTGCCCTCGTC-1,0,2,40,8845,6271
TAGTGAGAAGTGGTTG-1,0,3,41,8740,6211
CGCTACCGCCCTATGA-1,0,2,42,8845,6150
AAACAATCTACTAGCA-1,0,3,43,8740,6089
GCGCGATGGGTCAAGT-1,0,2,44,8845,6028
ATAAACCATTGGACGG-1,0,3,45,8740,5968
TCGGGCACTTCTGGAT-1,0,2,46,8845,5907
TCTGTGGCTACATTTC-1,0,3,47,8739,5847
CTCTGTGCCTGCTATG-1,0,2,48,8845,5786
CACGACTAAAGTTCTG-1,0,3,49,8739,5725
GAGGAGTAATTCCTAC-1,0,2,50,8845,5664
AGAGGTATCTCGGTCC-1,0,3,51,8739,5604
GGCGTACCCTATATAA-1,0,2,52,8845,5543
GCCGGAAACACATCTT-1,0,3,53,8739,5482
AAATGTGGGTGCTCCT-1,0,2,54,8844,5422
ACCAGGAGTGTGATCT-1,0,3,55,8739,5361
TGTGGAGGAAGCTTAA-1,0,2,56,8844,5300
AAGGAGAACTTATAAG-1,0,3,57,8739,5240
CCCTCGGGAGCCTTGT-1,0,2,58,8844,5179
ACTGTTTAGTGTAGGC-1,0,3,59,8738,5118
CGTCAGTTTATCGTCT-1,0,2,60,8844,5058
GCGTGTATGTCGTATT-1,0,3,61,8738,4997
ACAATCGATCTTTATA-1,0,2,62,8844,4936
CAGCCCTCACAGGCAG-1,0,3,63,8738,4876
CGCGTCATATTAAACC-1,0,2,64,8844,4815
GAAGACTTCAATGCCG-1,0,3,65,8738,4754
TTGCGGCGACTCATGC-1,0,2,66,8843,4694
ACCAAACTAGAAATCC-1,0,3,67,8738,4633
TTACTGTTTCTCTACG-1,0,2,68,8843,4572
GACCAGGTCATTCATA-1,0,3,69,8738,4512
TTCTTCCCTTTGATAT-1,0,2,70,8843,4451
ACGCCCAGCTGTCGAT-1,0,3,71,8738,4390
AGTAGCGTGAACGAAC-1,0,2,72,8843,4330
CCTCGACCCACTGCCT-1,0,3,73,8737,4269
AGTTATTGAAAGGTAA-1,0,2,74,8843,4208
TCAGTTACGGAATGAT-1,0,3,75,8737,4148
GAATCTATACTCGGAC-1,0,2,76,8843,4087
TCGGCTAACTTCCCTT-1,0,3,77,8737,4026
ACGTGGTCGAATGTGC-1,0,2,78,8843,3966
ATATCGTGCCAGACCC-1,0,3,79,8737,3905
GTAGCTAGTAAGCGCG-1,0,2,80,8842,3844
ACGCTTAGTGTCTCTC-1,0,3,81,8737,3784
TCCGGCCTGCATCGAT-1,0,2,82,8842,3723
TAGTGGAACTCATACA-1,0,3,83,8737,3662
ATCATCTGCCCAGTGT-1,0,2,84,8842,3602
GTTATTAAATACGACC-1,0,3,85,8736,3541
GCGCTAAGTATGCATG-1,0,2,86,8842,3480
CCTGACGCAACCTTTA-1,0,3,87,8736,3420
CCCAAGAATGCACGGT-1,0,2,88,8842,3359
AACTGGGTTCGAGCCG-1,0,3,89,8736,3298
GGTTCCACCCGCTTCT-1,0,2,90,8842,3238
CATGCACGTGTTACTG-1,0,3,91,8736,3177
AGCGTTCCGATTTAAA-1,0,2,92,8841,3116
CCTACGCGACCTTACA-1,0,3,93,8736,3056
CGAATTACATGGTGTT-1,0,2,94,8841,2995
GAGGTCTTAGTGGGTC-1,0,3,95,8736,2934
GCCGCTAGATACGCAG-1,0,2,96,8841,2874
GTCACCTGTCTATGTC-1,0,3,97,8735,2813
CCGATTGGTCAATGAA-1,0,2,98,8841,2752
CCTGTGCGGATTGTAA-1,0,3,99,8735,2692
TTACGTAGCGCGTGCT-1,0,2,100,8841,2631
GGAGGCGAAGAACCGC-1,0,3,101,8735,2570
GGGTCACGTGCTTATG-1,0,2,102,8841,2510
GCTCCGGACGTTGATA-1,0,3,103,8735,2449
ATGTTTGTAAGATCAT-1,0,2,104,8840,2388
TGACCCAGCATTCCCG-1,0,3,105,8735,2328
TGGTCGTTTGATAGAT-1,0,2,106,8840,2267
TGTAATGCCTTCGGAC-1,0,3,107,8735,2206
TGCTCACACAACAACC-1,0,2,108,8840,2145
TACGATCCAAGCCACT-1,0,3,109,8735,2085
TTGTAACTTCATAGCG-1,0,2,110,8840,2024
AGATTCAAGCGGGTCG-1,0,3,111,8734,1964
CTCAGCAGACTGCCGA-1,0,2,112,8840,1903
GTAACATCAGCTCATC-1,0,3,113,8734,1842
ATGGAACAGAATAAAC-1,0,2,114,8840,1781
GGGCCTATACAACCGG-1,0,3,115,8734,1721
TCAAACAATTAGGACA-1,0,2,116,8840,1660
AAACCACTACACAGAT-1,0,3,117,8734,1600
AAACGACAGTCTTGCC-1,0,2,118,8839,1539
TTGAGGGTCGAACGCG-1,0,3,119,8734,1478
TGTTGATCACTGTTTA-1,0,2,120,8839,1417
AGGGTGTGCTACACGC-1,0,3,121,8734,1357
GTAGTTAGACAATATA-1,0,2,122,8839,1296
AATGGCCGCCAATGCG-1,0,3,123,8733,1236
TCGGCGGTATTAGATT-1,0,2,124,8839,1175
GGGTCACTGAGTAGTG-1,0,3,125,8733,1114
GAATTATGCAACCTAC-1,0,2,126,8839,1053
GATCTTAGTGAACGTG-1,0,3,127,8733,993
CTAATGCGCCCAACAA-1,0,4,0,8637,8698
GCCACCCATTCCACTT-1,0,5,1,8532,8638
TACTCACAACGTAGTA-1,0,4,2,8637,8577
GTTCGGTGTGGATTTA-1,0,5,3,8532,8516
TCTTTCGGCGGGACAC-1,0,4,4,8637,8455
GGAGACATTCACGGGC-1,0,5,5,8532,8395
GGGATTATCTCACAAC-1,0,4,6,8637,8334
TAGAACGCCAGTAACG-1,0,5,7,8531,8274
ACGAGTCGCCGGCGTT-1,0,4,8,8637,8213
TGATGGGACTAAGTCA-1,0,5,9,8531,8152
TGCGAGAAACGTTACG-1,0,4,10,8637,8091
TCGCCTCGACCTGTTG-1,0,5,11,8531,8031
AACTCGATAAACACGT-1,0,4,12,8637,7970
AGGAAAGCCTCTGATG-1,0,5,13,8531,7910
GAAGGACTAAATTGAA-1,0,4,14,8636,7849
GTATCGGGACGAGCTG-1,0,5,15,8531,7788
CCTGTGCATAGGAGAC-1,0,4,16,8636,7727
CATACGGGTGCATGAT-1,0,5,17,8531,7667
CCACTAAACTGAATCG-1,0,4,18,8636,7606
AAATTGCGGCGGTTCT-1,0,5,19,8530,7546
AGTCCAGCGGGTACGT-1,0,4,20,8636,7485
CATTCAGGTCAGTGCG-1,0,5,21,8530,7424
CTAAAGTCCGAAGCTA-1,0,4,22,8636,7363
AATCAGACTGCAGGAC-1,0,5,23,8530,7303
AGTATCCATAATAACG-1,0,4,24,8636,7242
CTGGCTGCTAACGTAA-1,0,5,25,8530,7182
GTTCCAAGACAGCGAC-1,0,4,26,8635,7121
AAGACTAACCCGTTGT-1,0,5,27,8530,7060
GATTAATCCTGGCTCA-1,0,4,28,8635,6999
CGCGCAAGGAACTACA-1,0,5,29,8530,6939
CAGTAGCGAGGTAGTA-1,0,4,30,8635,6878
ACGGCGGGTTGCCCTG-1,0,5,31,8530,6818
CTAGGCGGCAGAGAAT-1,0,4,32,8635,6757
GTGCGCAGCTTGCTCC-1,0,5,33,8529,6696
TCACTATCGTGCAATC-1,0,4,34,8635,6635
TATGATTCTGCTTGGT-1,0,5,35,8529,6575
TAAGATTTAGCGGGAG-1,0,4,36,8635,6514
TTACGGTGTCACCGAG-1,0,5,37,8529,6453
CTACACTAGCTTGTTC-1,0,4,38,8635,6393
TGAGCAGTCGTGAAGT-1,0,5,39,8529,6332
CGCTGAGGACGTCCAA-1,0,4,40,8634,6271
GTGTATGACTTTAAAG-1,0,5,41,8529,6211
CTAAACGGGTGTAATC-1,0,4,42,8634,6150
TGTACTGTGCCAAAGT-1,0,5,43,8529,6089
GGCCACAAGCGATGGC-1,0,4,44,8634,6029
GTCAATTGTACTGAAG-1,0,5,45,8528,5968
AGGGACAGCACGGCGG-1,0,4,46,8634,5907
AGCTTATAGAGACCTG-1,0,5,47,8528,5847
AACTAGCGTATCGCAC-1,0,4,48,8634,5786
AACTTTAGCTGCTGAG-1,0,5,49,8528,5725
CCCAAGACAGAGTATG-1,0,4,50,8634,5665
GGCATCAACGAGCACG-1,0,5,51,8528,5604
ATGCATTCCGTGATGG-1,0,4,52,8633,5543
TTATAGATGCACATTA-1,0,5,53,8528,5483
GAACCATCTGGGAGAC-1,0,4,54,8633,5422
TGCTATACAAACGGAC-1,0,5,55,8528,5361
ACTTGCCATATTGTAC-1,0,4,56,8633,5301
TATTCCGGCAGTCCTA-1,0,5,57,8527,5240
GACGGACCGCGTTCCT-1,0,4,58,8633,5179
ATGTGTAGTTTAGTCA-1,0,5,59,8527,5119
ATACCAGCAAATTGCT-1,0,4,60,8633,5058
AAGTTTACTAATGGCA-1,0,5,61,8527,4997
CTCTCGATGTGCGCCT-1,0,4,62,8633,4937
GATTGACACTCTGCTC-1,0,5,63,8527,4876
TATCACAGCACGGGCA-1,0,4,64,8632,4815
ACCGTTCCCGCTCTGA-1,0,5,65,8527,4755
CCGCCACCACAATCCA-1,0,4,66,8632,4694
CATTCACTGACAGCTA-1,0,5,67,8527,4633
CGGCTGCAAGATTAAG-1,0,4,68,8632,4573
CATGAACCTCTTATCA-1,0,5,69,8527,4512
TTAATGCGAGGTAACT-1,0,4,70,8632,4451
AATAAGTCCTCGAGAC-1,0,5,71,8526,4391
ACCAGCCCGGTCTTTG-1,0,4,72,8632,4330
CTACGAACTAGGTCGA-1,0,5,73,8526,4269
ACATCTCAACGCGTAA-1,0,4,74,8632,4209
CACTACTCAGTTCTGT-1,0,5,75,8526,4148
CCGACTCGCATAGTCT-1,0,4,76,8632,4087
CATTTATCGTTCAAGA-1,0,5,77,8526,4027
CAAACGTGGTCTTGCG-1,0,4,78,8631,3966
TAGAAACCACTAAGTA-1,0,5,79,8526,3905
ACTGATTTAGTGATTC-1,0,4,80,8631,3845
TCGTATTTCGTCCGGA-1,0,5,81,8526,3784
CGGAAATTTCACATCC-1,0,4,82,8631,3723
ATCCACGCTAAATGTT-1,0,5,83,8525,3663
GTTCAATCTATGTCAA-1,0,4,84,8631,3602
ATAAAGGTCAAGTACG-1,0,5,85,8525,3541
CAACTCCAACGTTTAG-1,0,4,86,8631,3481
TAGGAACAGCCTCCAG-1,0,5,87,8525,3420
ATGGGAACGGAAGCGG-1,0,4,88,8631,3359
CACACGTTTCAATGGG-1,0,5,89,8525,3299
GGTGTTCTGTTTCTAC-1,0,4,90,8630,3238
AGTAACGTTCATCCTG-1,0,5,91,8525,3177
GTATAGTGGCCCATGT-1,0,4,92,8630,3116
TCTACACGTTCATGCA-1,0,5,93,8525,3056
AATCTGGGTAGACCCT-1,0,4,94,8630,2995
TCGGTTAGCCATGTAG-1,0,5,95,8524,2935
TGCCATGGCTTATAAG-1,0,4,96,8630,2874
TAAGTAAATGTGCCGC-1,0,5,97,8524,2813
GTGTCCGATAAGGCAT-1,0,4,98,8630,2752
TGGCACGAGCTCGAGT-1,0,5,99,8524,2692
ACCGGTCTGAGTACGG-1,0,4,100,8630,2631
GAACTTAGCGCCCGGT-1,0,5,101,8524,2571
AGTAGCTAGACGCCGA-1,0,4,102,8630,2510
ATAGGAATCTAAGCTT-1,0,5,103,8524,2449
CTTCCTGCATATTTAC-1,0,4,104,8629,2388
CAATATGTAGATTTAC-1,0,5,105,8524,2328
ACAAGGCCTACCAGCC-1,0,4,106,8629,2267
TTATAGTCCAAGGTGC-1,0,5,107,8524,2207
AAACGCCCGAGATCGG-1,0,4,108,8629,2146
CCTCGTTACGCCTGTT-1,0,5,109,8523,2085
GAACGGTGTAAAGCAG-1,0,4,110,8629,2024
ACGCATAAATGACATG-1,0,5,111,8523,1964
GGTTCGATGCTGAGTT-1,0,4,112,8629,1903
CTTTGGCAGACAGAGT-1,0,5,113,8523,1843
TTCGTGGGCTGGAAGC-1,0,4,114,8629,1782
CAAAGGTTAAATTCAG-1,0,5,115,8523,1721
GTTTGGCGTCAGGCAC-1,0,4,116,8628,1660
GCTTTCTATCTCAACT-1,0,5,117,8523,1600
TGCATCTCCGGATCTT-1,0,4,118,8628,1539
CTGAAACGGCCCTCAG-1,0,5,119,8523,1479
TAGCAGTAAATACGCG-1,0,4,120,8628,1418
CGGGCTACTTAAATTG-1,0,5,121,8522,1357
ATTATGCTCAGTATTG-1,0,4,122,8628,1296
TGATGCTCACGTAGTC-1,0,5,123,8522,1236
GTCTAAGATGCCCAGC-1,0,4,124,8628,1175
AACCCGATAGGGCTTC-1,0,5,125,8522,1115
CGCTATCGTGGCTTTA-1,0,4,126,8628,1054
CGTCTCTCGCCGAGGC-1,0,5,127,8522,993
AGTGGGAGTATACACG-1,0,6,0,8426,8698
GGTCTTGGTGTTAACT-1,0,7,1,8321,8638
GGCTGGCAGCTTTATG-1,0,6,2,8426,8577
CGCCAATTATTGCGTT-1,0,7,3,8321,8517
GGTAACCGGCAAAGGT-1,0,6,4,8426,8456
TGGGACCATTGGGAGT-1,0,7,5,8320,8395
CTGCAGGTGCTCGGCC-1,0,6,6,8426,8334
CCGGTGCGAGTGATAG-1,0,7,7,8320,8274
GGGTACACTCTGGAGG-1,0,6,8,8426,8213
TAGCCAGAGGGTCCGG-1,0,7,9,8320,8153
CTTGTGAGGACAGCGG-1,0,6,10,8426,8092
GAAGGGCATAACCATG-1,0,7,11,8320,8031
CAACATGGCCTGATAA-1,0,6,12,8425,7970
CAATTTGACCGGGAAG-1,0,7,13,8320,7910
TCTGACTGTAATGGTT-1,0,6,14,8425,7849
TTCATAGCCTTGTAAC-1,0,7,15,8320,7789
TGGAAACGGAGTGAAC-1,0,6,16,8425,7728
ATCGCACGATTGTTCA-1,0,7,17,8319,7667
CGCCACCCGCATTAAC-1,0,6,18,8425,7606
TGGACCACGGCGTTGA-1,0,7,19,8319,7546
GTATATGTTACGGCGG-1,0,6,20,8425,7485
GTATTCTTACCGTGCT-1,0,7,21,8319,7424
TTCAGAGTAACCTGAC-1,0,6,22,8425,7364
GCGGTAACCCAAATGA-1,0,7,23,8319,7303
CTACGTGTTGCCACCA-1,0,6,24,8424,7242
CTAGATAAACTCCTCG-1,0,7,25,8319,7182
TCCATTAGTTGGATAG-1,0,6,26,8424,7121
CTGGCTCCTGCGGGAT-1,0,7,27,8319,7060
CAGTCTCTCGGCTAAT-1,0,6,28,8424,7000
GTATGACGTGGGAAAC-1,0,7,29,8319,6939
AGTCACTCCGCCTCAT-1,0,6,30,8424,6878
GCAGCGGTGGGCATTA-1,0,7,31,8318,6818
TATGGAGTTTCTCGTT-1,0,6,32,8424,6757
ACTCAACGAATGTATT-1,0,7,33,8318,6696
AACACGCGGCCGCGAA-1,0,6,34,8424,6636
CGATATTAGCCGCAGG-1,0,7,35,8318,6575
AGCGTCTGAACCCGCA-1,0,6,36,8424,6514
GATGTCCGGATCACAT-1,0,7,37,8318,6454
GGTCACGTTAGATTCA-1,0,6,38,8423,6393
TTAAGGATACGGAGGT-1,0,7,39,8318,6332
GTGCGGGACCATCGGC-1,0,6,40,8423,6272
CCATCTTGTTCACAAT-1,0,7,41,8318,6211
TCCGAGAAGGCTAAGC-1,0,6,42,8423,6150
TGGCGGTGTGCGATTG-1,0,7,43,8317,6090
ATCCTGCTGCAGATAG-1,0,6,44,8423,6029
TTATGCGTCCCGGTCC-1,0,7,45,8317,5968
CATAATGAGCGGGCGA-1,0,6,46,8423,5908
AGACATAGATCCTTCC-1,0,7,47,8317,5847
GGTGAAACCGGGAATG-1,0,6,48,8423,5786
AACTGGTGTGGGCCTT-1,0,7,49,8317,5726
GTAGCGCTGTTGTAGT-1,0,6,50,8422,5665
TTGTTTGTGTAAATTC-1,0,7,51,8317,5604
GGATCAAAGGACGAGG-1,0,6,52,8422,5544
CGTAGCGCCGACGTTG-1,0,7,53,8317,5483
CAAGTGAACTTTGGTT-1,0,6,54,8422,5422
GTAGACAACCGATGAA-1,0,7,55,8316,5362
CAATGGTCGGCCTGGG-1,0,6,56,8422,5301
ACAGATTAGGTTAGTG-1,0,7,57,8316,5240
GTTATCACCTTCTGAA-1,0,6,58,8422,5180
TGGTATCGGTCTGTAT-1,0,7,59,8316,5119
GGAATAACCTCAAGAA-1,0,6,60,8422,5058
ATTATCTCGACAGATC-1,0,7,61,8316,4998
CCGAGGGATGTTAGGC-1,0,6,62,8422,4937
TGAGATCAAATACTCA-1,0,7,63,8316,4876
AAACGAAGAACATACC-1,0,6,64,8421,4816
CTGGTCCTAACTTGGC-1,0,7,65,8316,4755
TGCACGAGTCGGCAGC-1,0,6,66,8421,4694
ATAGTCTTTGACGTGC-1,0,7,67,8316,4634
TGGAGCTAAAGTTCCC-1,0,6,68,8421,4573
GGGTGGTCCAGCCTGT-1,0,7,69,8315,4512
CATGCATGGAGACCCT-1,0,6,70,8421,4452
ACACGGCACTATGCAT-1,0,7,71,8315,4391
CCCTGGTATGGGCGGC-1,0,6,72,8421,4330
GGAGGATTGAAAGGAG-1,0,7,73,8315,4270
CCGCTGGTGCCATTCA-1,0,6,74,8421,4209
GTTAGAGTGTGCCGCT-1,0,7,75,8315,4148
TCGGAATGACCATCAA-1,0,6,76,8420,4087
TTCAATTAGCCATAAT-1,0,7,77,8315,4027
GATGTGTTGTCACAAG-1,0,6,78,8420,3966
TCTTTCTCTTAAGGAG-1,0,7,79,8315,3906
ACCCTTTAGTTCTCCA-1,0,6,80,8420,3845
ACCACAACTCAGAACA-1,0,7,81,8314,3784
TATGATAAATCTAACG-1,0,6,82,8420,3723
GATCCTCTTGCGCTTA-1,0,7,83,8314,3663
TTCTACCTTTATGTTG-1,0,6,84,8420,3602
GAAATACCTGCTGGCT-1,0,7,85,8314,3542
ATTCTGAGTATGAACT-1,0,6,86,8420,3481
GGATTAAGCTAAGGTC-1,0,7,87,8314,3420
AGTACGTGGCCTGTCT-1,0,6,88,8419,3359
TCAGGGTGCACGAAAC-1,0,7,89,8314,3299
AAATTTACCGAAATCC-1,0,6,90,8419,3238
TTGAGGCATTTAACTC-1,0,7,91,8314,3178
AACCAGTATCACTCTT-1,0,6,92,8419,3117
CACCGGAGATATCTCC-1,0,7,93,8314,3056
GACTGGGCGCCGCAAC-1,0,6,94,8419,2995
CACGTCTATGATGTGG-1,0,7,95,8313,2935
TTAAGACGAACGAACC-1,0,6,96,8419,2874
TGACCAGCTTCAAAGT-1,0,7,97,8313,2814
AGAGTTAGAGACCGAT-1,0,6,98,8419,2753
TTCGGACTGATGCCTT-1,0,7,99,8313,2692
CTCGAATGGAACGTAT-1,0,6,100,8419,2631
GGACGGCTTGCGCAAC-1,0,7,101,8313,2571
CTAAGTACAGGGCTAC-1,0,6,102,8418,2510
ACAAATTCAGATCTGA-1,0,7,103,8313,2450
CATGGAAATGGGACCA-1,0,6,104,8418,2389
GGTGGACCACGTGTTA-1,0,7,105,8313,2328
CACGACGTAATAGTAA-1,0,6,106,8418,2267
CGGGTTCGGCACGTAT-1,0,7,107,8312,2207
CTGGGCTATCCTTTGG-1,0,6,108,8418,2146
GTATTAGGGTTCGCGT-1,0,7,109,8312,2086
TCATTCGTATAATTTG-1,0,6,110,8418,2025
AATAGCAAGCCTCCTG-1,0,7,111,8312,1964
CATCTACCCGAGAACG-1,0,6,112,8418,1903
GCTTCAGTGGGATTAC-1,0,7,113,8312,1843
TCTGTGATGGAGGTTG-1,0,6,114,8417,1782
ATCCACTTTCAGACTA-1,0,7,115,8312,1721
ATGGTTACGAAACATG-1,0,6,116,8417,1661
GGCCCAATCTAGAGGG-1,0,7,117,8312,1600
GATGGTGAAATAACCC-1,0,6,118,8417,1539
AGAGGGACAATTGTCC-1,0,7,119,8311,1479
CGCGTACATTCTGGAA-1,0,6,120,8417,1418
CAAGAAACCCTAAACT-1,0,7,121,8311,1357
TTGGTGCGGTGTTGAA-1,0,6,122,8417,1297
GGTTCCCTAGTGTCTC-1,0,7,123,8311,1236
CGATAACCAATTTGAG-1,0,6,124,8417,1175
GCCCACTGGTCCACAA-1,0,7,125,8311,1115
GAGGGCCGGCAGAGTC-1,0,6,126,8416,1054
CGACACGGATGCCCAC-1,0,7,127,8311,993
CTGTCTGTGGCTGGCT-1,0,8,0,8215,8699
ATATTATCCCGTATTT-1,0,9,1,8110,8638
GCGCTGGCGGAAAGTC-1,0,8,2,8215,8577
ATCTAACGTCCCTATG-1,0,9,3,8109,8517
GTCAGACAGCGTTGGA-1,0,8,4,8215,8456
GCCAGGCTTAGTGGTA-1,0,9,5,8109,8395
ATTCAAAGTACCTGTT-1,0,8,6,8215,8335
TGGACGTAGGCGAATC-1,0,9,7,8109,8274
ACACATTGACGCAACA-1,0,8,8,8215,8213
GATATCAGTATGTATC-1,0,9,9,8109,8153
TGGGCCTTGCCTGCAT-1,0,8,10,8214,8092
CAAAGTCAGGTTAGCT-1,0,9,11,8109,8031
GGATCCCTACCAGCTA-1,0,8,12,8214,7971
ATCGTCCAATCGAGTC-1,0,9,13,8109,7910
ACATGGCTCAATTTAG-1,0,8,14,8214,7849
AGGCCCAGTGACTGGT-1,0,9,15,8108,7789
GCTTCCAGCTTAGATT-1,0,8,16,8214,7728
TGCTTGAAACCATGCA-1,0,9,17,8108,7667
CAATATTGGACTAGTG-1,0,8,18,8214,7607
CGTGCTGGCCTAGTCG-1,0,9,19,8108,7546
CCTGCGATAGAACTGT-1,0,8,20,8214,7485
GGGTAATGCTGTGTTT-1,0,9,21,8108,7425
AACGCGAACGGCAACA-1,0,8,22,8214,7364
TGTCGGCATGGTGGAA-1,0,9,23,8108,7303
AGCGTACGAGAGCTAG-1,0,8,24,8213,7243
ATACTCTCGCCACTCT-1,0,9,25,8108,7182
AATCCATGCAAGGGTG-1,0,8,26,8213,7121
TTAAACAGAGTCCCGC-1,0,9,27,8108,7061
CCACAGCTGAAATCAT-1,0,8,28,8213,7000
CGGTTCCGGCTTCTTG-1,0,9,29,8107,6939
GACGTGAGACTCCATG-1,0,8,30,8213,6879
TCGTTGGCTCGTCAAT-1,0,9,31,8107,6818
GGTGAACGGGCTAGCC-1,0,8,32,8213,6757
GCACTGTGCAAATGTA-1,0,9,33,8107,6697
ACGAGAACCCATCACG-1,0,8,34,8213,6636
CCAGCTACGCCTCATA-1,0,9,35,8107,6575
TCCCGGTCAGGAATTT-1,0,8,36,8212,6515
TCGCATTCAATGACTT-1,0,9,37,8107,6454
CTGGTTCAACGCATCA-1,0,8,38,8212,6393
GGTGATTTCATCTTGT-1,0,9,39,8107,6333
CACCCTTTCCTCGCTC-1,0,8,40,8212,6272
CAACTTGTAGTGGGCA-1,0,9,41,8106,6211
AATATCAAGGTCGGAT-1,0,8,42,8212,6151
ACTCAGACCTGCTTCT-1,0,9,43,8106,6090
TTGGAGTCTCCCTTCT-1,0,8,44,8212,6029
GGATACTCATGAATTG-1,0,9,45,8106,5969
TGGGCACAAACAGAAC-1,0,8,46,8212,5908
GAGCCACGGTAGTAGG-1,0,9,47,8106,5847
TCGATAGGCTAGTCGC-1,0,8,48,8211,5787
TAACCGCCCGCAGTGC-1,0,9,49,8106,5726
GCCTATTTGCTACACA-1,0,8,50,8211,5665
TTGACGATTCAGCACG-1,0,9,51,8106,5605
TTAAACCGGTAGCGAC-1,0,8,52,8211,5544
ACCGAAAGGGCCCTGC-1,0,9,53,8106,5483
ACGTTCCGCGCTCCGT-1,0,8,54,8211,5423
ATACCAGGCTAATAGA-1,0,9,55,8105,5362
CGGCTTTGTATGATAA-1,0,8,56,8211,5301
CTTGACCCGAAAGATA-1,0,9,57,8105,5241
CGCAGAAACATTTGCG-1,0,8,58,8211,5180
GACCCGTCGCCGGCTA-1,0,9,59,8105,5119
AATCGGGACACTACGA-1,0,8,60,8211,5058
GTCACAAAGTTTCCAA-1,0,9,61,8105,4998
TATATTCGCGTCGATA-1,0,8,62,8210,4937
CCTCCCGACAATCCCT-1,0,9,63,8105,4877
CGACATGCGATCTTCT-1,0,8,64,8210,4816
AACACGACTGTACTGA-1,0,9,65,8105,4755
CCCAACCACACTAACA-1,0,8,66,8210,4694
CACCGCCGACCAGCGA-1,0,9,67,8104,4634
TGGTATCGCATCCCAA-1,0,8,68,8210,4573
CAGAGTGATTTAACGT-1,0,9,69,8104,4513
AACCCTGGTGGAACCA-1,0,8,70,8210,4452
GTCAGTTGTGCTCGTT-1,0,9,71,8104,4391
ATTGACGTAACTCGGT-1,0,8,72,8210,4330
GATGTCGGTCAACTGC-1,0,9,73,8104,4270
AGGGCAGCGGCGTGGT-1,0,8,74,8209,4209
ACATCGTTAACCTAGT-1,0,9,75,8104,4149
TCCATTGTGACCTCGT-1,0,8,76,8209,4088
TGTTTAATACTTCATC-1,0,9,77,8104,4027
TTGCTGGCCGGGCTTC-1,0,8,78,8209,3966
CATATTATTTGCCCTA-1,0,9,79,8103,3906
CTGCCTAGCCACCAAG-1,0,8,80,8209,3845
ACGAGATATTTGCTTA-1,0,9,81,8103,3785
GACTACAATTGCTCGT-1,0,8,82,8209,3724
AACGTGATGAAGGACA-1,0,9,83,8103,3663
ACTCTCTTATACACGA-1,0,8,84,8209,3602
CGCATCATGGCTTCAG-1,0,9,85,8103,3542
CGGCTCTTCGTCGAAC-1,0,8,86,8208,3481
ATTCTTCGTACTTATG-1,0,9,87,8103,3421
AGTGAGGGTTTCTGAC-1,0,8,88,8208,3360
GCCAGGCGTTCGCATG-1,0,9,89,8103,3299
GACTAACACAGCACCT-1,0,8,90,8208,3238
CAATGGAATCTACATA-1,0,9,91,8103,3178
GTGGTCAGCGAAGTAT-1,0,8,92,8208,3117
ATGGCTGGAAATGGCC-1,0,9,93,8102,3057
ATCAGGTCGCCATTGC-1,0,8,94,8208,2996
TATCACCATGTAAAGT-1,0,9,95,8102,2935
AGCGCTTATGGGCAAG-1,0,8,96,8208,2874
AAGCGGCGTCATGGGT-1,0,9,97,8102,2814
ACTAATACGTCAGGCG-1,0,8,98,8208,2753
GGCTGAGCATCGTAAG-1,0,9,99,8102,2692
CGGTTGGGTTCAAGTT-1,0,8,100,8207,2632
GACTGATTGGTCACAA-1,0,9,101,8102,2571
AGACGGGCCGATTTAA-1,0,8,102,8207,2510
ACCAGTGCCCGGTCAA-1,0,9,103,8102,2450
GTCCTTTAATGACTTC-1,0,8,104,8207,2389
CCTACAAGTCCGGAAT-1,0,9,105,8101,2328
GCCTGCTACACTGAGA-1,0,8,106,8207,2268
GACTCGGTCGGCGGAT-1,0,9,107,8101,2207
CTAGACATATATGTAG-1,0,8,108,8207,2146
TCGCCCAACTGACTCC-1,0,9,109,8101,2086
AAACTAACGTGGCGAC-1,0,8,110,8207,2025
AACTGAGGTCAGCGTC-1,0,9,111,8101,1964
ACAATGATTCTTCTAC-1,0,8,112,8206,1904
ATAAGTACCCGATTGT-1,0,9,113,8101,1843
ATTGGGAGTTCTGTAA-1,0,8,114,8206,1782
CGAACATAGTCAGAAA-1,0,9,115,8101,1722
TAGCTCAGATCCTAGT-1,0,8,116,8206,1661
GTGTCGTATTCACCTT-1,0,9,117,8101,1600
CTCACCGATCCAAACT-1,0,8,118,8206,1540
ATATGTGCACAAACCA-1,0,9,119,8100,1479
CAGTCCAACGCCTTCT-1,0,8,120,8206,1418
TCGTCCGGGTACACTC-1,0,9,121,8100,1358
GCAGAAACGTAATCCA-1,0,8,122,8206,1297
TTCGAGCCGGCGCTAC-1,0,9,123,8100,1236
GGAAGATAAGACTGTA-1,0,8,124,8206,1176
ATAAGCAAACACCGAG-1,0,9,125,8100,1115
GCATAAATTGAACGCC-1,0,8,126,8205,1054
CGCCGGTGTCGCAGTA-1,0,9,127,8100,994
GACCTGGTCTGGGCGT-1,0,10,0,8004,8699
AGCCGCTTGATTAGCG-1,0,11,1,7898,8638
CCCGGCTAGGTGAGAA-1,0,10,2,8004,8578
CGAGCCGAGCACTCGA-1,0,11,3,7898,8517
TAGTGCTTGAATCCTT-1,0,10,4,8004,8456
CAACCGCACCTAGACA-1,0,11,5,7898,8396
ACCACTGTTCAAGAAG-1,0,10,6,8004,8335
AGATGCTATAACGAGC-1,0,11,7,7898,8274
AATTACTCGTACGCTC-1,0,10,8,8003,8214
CGTCAATCTTTAACAT-1,0,11,9,7898,8153
CCAAAGCAGTTGGTTG-1,0,10,10,8003,8092
CCATATTGGATCATGA-1,0,11,11,7898,8032
CGTACCGAAAGTCTAG-1,0,10,12,8003,7971
CTCGAGATCCAAAGCA-1,0,11,13,7898,7910
TGGATAGAGTAACAGA-1,0,10,14,8003,7850
TCACAGATCCTCAAAC-1,0,11,15,7897,7789
AGAGCTACGAAAGCAT-1,0,10,16,8003,7728
TGCGTGATTGGGTGTC-1,0,11,17,7897,7668
CACATGTTTGGACATG-1,0,10,18,8003,7607
TTCGCATCCGGAAGCA-1,0,11,19,7897,7546
CCCTAGTGTCAGGTGT-1,0,10,20,8003,7486
TTACCGCCTTAGGGAA-1,0,11,21,7897,7425
CCAGTCCATTATTCGA-1,0,10,22,8002,7364
CGTAAACGCTTGAGTG-1,0,11,23,7897,7304
ATTCCTTCCAGGCGGT-1,0,10,24,8002,7243
TTCCTTTCTGTGTTGC-1,0,11,25,7897,7182
AGTTGACATCGGCTGG-1,0,10,26,8002,7122
AACTCGATGGCGCAGT-1,0,11,27,7896,7061
GATAAGGCAGATGCAA-1,0,10,28,8002,7000
GGCTGGCTAGCTTAAA-1,0,11,29,7896,6940
CCTCATGCAGCTACGA-1,0,10,30,8002,6879
GACGCCTGTTGCAGGG-1,0,11,31,7896,6818
TAATTAGATGGATATG-1,0,10,32,8002,6758
GAGGGCATCGCGTATC-1,0,11,33,7896,6697
CTTGTGAGTCTTTGAC-1,0,10,34,8001,6636
TCAACACATTGGGTAA-1,0,11,35,7896,6576
ACTGTATACGCGAGCA-1,0,10,36,8001,6515
GTGAAACGTGCTCCAC-1,0,11,37,7896,6454
CGAGTGCTATAGTTCG-1,0,10,38,8001,6394
GTACTGCATGAAGCGT-1,0,11,39,7895,6333
GTAACTTGCGGCAGTC-1,0,10,40,8001,6272
GAATCGCCGGACACGG-1,0,11,41,7895,6212
GGGAGTAATGGCTGGC-1,0,10,42,8001,6151
CATGAACCGACATTTG-1,0,11,43,7895,6090
TCTGTCATACAAGAGC-1,0,10,44,8001,6029
GTCGTCAATTATAAGG-1,0,11,45,7895,5969
TAAAGAGCCCGAAACC-1,0,10,46,8000,5908
GTACTGAGGTCGTAAC-1,0,11,47,7895,5848
AAAGACCCAAGTCGCG-1,0,10,48,8000,5787
CGTCAGTGCGCACAAG-1,0,11,49,7895,5726
TGTATCCTTATTCCAT-1,0,10,50,8000,5665
ATTCTCGTCTCTTTAG-1,0,11,51,7895,5605
AAAGTCACTGATGTAA-1,0,10,52,8000,5544
TGTCTACAGTTTCTGT-1,0,11,53,7894,5484
TTAACGTCGCAAGACC-1,0,10,54,8000,5423
CTATGTCTATTGAAAC-1,0,11,55,7894,5362
TCGGGTGAAACTGCTA-1,0,10,56,8000,5301
TGTCCCGACATAGCAC-1,0,11,57,7894,5241
ACAGCATAGAGCCAGT-1,0,10,58,8000,5180
ATATTCCCACAGGTCA-1,0,11,59,7894,5120
TTGGATCGACTTCTGG-1,0,10,60,7999,5059
CACCATCGGAGGAGAC-1,0,11,61,7894,4998
TCGTTCGTTATTATGT-1,0,10,62,7999,4937
CTTAACTTCGAAGTAC-1,0,11,63,7894,4877
GCACAAGTGTCGGAAG-1,0,10,64,7999,4816
TACCAGCTAGGTTTAA-1,0,11,65,7893,4756
ACGTACAGATTTCTCT-1,0,10,66,7999,4695
AATTTGGTTCCAAAGA-1,0,11,67,7893,4634
GTAAGGATTTGTCGGA-1,0,10,68,7999,4573
CATCATCTACCCGGAC-1,0,11,69,7893,4513
ACGATGGATCCGATGC-1,0,10,70,7999,4452
CACTCAGCTCTTGAGG-1,0,11,71,7893,4392
TAGATCCGAAGTCGCA-1,0,10,72,7998,4331
TGAAACTTATGCAAGC-1,0,11,73,7893,4270
GCGATTCTGGAAGCAG-1,0,10,74,7998,4209
CAAACTATTGAGCTTC-1,0,11,75,7893,4149
TAGAATTAAGGGCAAC-1,0,10,76,7998,4088
CGAAACATAGATGGCA-1,0,11,77,7893,4028
GATGGTGCCCTAGGCA-1,0,10,78,7998,3967
CCCGCAGGGCCCAAAG-1,0,11,79,7892,3906
ACAGCGCACCCGCAGC-1,0,10,80,7998,3845
GGTAAATGTGCGTTAC-1,0,11,81,7892,3785
GTCCTTCTAGTGGGTT-1,0,10,82,7998,3724
GGAAGCTCGCTTACAG-1,0,11,83,7892,3663
CACCGATACACCGAGC-1,0,10,84,7998,3603
CAGCCGGGCCCTCTAT-1,0,11,85,7892,3542
CGGAGCTTATAACACC-1,0,10,86,7997,3481
ATTACAACTACCGGCC-1,0,11,87,7892,3421
TCCTCTGGCCCATTAG-1,0,10,88,7997,3360
CGGCACCGTTAGCGCC-1,0,11,89,7892,3299
TCGGTCCCTGACTCCA-1,0,10,90,7997,3239
TGGTTGGAGGATCCTG-1,0,11,91,7891,3178
CTGCGGTAGTCACGTG-1,0,10,92,7997,3117
GTGCCTCAGTGTACGG-1,0,11,93,7891,3057
ATCGTTCACTTTCGCC-1,0,10,94,7997,2996
ACTTACCGGGCGCGCA-1,0,11,95,7891,2935
CTAGACTGCATTTCGT-1,0,10,96,7997,2875
TTGCCGGTGATCCCTC-1,0,11,97,7891,2814
CTGTCACGCCAGGCGC-1,0,10,98,7996,2753
CGGTATAGGTATTAGC-1,0,11,99,7891,2693
CCAACGCTTGCCAGGG-1,0,10,100,7996,2632
CGTTGAGTAATTGCGT-1,0,11,101,7891,2571
TGTATTTACCTAATGC-1,0,10,102,7996,2511
TAAATGCCGTCTCATG-1,0,11,103,7890,2450
CGGTTTATGAAGGAAC-1,0,10,104,7996,2389
GCAAGATGTGTTCGCG-1,0,11,105,7890,2329
AAAGGTAAGCTGTACC-1,0,10,106,7996,2268
GTACGTCACGTATTAA-1,0,11,107,7890,2207
AGTACCTTCGAGTGCT-1,0,10,108,7996,2147
ATTGTGACTTCGCTGC-1,0,11,109,7890,2086
TGTATCAGACTGAAGC-1,0,10,110,7995,2025
GAGACCCTGCAACGCC-1,0,11,111,7890,1965
TGGGTGGGATGTCATT-1,0,10,112,7995,1904
GGCTAATGATTGAAAT-1,0,11,113,7890,1843
ATAACGTTACCTCCAC-1,0,10,114,7995,1783
TGCGAGATGGCGGCCA-1,0,11,115,7890,1722
CACACTTGTATTGCGA-1,0,10,116,7995,1661
GCTGGTGACTCGTAGT-1,0,11,117,7889,1601
CGACACCGCTTAAGGA-1,0,10,118,7995,1540
GTAACAACTGACCTTG-1,0,11,119,7889,1479
CAACTGAGGGTATGAC-1,0,10,120,7995,1419
CTAATTATGAAGCGTA-1,0,11,121,7889,1358
CCGATCTTAAGAGGCT-1,0,10,122,7995,1297
CGACTCGGTACACGGT-1,0,11,123,7889,1237
TGCTGCGTCAGAGTTA-1,0,10,124,7994,1176
AGAGTTGCAGGCCTCC-1,0,11,125,7889,1115
ACTGGCGAACCTGCGT-1,0,10,126,7994,1055
ACTAAGGACGCACACC-1,0,11,127,7889,994
CGTCCAGATGGCTCCA-1,0,12,0,7793,8699
ACTATCGCCGGCTAAA-1,0,13,1,7687,8639
GATAGCGTACCACGCG-1,0,12,2,7793,8578
AGGACTTATAGGAGAA-1,0,13,3,7687,8517
TAGTCGGGATTCTTCG-1,0,12,4,7793,8457
ACCATTAAGGGTGTCA-1,0,13,5,7687,8396
TTAATGTGTTTGCAGG-1,0,12,6,7792,8335
TCCGCAGCCACCTAGC-1,0,13,7,7687,8275
GAGGAGATCCTCATGC-1,0,12,8,7792,8214
GGTCCTTCATACGACT-1,0,13,9,7687,8153
CCCTGTTGGCAAAGAC-1,0,12,10,7792,8093
GTGCCTAGCTATGCTT-1,0,13,11,7687,8032
GTCATCTCCTACAGCT-1,0,12,12,7792,7971
GCGAGAAACGGGAGTT-1,0,13,13,7686,7911
CGTCGCGGCGGGATTT-1,0,12,14,7792,7850
CATTGTGTGCTAGATC-1,0,13,15,7686,7789
CGCGGCAGTATTACGG-1,0,12,16,7792,7729
GAAATGGGATGTAAAC-1,0,13,17,7686,7668
CATTCCCTAAGTACAA-1,0,12,18,7792,7607
AGTTCTGCGTTGTATC-1,0,13,19,7686,7547
ACCCTATAGGACTGAG-1,0,12,20,7791,7486
TTAGATAGGTCGATAC-1,0,13,21,7686,7425
ATTGATAGCAACGAGA-1,0,12,22,7791,7365
TCTCGGCTCCAGGACT-1,0,13,23,7686,7304
CTTGAGGTTATCCCGA-1,0,12,24,7791,7243
AAGAAGGATCAGTTAG-1,0,13,25,7685,7183
GTACGACGGCGCTGCG-1,0,12,26,7791,7122
CTTATGTTGACTACCA-1,0,13,27,7685,7061
CGGCACTCAAGAAAGT-1,0,12,28,7791,7000
GTCAAAGTTTACATAG-1,0,13,29,7685,6940
CTCCTAAGTTATGTCT-1,0,12,30,7791,6879
ACTGTGCTAGTAGATC-1,0,13,31,7685,6819
GTTTGGCCGCTCAGCG-1,0,12,32,7790,6758
TTATCCAATCGAACTC-1,0,13,33,7685,6697
CCGTACCCAAGCGCCA-1,0,12,34,7790,6636
CATACAAAGCCGAACC-1,0,13,35,7685,6576
GGTCGGTAATTAGACA-1,0,12,36,7790,6515
AGCGGGAAGGGTCCAT-1,0,13,37,7685,6455
GCCCACCAAGGCTGTC-1,0,12,38,7790,6394
GTAGACGTCGTTACAT-1,0,13,39,7684,6333
GAGCATCATCCCTGGG-1,0,12,40,7790,6272
AGGTAACCTCCTATTC-1,0,13,41,7684,6212
GGTTTGAGTGCTGGAA-1,0,12,42,7790,6151
GCACTAGTCGCGCTAT-1,0,13,43,7684,6091
GGTAACTATGTATCTG-1,0,12,44,7790,6030
GCGGTCCCTAGACGCA-1,0,13,45,7684,5969
CGAGCGTTGATCAGCC-1,0,12,46,7789,5908
AATCCAAGGGCCTGAG-1,0,13,47,7684,5848
CCGTGCCCATGACGGC-1,0,12,48,7789,5787
GAAATTCACATCGCTG-1,0,13,49,7684,5727
CTCTGCGAAGCAAGCA-1,0,12,50,7789,5666
AGTAGGTAACATACAT-1,0,13,51,7683,5605
ATTGGGAATATCTTGG-1,0,12,52,7789,5544
TAGAGCTACGAAGAAC-1,0,13,53,7683,5484
TGCGGCATAGTTCAAC-1,0,12,54,7789,5423
CCGCCGGTCAACACAC-1,0,13,55,7683,5363
TCGTATAGTGCAATTA-1,0,12,56,7789,5302
TAGTTTATTCTTGCTT-1,0,13,57,7683,5241
GATATCTCATGCAATA-1,0,12,58,7788,5180
CGTTTAAGCGGAGCAC-1,0,13,59,7683,5120
CATGCTGGCTCCAATT-1,0,12,60,7788,5059
GAAACAGCCATGCAGT-1,0,13,61,7683,4998
AGTTTCGCAGGTCGGA-1,0,12,62,7788,4938
CTCATGGCTCACAATC-1,0,13,63,7682,4877
AACCGTTGTGTTTGCT-1,0,12,64,7788,4816
ACCCTTCATCTGCGAA-1,0,13,65,7682,4756
TGCGGTGAAATTTCAT-1,0,12,66,7788,4695
CAAATTGTCAGCAAGC-1,0,13,67,7682,4634
GAGGTACATCCATCTT-1,0,12,68,7788,4574
AAATGGCATGTCTTGT-1,0,13,69,7682,4513
TCATCCCAGAGGGTGG-1,0,12,70,7787,4452
CGTAGCGAATTGTCAG-1,0,13,71,7682,4392
CCTAGTTAGTCGCATG-1,0,12,72,7787,4331
GAAACTCTAATGAAGG-1,0,13,73,7682,4270
TTGTATCACACAGAAT-1,0,12,74,7787,4210
TTCAAGCCGAGCTGAG-1,0,13,75,7682,4149
AGGTACGATATTGCCA-1,0,12,76,7787,4088
TTAAGCCGACAACTTC-1,0,13,77,7681,4028
GTCTTAGTACAGCCGG-1,0,12,78,7787,3967
TGGGTAAGGTTCCCGC-1,0,13,79,7681,3906
CTACGCCATTTCCGAT-1,0,12,80,7787,3846
GACCGTCAGGTCGTGA-1,0,13,81,7681,3785
TAGTTAAGATAGGATA-1,0,12,82,7787,3724
GAATATTCGGAGTCCC-1,0,13,83,7681,3664
CAAACTACGATAGAGA-1,0,12,84,7786,3603
CAGGAAGACTTTATAT-1,0,13,85,7681,3542
TTCGTAATCCCAGCGG-1,0,12,86,7786,3482
GTGAGGAGCGGTTGAG-1,0,13,87,7681,3421
CAATCCCTATACCAGC-1,0,12,88,7786,3360
AGGGAAACGAGGTACT-1,0,13,89,7680,3300
TCCTGCCAACTGGAGA-1,0,12,90,7786,3239
AATTTGGGACATAGTA-1,0,13,91,7680,3178
AACTCCTAATCCCATG-1,0,12,92,7786,3118
GCTCATTACTGCATGT-1,0,13,93,7680,3057
TCTCGAACGAGGTCAC-1,0,12,94,7786,2996
TCACTACGACCAATGC-1,0,13,95,7680,2936
GTGATGCACAACATCT-1,0,12,96,7785,2875
CCGACGTAAACACAAC-1,0,13,97,7680,2814
TGGGATGCACTCATTC-1,0,12,98,7785,2754
TTCCATCATGCGGTGA-1,0,13,99,7680,2693
TGCACAGTGAAGTTAT-1,0,12,100,7785,2632
CTATTGTGTTTGGTCA-1,0,13,101,7679,2572
TGCGAGCCCTTCCGCG-1,0,12,102,7785,2511
TTGAAAGGTGTAAAGG-1,0,13,103,7679,2450
GGTGCAGAGCCTATCG-1,0,12,104,7785,2390
ACTATATGCTGTGTTC-1,0,13,105,7679,2329
TCCTGGCGCTGCCTGG-1,0,12,106,7785,2268
GAGCCGAGCGTTTATT-1,0,13,107,7679,2208
AGAATGCGGGTTCGGA-1,0,12,108,7785,2147
ATGCGACAATTGGTCC-1,0,13,109,7679,2086
TTCCGGCTCGACTTCT-1,0,12,110,7784,2026
TGATTATGGCACGCAG-1,0,13,111,7679,1965
GGTTTGACAAGAAGCT-1,0,12,112,7784,1904
GCAGCTATGGACAGGT-1,0,13,113,7679,1844
CACCATGATCGCAAAG-1,0,12,114,7784,1783
GTCGGAAGGATACCAG-1,0,13,115,7678,1722
GGCCCAGTTATCAGCA-1,0,12,116,7784,1661
GGGCCTATTTAAGTAT-1,0,13,117,7678,1601
GTTGTTACATTGCGCT-1,0,12,118,7784,1540
CAACTCCGTAACTTGC-1,0,13,119,7678,1480
GATCTTTGCTCAAAGA-1,0,12,120,7784,1419
TCGCTTAATTACGAAG-1,0,13,121,7678,1358
CGATCATTAGAGGCAC-1,0,12,122,7783,1297
TGTTCTCTACTCCCTA-1,0,13,123,7678,1237
GCTTAGGGAAGCGGTA-1,0,12,124,7783,1176
CAGGTTTAGTACTACA-1,0,13,125,7678,1116
AAGCGGAGTGCGCGCA-1,0,12,126,7783,1055
TCAGATGGAGACGTAG-1,0,13,127,7677,994
TCGCACTAACGTTTGT-1,0,14,0,7582,8700
CACGTCGGGTTCTAGA-1,0,15,1,7476,8639
GGAGTACACATGAGCT-1,0,14,2,7582,8578
GTGTGTCGACGTCGCT-1,0,15,3,7476,8518
GAAGCTCTTTGCTTAG-1,0,14,4,7582,8457
ACACCGAGCGCTCTTT-1,0,15,5,7476,8396
CGTAATAATTACGAGT-1,0,14,6,7581,8336
CATCAACACCTACTAA-1,0,15,7,7476,8275
CCAAGTTTCTACAGAT-1,0,14,8,7581,8214
ACGGGTCATGTGACTT-1,0,15,9,7476,8154
AGTGTGCTAAGATCGC-1,0,14,10,7581,8093
GGCGGTTTGCCGGTGC-1,0,15,11,7475,8032
GTATAATCTCCCGGAT-1,0,14,12,7581,7971
TAGTCCGTATGCATAA-1,0,15,13,7475,7911
CACTTCGTCTTATCTC-1,0,14,14,7581,7850
CATCCGCAGGCCCGAA-1,0,15,15,7475,7790
CCCTGATGTAACTCGT-1,0,14,16,7581,7729
CCATAGTCAGTAACCC-1,0,15,17,7475,7668
CGGGCCATAGCCGCAC-1,0,14,18,7580,7607
CTCCGGCTTGTAGACA-1,0,15,19,7475,7547
AACTTGCGTTCTCGCG-1,0,14,20,7580,7486
AATGAGTTCGCATATG-1,0,15,21,7475,7426
CGAGGCCAGGCATTGG-1,0,14,22,7580,7365
TCTGCGTCCGGTTTCT-1,0,15,23,7474,7304
CAATCCTGCCGTGGAG-1,0,14,24,7580,7243
CTGAGCAAGTAACAAG-1,0,15,25,7474,7183
GGGTACCCACGGTCCT-1,0,14,26,7580,7122
ACGGAATTTAGCAAAT-1,0,15,27,7474,7062
GGGCGGTCCTATTGTC-1,0,14,28,7580,7001
ATGTTACGAGCAATAC-1,0,15,29,7474,6940
AACCATGGGATCGCTA-1,0,14,30,7579,6879
TCGCATCCCTAAGTGT-1,0,15,31,7474,6819
ACTTAGTACGACAAGA-1,0,14,32,7579,6758
GAGCTCTCGGACCTAA-1,0,15,33,7474,6698
TCTATTACGCTGGCGA-1,0,14,34,7579,6637
AGATACGACTTCATAT-1,0,15,35,7474,6576
CGCTATACCGCCCACT-1,0,14,36,7579,6515
CAGTGTCCGCAGAATG-1,0,15,37,7473,6455
CCATCCATACCAAGTC-1,0,14,38,7579,6394
AACCCAGAGACGGAGA-1,0,15,39,7473,6334
GAAGAACGGTGCAGGT-1,0,14,40,7579,6273
GATAAATCGGTGGATG-1,0,15,41,7473,6212
CAGCTCGTGCTTGTGT-1,0,14,42,7579,6151
GAGTACGGGTATACAA-1,0,15,43,7473,6091
CATCGCCCGCGGCCAA-1,0,14,44,7578,6030
TCTTACAGAGGTACCG-1,0,15,45,7473,5969
TGGAAGACGAACACCA-1,0,14,46,7578,5909
GTTGTCGTGTTAGTTG-1,0,15,47,7473,5848
CCAAGGAACAGAGAGG-1,0,14,48,7578,5787
CTGCACCTGGAACCGC-1,0,15,49,7472,5727
CGCTTTCATACCGGTG-1,0,14,50,7578,5666
GTTCTTCCCTCGATGT-1,0,15,51,7472,5605
ATTTAACTCGTATTAC-1,0,14,52,7578,5545
AACGATAGAAGGGCCG-1,0,15,53,7472,5484
TATCCTGCATGGGAAT-1,0,14,54,7578,5423
AGGCCCATTGTACAGG-1,0,15,55,7472,5363
CCGGCGCATATTGGAT-1,0,14,56,7577,5302
ATCTGTAATTGTACCC-1,0,15,57,7472,5241
GAGCGAGGGAGTACCG-1,0,14,58,7577,5181
TTATTAGGGAAGCATC-1,0,15,59,7472,5120
CTTCTTACGTCGTATA-1,0,14,60,7577,5059
GAAGTGCTGGATAGCT-1,0,15,61,7471,4999
GTGCAACAAATGTGGC-1,0,14,62,7577,4938
CATGCGTTAGACAGAA-1,0,15,63,7471,4877
ACACACTTTCTACACG-1,0,14,64,7577,4817
AGCCCTAAGCGAAGTT-1,0,15,65,7471,4756
ATTAATTCGGTCACTC-1,0,14,66,7577,4695
AACAGGAAATCGAATA-1,0,15,67,7471,4635
ACGTTTAGTTGTGATC-1,0,14,68,7577,4574
TCCTTCAGTGGTCGAA-1,0,15,69,7471,4513
CGAACGCCCAGTGCCG-1,0,14,70,7576,4453
CCTCGAAGTGGACGGG-1,0,15,71,7471,4392
CTCTGTTTGAGGATTC-1,0,14,72,7576,4331
TGGGCACGTTCTATGG-1,0,15,73,7471,4271
ACTATTCGTCCGTGGT-1,0,14,74,7576,4210
CCTCTGGCCTAGACGG-1,0,15,75,7470,4149
CCATAAACAACCCGAC-1,0,14,76,7576,4089
CATAGTACATTGAGAG-1,0,15,77,7470,4028
ATTTCATTATTTCGCG-1,0,14,78,7576,3967
CAACTATATCGAATGC-1,0,15,79,7470,3907
CTAGTATTCGGAATTA-1,0,14,80,7576,3846
GTGGAACCTACATGCG-1,0,15,81,7470,3785
CCTAAAGGCTGACGCT-1,0,14,82,7575,3725
CGTGACATTGGGTCGT-1,0,15,83,7470,3664
CCAATCGGTAGATCGA-1,0,14,84,7575,3603
ATTGTCGCAATACCTT-1,0,15,85,7470,3543
AAATTACACGACTCTG-1,0,14,86,7575,3482
CACTCCTCTCGGTCGG-1,0,15,87,7469,3421
AAATAACCATACGGGA-1,0,14,88,7575,3361
AGTTACTCTATCGTGG-1,0,15,89,7469,3300
CGTTAGCTCACAACTG-1,0,14,90,7575,3239
GAATGTATGGCAGGTC-1,0,15,91,7469,3179
GCAACCACCAGACCGG-1,0,14,92,7575,3118
TCACTCGTGCAACGGC-1,0,15,93,7469,3057
AAACAGAGCGACTCCT-1,0,14,94,7574,2997
CAGCCTCTCCTCAAGA-1,0,15,95,7469,2936
TTGCGTGAACGCTTAG-1,0,14,96,7574,2875
CCGCCTGCGAATTGGT-1,0,15,97,7469,2815
AGATGAGGGTTGCGAT-1,0,14,98,7574,2754
CGGTGGGCTCCAGCCT-1,0,15,99,7469,2693
GGCAGCGGTAATCCTA-1,0,14,100,7574,2632
GCTAGCAGGGAGTGGG-1,0,15,101,7468,2572
CTCAAGACATTAGCGC-1,0,14,102,7574,2511
CACGGCGCGCCAAAGG-1,0,15,103,7468,2451
TGCAATTTGGGCACGG-1,0,14,104,7574,2390
ATGCCAATCGCTCTGC-1,0,15,105,7468,2329
GCTGGACCCAAAGTGG-1,0,14,106,7574,2268
ATTCCTAAGACGTGGA-1,0,15,107,7468,2208
TCCGGAGGAAGGGCTG-1,0,14,108,7573,2147
TCGGTGACCGCTCCGG-1,0,15,109,7468,2087
TCCGAAGTAGTCACCA-1,0,14,110,7573,2026
CATGTAGGAGCGCCAA-1,0,15,111,7468,1965
CACAAGAAAGATATTA-1,0,14,112,7573,1904
AGGGTCAGTAACCCTA-1,0,15,113,7467,1844
TAAGCCCTTACGACCA-1,0,14,114,7573,1783
ATACCGTCATCCATAA-1,0,15,115,7467,1723
GGACGTCCATAGTTGG-1,0,14,116,7573,1662
CATCAAACTGGCGCCC-1,0,15,117,7467,1601
AAACGTGTTCGCCCTA-1,0,14,118,7573,1540
AAATTGGTGAGAAGCA-1,0,15,119,7467,1480
GGTCATTGTAGTCATA-1,0,14,120,7572,1419
TGCAGTGAGGCTCGGG-1,0,15,121,7467,1359
GAACATTAGTATGTTA-1,0,14,122,7572,1298
GGTTTGCGAACACGTA-1,0,15,123,7467,1237
ACACAAATATTCCTAG-1,0,14,124,7572,1176
TTGGGTTTATTCAGCG-1,0,15,125,7466,1116
ATTCGCAGAGGACACT-1,0,14,126,7572,1055
GATTTAGTGCGTACTG-1,0,15,127,7466,995
TAGAAACACAATAGTG-1,0,16,0,7371,8700
CAGTAGATGATGTCCG-1,0,17,1,7265,8639
TCTTAACTCGGATGTA-1,0,16,2,7371,8578
TACATCTTGTTTCTTG-1,0,17,3,7265,8518
TTCATAGGGTGTCCAT-1,0,16,4,7370,8457
TGAAGTAGCTTACGGA-1,0,17,5,7265,8397
GCACAAGTGGATCATA-1,0,16,6,7370,8336
GGGCGAATTTCTCCAC-1,0,17,7,7265,8275
ATGTTCCTGCCCACCT-1,0,16,8,7370,8214
GCTCAACCTCTTAGAG-1,0,17,9,7264,8154
ATAGCTGCTCTTGTTA-1,0,16,10,7370,8093
CGTCAGCTATTTACTC-1,0,17,11,7264,8033
ATCTGATAGTGTCTTA-1,0,16,12,7370,7972
TGCACTATGTGAGTGC-1,0,17,13,7264,7911
CCGACAAACACATGAG-1,0,16,14,7370,7850
GCCTTGTATATGCAGT-1,0,17,15,7264,7790
ATAATACCGTTAGCCG-1,0,16,16,7369,7729
ACACTCCAATGTCACT-1,0,17,17,7264,7669
AGTTGCTGACTGATAT-1,0,16,18,7369,7608
GGCGCTCCTCATCAAT-1,0,17,19,7264,7547
TGCCTGACATCGGTCA-1,0,16,20,7369,7486
TTGGCCATCTTGCGCT-1,0,17,21,7263,7426
CAGTGGTTGCACATGA-1,0,16,22,7369,7365
AGAATTGTTTGACATA-1,0,17,23,7263,7305
AAATGCTCGTTACGTT-1,0,16,24,7369,7244
CACCTAATAGAGTCGT-1,0,17,25,7263,7183
CATTTCTAGCAGACTA-1,0,16,26,7369,7122
CCGAAAGTGGTGAGCA-1,0,17,27,7263,7062
AGTCAGCCACCGCCTG-1,0,16,28,7369,7001
TCATCACTCGAGCTCG-1,0,17,29,7263,6940
CTCAGGACTCACCTGT-1,0,16,30,7368,6880
CGGTGTACTTGATCCC-1,0,17,31,7263,6819
CCTACGGCTCAGTCGA-1,0,16,32,7368,6758
GTACTTGGGCACTTCT-1,0,17,33,7263,6698
TGATTTCCTCCTGACG-1,0,16,34,7368,6637
CCTCACCAATCTTGAC-1,0,17,35,7262,6576
GGTGAGATGCAGATAA-1,0,16,36,7368,6516
GCTAGTTTCATTGAGG-1,0,17,37,7262,6455
AGGACATCGCACGTCG-1,0,16,38,7368,6394
GTGGACGTGCTGAGAC-1,0,17,39,7262,6334
TAAGGAACTTGTGGGA-1,0,16,40,7368,6273
TCGCTGTGCGTAAATC-1,0,17,41,7262,6212
GCATCCCTAACTTTGA-1,0,16,42,7367,6152
CACCCACACGTCACCC-1,0,17,43,7262,6091
CCCTCATTCTGGAATT-1,0,16,44,7367,6030
AGGGCGTGATCGGCTA-1,0,17,45,7262,5970
GGTGCGGATAAGTGGC-1,0,16,46,7367,5909
TAATATTGAAATTCGC-1,0,17,47,7261,5848
CTTACACTGGGAAATA-1,0,16,48,7367,5788
ACCAAGAACGCGTGTC-1,0,17,49,7261,5727
GCCTTCAGCCCTACCG-1,0,16,50,7367,5666
GATGCTACAAGCGCCT-1,0,17,51,7261,5606
CCGGGACCCGCAGAGA-1,0,16,52,7367,5545
GTTCCAGTCTGACCAT-1,0,17,53,7261,5484
ATGATCGGGAATAGAC-1,0,16,54,7366,5424
TTGGATTGGGTACCAC-1,0,17,55,7261,5363
TACCTCACGCTTGTAC-1,0,16,56,7366,5302
CATGGCAGGAAGATCG-1,0,17,57,7261,5242
ATGACGCCGGCTCTAA-1,0,16,58,7366,5181
AGCGACATCCCATTCA-1,0,17,59,7261,5120
AGTAATGTCTTGCCGC-1,0,16,60,7366,5060
TTCTTAGTGGCTCAGA-1,0,17,61,7260,4999
CGTCTGGAAGGGCCCG-1,0,16,62,7366,4938
ACGTGCGCCTCGTGCA-1,0,17,63,7260,4878
AGAGCGGGCTAATCAT-1,0,16,64,7366,4817
GCGTCGAAATGTCGGT-1,0,17,65,7260,4756
AACTGATATTAGGCCT-1,0,16,66,7366,4696
CGAGCTGGGCTTTAGG-1,0,17,67,7260,4635
GGGTGTTTCAGCTATG-1,0,16,68,7365,4574
TTAATTTCAGACGCGG-1,0,17,69,7260,4514
ACTGCCGTCGTAACTC-1,0,16,70,7365,4453
GTGCACGAAAGTGACT-1,0,17,71,7260,4392
ATCTCCCTGCAATCTA-1,0,16,72,7365,4332
ACGCCAGATGATTTCT-1,0,17,73,7259,4271
AGCTATTTAATCCAAC-1,0,16,74,7365,4210
CCACGAGAAGAGAATC-1,0,17,75,7259,4150
GATTCCGCGTTTCCGT-1,0,16,76,7365,4089
GTCGGATGTAGCGCGC-1,0,17,77,7259,4028
TATTTATACCGAGTAG-1,0,16,78,7365,3968
GTAGGTGATCCGTGTA-1,0,17,79,7259,3907
AGTTAAGCGGTCCCGG-1,0,16,80,7364,3846
CTGGCGACATAAGTCC-1,0,17,81,7259,3786
TTGGCCTAGAATTTCG-1,0,16,82,7364,3725
GGCATATCGGTTCTGC-1,0,17,83,7259,3664
GGGCGTCCACTGGCTC-1,0,16,84,7364,3603
TTACCCATTGCCGGGT-1,0,17,85,7258,3543
TTAGACACGATCGTTG-1,0,16,86,7364,3482
GCGCTGATCCAGACTC-1,0,17,87,7258,3422
TTCGGCAACCCGCTGA-1,0,16,88,7364,3361
GATATTTCCTACATGG-1,0,17,89,7258,3300
CTGCGTTACGATATAA-1,0,16,90,7364,3239
TAATAAACAAGGAGAT-1,0,17,91,7258,3179
AACCTTTACGACGTCT-1,0,16,92,7363,3118
AGTCCCGCCTTTAATT-1,0,17,93,7258,3058
TGAGATTAGGCCCTAA-1,0,16,94,7363,2997
AGTGTATTGCGCATTG-1,0,17,95,7258,2936
GTTGGATTCAGTGGCT-1,0,16,96,7363,2875
TAAAGCTGCAATAGGG-1,0,17,97,7258,2815
AGTAGGAAGGAAGTTG-1,0,16,98,7363,2754
TATCACTTCGAGTAAC-1,0,17,99,7257,2694
TGATCTACGCTGATCT-1,0,16,100,7363,2633
GGATCATCCCGTACGC-1,0,17,101,7257,2572
TGACACTTCTCTTTGC-1,0,16,102,7363,2511
AGCCCTTCTAATCCGA-1,0,17,103,7257,2451
CACCGCGTCCACTCTA-1,0,16,104,7363,2390
TAATTGGAATCGGGAA-1,0,17,105,7257,2330
TCGTAAGCTCCGAGGA-1,0,16,106,7362,2269
TATATTACAAATGTCG-1,0,17,107,7257,2208
CGCGAGAGGGACTTGT-1,0,16,108,7362,2147
GGACCTACGGTAACGT-1,0,17,109,7257,2087
GAAATATGCTTGAATG-1,0,16,110,7362,2026
CCGTATTAGCGCAGTT-1,0,17,111,7256,1966
AGGCGTCTATGGACGG-1,0,16,112,7362,1905
AACATCGATACGTCTA-1,0,17,113,7256,1844
TGAATATGCTATAAAC-1,0,16,114,7362,1783
ACCAAACACCCAGCGA-1,0,17,115,7256,1723
TGGCTTGTACAAGCTT-1,0,16,116,7362,1662
GAATGAAGGTCTTCAG-1,0,17,117,7256,1602
AGATACCAGCACTTCA-1,0,16,118,7361,1541
GCGGTCCCGGTGAAGG-1,0,17,119,7256,1480
GAGGCATTTGCAGCAG-1,0,16,120,7361,1419
GGCAAGCCAGGGATAG-1,0,17,121,7256,1359
TCTACGGGCTCAGTTG-1,0,16,122,7361,1298
TCTGCGAATCGTTCGC-1,0,17,123,7256,1237
AGCTCGTTGATGGAAA-1,0,16,124,7361,1177
TGAATGAGATACAGCA-1,0,17,125,7255,1116
ACCCTTGCCTGGGTCG-1,0,16,126,7361,1055
GGCGAACCGTTCTGAT-1,0,17,127,7255,995
GCGATGTCTGTGCTTG-1,0,18,0,7160,8700
ATTAACACCTGAGATA-1,0,19,1,7054,8640
GAAATCTGACCAAGTT-1,0,18,2,7159,8579
CCTGACAAACTCGCGC-1,0,19,3,7054,8518
ATGTCATTTCCCATTG-1,0,18,4,7159,8457
GCGGTGCGGAGCATCG-1,0,19,5,7054,8397
CGGAAAGCAAATGTGC-1,0,18,6,7159,8336
GCTGAGCAACGGTTCT-1,0,19,7,7053,8276
TCACTCTTCGTCTGTC-1,0,18,8,7159,8215
GATCTTCATTGTCCTC-1,0,19,9,7053,8154
ACTCGATGTATTTCAT-1,0,18,10,7159,8093
TGAAGAGCGGTCCTAG-1,0,19,11,7053,8033
TAAACGTCGTCAATGA-1,0,18,12,7159,7972
ACGTTATTGGTCACTC-1,0,19,13,7053,7911
ATAGCCTCAGTACCCA-1,0,18,14,7158,7851
CGGGAGTATACCGCCG-1,0,19,15,7053,7790
GTCCTACAGGCGGCTC-1,0,18,16,7158,7729
CGGATAAGCGGACATG-1,0,19,17,7053,7669
AACTTCTGCGTCTATC-1,0,18,18,7158,7608
GGGTTCAGACGAACAA-1,0,19,19,7053,7547
AGTCTGGACATCCTTG-1,0,18,20,7158,7487
TTGAACGAATCCTTTG-1,0,19,21,7052,7426
GAAATACTAAACGTTT-1,0,18,22,7158,7365
CCCGCGCAATGCACCC-1,0,19,23,7052,7305
TTCGGCTAGAGATGGT-1,0,18,24,7158,7244
GACACGAGTTAGAGGA-1,0,19,25,7052,7183
GAGGTCCCAAAGATCT-1,0,18,26,7158,7123
TAACTCCATGGAGGCT-1,0,19,27,7052,7062
CTTGTTTATGTAGCCA-1,0,18,28,7157,7001
GATGGCGCACACATTA-1,0,19,29,7052,6941
ATAATAGTGTAGGGAC-1,0,18,30,7157,6880
CGCTATTCAATGTATG-1,0,19,31,7052,6819
ATATTGCTGTCAAAGT-1,0,18,32,7157,6759
GGATTCAGTACGGTGG-1,0,19,33,7051,6698
TTCTTAGTGAACGGTG-1,0,18,34,7157,6637
AATGGTTCTCACAAGC-1,0,19,35,7051,6577
TATACACGCAAAGTAT-1,0,18,36,7157,6516
CTTCATAGCTCAAGAA-1,0,19,37,7051,6455
CAACGGTTCTTGATAC-1,0,18,38,7157,6395
ACACCCGAGAAATCCG-1,0,19,39,7051,6334
TCTATCATGCAGTTAC-1,0,18,40,7156,6273
CCCGCCATGCTCCCGT-1,0,19,41,7051,6213
CGCTTCCACTGAAATC-1,0,18,42,7156,6152
CACTGTCCAAGTGAGA-1,0,19,43,7051,6091
ATTACTAGCCTCTTGC-1,0,18,44,7156,6031
CATAGTAGCATAGTAG-1,0,19,45,7050,5970
CAACTCCTTGATCCCG-1,0,18,46,7156,5909
AAGTAGAAGACCGGGT-1,0,19,47,7050,5849
GCGGGAACCAGGCCCT-1,0,18,48,7156,5788
ATTAGATTGATAGCGG-1,0,19,49,7050,5727
CTCGGTCCGTAGCCTG-1,0,18,50,7156,5667
TGGCTTTGGGTAGACA-1,0,19,51,7050,5606
TATCCATATCATGCGA-1,0,18,52,7155,5545
GGAGTGCCGCCCTGGA-1,0,19,53,7050,5485
TGAGAATGCTTTACCG-1,0,18,54,7155,5424
TTAACCAACCCTCCCT-1,0,19,55,7050,5363
TGTTTCGGTACTTCTC-1,0,18,56,7155,5303
TTGCTGAAGGAACCAC-1,0,19,57,7050,5242
TATTTAGTCTAGATCG-1,0,18,58,7155,5181
CTCCGGCCTAATATGC-1,0,19,59,7049,5121
TTGTGGCCCTGACAGT-1,0,18,60,7155,5060
TCGCCGGTCGATCCGT-1,0,19,61,7049,4999
CCATAGGTTGGCGTGG-1,0,18,62,7155,4939
GAACGACCGAATGATA-1,0,19,63,7049,4878
TCCGATAATTGCCATA-1,0,18,64,7155,4817
CATTACGTCGGCCCGT-1,0,19,65,7049,4757
CAAGCACCAAATGCCT-1,0,18,66,7154,4696
TGCATGGATCGGATCT-1,0,19,67,7049,4635
GAAATCGCGCGCAACT-1,0,18,68,7154,4574
CTGAAAGAGATCCGAC-1,0,19,69,7049,4514
CACCTCGATGGTGGAC-1,0,18,70,7154,4453
ATTTGTTCCAGGGCTC-1,0,19,71,7048,4393
TGGGCCACAAGAGCGC-1,0,18,72,7154,4332
CCTTCTTGATCCAGTG-1,0,19,73,7048,4271
CCTCGCCAGCAAATTA-1,0,18,74,7154,4210
TTCATGGCGCAACAGG-1,0,19,75,7048,4150
TTAATCAGTACGTCAG-1,0,18,76,7154,4089
CCTATCTATATCGGAA-1,0,19,77,7048,4029
ATTATACTTTGCTCGT-1,0,18,78,7153,3968
ATGGATCCGGCGTCCG-1,0,19,79,7048,3907
CGCCCGCTTCCGTACA-1,0,18,80,7153,3846
GGATTCCGCTATACCC-1,0,19,81,7048,3786
CGGTCTATCAACCCGT-1,0,18,82,7153,3725
ATGCCGGTTGATGGGA-1,0,19,83,7048,3665
TCATGCAGGTTCTCAT-1,0,18,84,7153,3604
TGAGCTTTAATGACGC-1,0,19,85,7047,3543
TCCCTTAGATTACTCG-1,0,18,86,7153,3482
ATATCTCCCTCGTTAA-1,0,19,87,7047,3422
AGCTCTTCCCAGTGCA-1,0,18,88,7153,3361
TCGCTAAACCGCTATC-1,0,19,89,7047,3301
CACATTCTTTCGATGG-1,0,18,90,7153,3240
GATATGCGGTAGCCAA-1,0,19,91,7047,3179
CGTTTCACTTCGGGCG-1,0,18,92,7152,3118
CCAATTACGGGTCGAG-1,0,19,93,7047,3058
GCAGGTAGAGTATGGT-1,0,18,94,7152,2997
GTCGTATTGGCGTACA-1,0,19,95,7047,2937
GAAATTAGCACGGATA-1,0,18,96,7152,2876
AATGCACCAAGCAATG-1,0,19,97,7046,2815
AGGACGCTCGATGTTG-1,0,18,98,7152,2754
GGCTAAAGGGCGGGTC-1,0,19,99,7046,2694
CATCTATCCCGTGTCT-1,0,18,100,7152,2633
CAGTAACTATTTATTG-1,0,19,101,7046,2573
CATATACTACTGATAA-1,0,18,102,7152,2512
GCGTTCGGAGACCGGG-1,0,19,103,7046,2451
AAGTTCAGTCTGCGTA-1,0,18,104,7151,2390
CGAAGCTATAAATTCA-1,0,19,105,7046,2330
CGCGGTCACAAACCAA-1,0,18,106,7151,2269
GGGAATGAGCCCTCAC-1,0,19,107,7046,2208
ACGGAGCGCAAATTAC-1,0,18,108,7151,2148
CGTTCTTCGCACACCT-1,0,19,109,7045,2087
GAATAGCCCTGCGGTC-1,0,18,110,7151,2026
AATAGCTACCGCGTGC-1,0,19,111,7045,1966
CCGAGCTGTGCTTGTC-1,0,18,112,7151,1905
GATGACGATGATCGCG-1,0,19,113,7045,1844
GCCTATGCTGGGCCTT-1,0,18,114,7151,1784
TTACTGTCTAGAGCTC-1,0,19,115,7045,1723
AGCGGTTGCCGCTCTG-1,0,18,116,7150,1662
GCTTGCAGCACAATTG-1,0,19,117,7045,1602
CCGGAGGTCTTATGGT-1,0,18,118,7150,1541
ACAGTATACCGTGGGA-1,0,19,119,7045,1480
GGGATCCCAATACAAA-1,0,18,120,7150,1420
ATTACGACTCCACAGT-1,0,19,121,7045,1359
CTCACACGCAAGCCTA-1,0,18,122,7150,1298
CCAGATGTAAATGGGT-1,0,19,123,7044,1238
GAACTTGTGCACGGGA-1,0,18,124,7150,1177
AAGCCGCTTTACCTTG-1,0,19,125,7044,1116
TCCATTCCCACTAGAG-1,0,18,126,7150,1056
AGAGCGCTTGTAACGG-1,0,19,127,7044,995
TGGGTTCCCGGACGGA-1,0,20,0,6948,8700
GCTGCGCCTCCCACGT-1,0,21,1,6843,8640
CTGTTGGCTCTTCTGA-1,0,20,2,6948,8579
TTGTTCTAGATACGCT-1,0,21,3,6843,8518
CCCTCAAGCTCTTAGT-1,0,20,4,6948,8458
TGGTCTAGCTTACATG-1,0,21,5,6842,8397
ATGCACCTTCCTTAAT-1,0,20,6,6948,8336
GGGATACGGTAATAAT-1,0,21,7,6842,8276
AGTTCACCGGTTGGAC-1,0,20,8,6948,8215
GACATACTGTCGCAGA-1,0,21,9,6842,8154
TGGACACCGTTGCTTG-1,0,20,10,6948,8094
TGCGATGCTAATGGCT-1,0,21,11,6842,8033
TTCTGTTTCCTGTCGC-1,0,20,12,6947,7972
CGTTGTAAACGTCAGG-1,0,21,13,6842,7912
GATCGGCGATAAGTCG-1,0,20,14,6947,7851
AGCCTTAAAGCGGAAG-1,0,21,15,6842,7790
TCCGTAACCACAATCC-1,0,20,16,6947,7730
GAATGCCGAAATGACC-1,0,21,17,6842,7669
TATACTCATGCGGCAA-1,0,20,18,6947,7608
TAGTGTCAGAAACGGC-1,0,21,19,6841,7548
CGTCATACCATATCCA-1,0,20,20,6947,7487
TAGTACCTTAGTGGTC-1,0,21,21,6841,7426
CTGGCGGGAATAAGTA-1,0,20,22,6947,7366
AGTGTGGTCTATTGTG-1,0,21,23,6841,7305
GCTATCGCGGCGCAAC-1,0,20,24,6947,7244
CAGTAATCCCTCCCAG-1,0,21,25,6841,7184
GTATTAAGGCGTCTAA-1,0,20,26,6946,7123
CTAATTTCAACAACAC-1,0,21,27,6841,7062
TTAGCAACATGGATGT-1,0,20,28,6946,7002
ATGCTCAGTGTTGCAT-1,0,21,29,6841,6941
GATGTTTGTGCGAGAT-1,0,20,30,6946,6880
CACTTCGCCACAGGCT-1,0,21,31,6840,6820
CTGTATGGTGTAGAAA-1,0,20,32,6946,6759
TACGTGCACTATGCTG-1,0,21,33,6840,6698
GTATCAGCTTGGGTTC-1,0,20,34,6946,6638
TAACAAAGGGAGAAGC-1,0,21,35,6840,6577
TTACATCGTGGCCTGG-1,0,20,36,6946,6516
TCTGAACCGGTCGGCT-1,0,21,37,6840,6456
GGCTCGTGCCACCAGC-1,0,20,38,6945,6395
TATAAGTGAGGATAGC-1,0,21,39,6840,6334
GCCCGCGCGTTTGACA-1,0,20,40,6945,6274
TGCTGGTTGGACAATT-1,0,21,41,6840,6213
GCCTAGCGATCTGACC-1,0,20,42,6945,6152
CCATGCTCTGCAGGAA-1,0,21,43,6840,6092
TATAAATCCACAAGCT-1,0,20,44,6945,6031
CGCTCGACATAATGAT-1,0,21,45,6839,5970
CCAATTGAATGTTAAT-1,0,20,46,6945,5910
GCTAATACCGAATGCC-1,0,21,47,6839,5849
TTCAACGACCCGACCG-1,0,20,48,6945,5788
TTCCTCGAGGGTGTCT-1,0,21,49,6839,5728
CAACGACCCGTTTACA-1,0,20,50,6945,5667
CTTGTACTTGTTGACT-1,0,21,51,6839,5606
TCTCTAATAGCTGGTA-1,0,20,52,6944,5545
ATTATGCCATAGGGAG-1,0,21,53,6839,5485
GACAACGCAGCTTACG-1,0,20,54,6944,5424
AGATGACTCGCCCACG-1,0,21,55,6839,5364
GTGCGGGTCTCCAAAT-1,0,20,56,6944,5303
GTACGAGATTGCGACA-1,0,21,57,6838,5242
GTATAGGACTCAGTAG-1,0,20,58,6944,5181
TTGCACGGAGCAGCAC-1,0,21,59,6838,5121
CACAGCTAGGGAGTGA-1,0,20,60,6944,5060
ATACTAGCATGACCCT-1,0,21,61,6838,5000
CCAAGACTTCTGCGAA-1,0,20,62,6944,4939
ACATAATAAGGCGGTG-1,0,21,63,6838,4878
TAATACACAGTAGTAT-1,0,20,64,6943,4817
TCTTGGTAACACCAAA-1,0,21,65,6838,4757
AACTGGGTCCCGACGT-1,0,20,66,6943,4696
ATCACTTCATCCTCGC-1,0,21,67,6838,4636
TGGAAGGATAAAGATG-1,0,20,68,6943,4575
CATGATGCACAATTCT-1,0,21,69,6837,4514
TGCCTGATCAAACGAT-1,0,20,70,6943,4453
ATAGGGATATCCTTGA-1,0,21,71,6837,4393
CACCTAATCAGTTTAC-1,0,20,72,6943,4332
TGTGACTACGCCAGTC-1,0,21,73,6837,4272
CCCGACCATAGTCCGC-1,0,20,74,6943,4211
CGCGCCCGACTTAATA-1,0,21,75,6837,4150
TGCCACCTGGCGAAAC-1,0,20,76,6942,4089
CTGCCAAGGTTGGAAG-1,0,21,77,6837,4029
TCTCCAACGTAGGTTA-1,0,20,78,6942,3968
TTCTTGGAGTAATGAG-1,0,21,79,6837,3908
GTCTCGATCTGCTTTC-1,0,20,80,6942,3847
TACTCTCCGAACAAAT-1,0,21,81,6837,3786
ATCACATTAGAATATC-1,0,20,82,6942,3725
TACGGGATGCTAGCAG-1,0,21,83,6836,3665
AGCTGAAGTAAACCAA-1,0,20,84,6942,3604
CATGGGTCGGGTGTGG-1,0,21,85,6836,3544
CACCCACGAGGCAATT-1,0,20,86,6942,3483
TGCCATTACTAAAGAA-1,0,21,87,6836,3422
CCGTTACGTTAGAACA-1,0,20,88,6942,3361
GCCAGGAGTAACCGAT-1,0,21,89,6836,3301
GGAAAGTGCCCATGCC-1,0,20,90,6941,3240
TCTTACCGGAACTCGT-1,0,21,91,6836,3179
TATGTCAAGACCGACT-1,0,20,92,6941,3119
CCTAACTAAGGCTCTA-1,0,21,93,6836,3058
GCGGTGAACTGCGCTC-1,0,20,94,6941,2997
CCTCGCGCGATATAGG-1,0,21,95,6835,2937
ATCGGCAAGCAGTCCA-1,0,20,96,6941,2876
AGATCGTGCATAAGAT-1,0,21,97,6835,2815
ATTCAGGACCTATTTC-1,0,20,98,6941,2755
AGCTAGAAGCAGAAGT-1,0,21,99,6835,2694
TTCGCTATCTGACGTG-1,0,20,100,6941,2633
TTCCGCAGAGAAATAT-1,0,21,101,6835,2573
CAGTACATTCTCTAAA-1,0,20,102,6940,2512
GTGAAGATTTCAAGTG-1,0,21,103,6835,2451
AACGCATGATCTGGGT-1,0,20,104,6940,2391
CCCAGAGGAGGGCGTA-1,0,21,105,6835,2330
GGAAACCTTGTTGAAT-1,0,20,106,6940,2269
GTGAAGCCGTATAGTC-1,0,21,107,6834,2209
GAGCTGTCGTCTCGGA-1,0,20,108,6940,2148
TGTCATTTGTTGGGAA-1,0,21,109,6834,2087
ACCAACACCACACACT-1,0,20,110,6940,2027
AAATGATTCGATCAGC-1,0,21,111,6834,1966
CTGCTTTATGTCCGCG-1,0,20,112,6940,1905
GCGAGAGGCCATGTAA-1,0,21,113,6834,1845
ATTGACCGGCGATGAC-1,0,20,114,6940,1784
ACCCTGGTAACGCCCT-1,0,21,115,6834,1723
GTTGGACCGCATCAGG-1,0,20,116,6939,1663
CGTTTACAAGGCAGCT-1,0,21,117,6834,1602
CGGTCCATGAGACTCC-1,0,20,118,6939,1541
GTTCGTCTGGGTCCCT-1,0,21,119,6834,1481
TGTACTACTCTCACGG-1,0,20,120,6939,1420
AGTGAAGATGGTGTCC-1,0,21,121,6833,1359
GAGGGCCATAATATTA-1,0,20,122,6939,1299
ACTCCCGTAGACTAGG-1,0,21,123,6833,1238
CGTCAAATGGTCGCAG-1,0,20,124,6939,1177
AAGTCTAGTAGCTGCC-1,0,21,125,6833,1117
AAGAAATCACCAGATT-1,0,20,126,6939,1056
GAGTGCACGGACAACA-1,0,21,127,6833,995
GTTCAAATCAGATGTC-1,0,22,0,6737,8701
CATGGCTCCCTATGTC-1,0,23,1,6632,8640
GGCCACACGAAAGCCT-1,0,22,2,6737,8579
GAAGCCGGGTAAGCTC-1,0,23,3,6631,8519
TTGCGCTCTCTCGCTT-1,0,22,4,6737,8458
TACATGACCTTATCCG-1,0,23,5,6631,8397
GTCCTTCTACAACCCA-1,0,22,6,6737,8337
TATATGCTGGGTTGCC-1,0,23,7,6631,8276
GTTTATGGGATTTAGA-1,0,22,8,6737,8215
GGAACCCGAACAAGAA-1,0,23,9,6631,8155
AACGTTATCAGCACCT-1,0,22,10,6737,8094
CATCGTCCGGTTACTA-1,0,23,11,6631,8033
AGACAGCTCAGAATCC-1,0,22,12,6736,7973
GCAGATCCTCGCAAAT-1,0,23,13,6631,7912
GGGTCATGCGTACCAT-1,0,22,14,6736,7851
CTGGTCATTCCAATCC-1,0,23,15,6631,7791
TCAGGGCGCAAACTCG-1,0,22,16,6736,7730
GATGCCAGCAGAAGGC-1,0,23,17,6630,7669
GTTATTAACGTGGGAG-1,0,22,18,6736,7609
AATACAATGTTTCAGG-1,0,23,19,6630,7548
TTGCTGCACCTATCCA-1,0,22,20,6736,7487
CCAGAGACAAAGCCGG-1,0,23,21,6630,7427
CCGAAGTATATTGTTC-1,0,22,22,6736,7366
GCTAAACCTGAGGTGA-1,0,23,23,6630,7305
TCATACTTACAGATCC-1,0,22,24,6735,7245
CGAGCACTTCAAGTTT-1,0,23,25,6630,7184
TAGCAACCTGTCACAA-1,0,22,26,6735,7123
TGGGAAATGCCTTTCC-1,0,23,27,6630,7063
AGACCATGGGATACAA-1,0,22,28,6735,7002
TAAATGAATCCGTTTC-1,0,23,29,6629,6941
ACAACGGTCCCTGCGA-1,0,22,30,6735,6881
GTCACTCTCCAAATCT-1,0,23,31,6629,6820
TTCTACTTGCGAGGGC-1,0,22,32,6735,6759
CGCAATTACTTTCGGT-1,0,23,33,6629,6699
CTGTTCATCTCACGGG-1,0,22,34,6735,6638
TTCTTGTAACCTAATG-1,0,23,35,6629,6577
GCTTGATGATAATCAG-1,0,22,36,6734,6516
TTGGCTCGCATGAGAC-1,0,23,37,6629,6456
GCCCAGTTGGTATGCC-1,0,22,38,6734,6395
ATTCCTCCGCCAGTGC-1,0,23,39,6629,6335
TCGTCCGCTGGCGTCT-1,0,22,40,6734,6274
GGAGAAGTCATTGGCA-1,0,23,41,6629,6213
TTGTTAGCAAATTCGA-1,0,22,42,6734,6152
TCTAGCATCTTCGATG-1,0,23,43,6628,6092
TTCTAGGCCAATTGTG-1,0,22,44,6734,6031
TCACGGTCATCGCACA-1,0,23,45,6628,5971
ATGAAGCCAAGGAGCC-1,0,22,46,6734,5910
AATGACTGTCAGCCGG-1,0,23,47,6628,5849
CCAAACAGAACCCTCG-1,0,22,48,6734,5788
TATCGATGATTAAACG-1,0,23,49,6628,5728
GAACACACATCAACCA-1,0,22,50,6733,5667
CCCGTCAGCGTCTGAC-1,0,23,51,6628,5607
AGCATCGTCGATAATT-1,0,22,52,6733,5546
GACTAAGATCATGCAC-1,0,23,53,6628,5485
TAGGGTGTTTCAAGAG-1,0,22,54,6733,5424
TGGTTCGTAGCAAAGG-1,0,23,55,6627,5364
CTGTTCACTGCCTGTG-1,0,22,56,6733,5303
ATGTGCATCCGACGCA-1,0,23,57,6627,5243
TTGTCGTTCAGTTACC-1,0,22,58,6733,5182
CGGGATCAATGTAAGA-1,0,23,59,6627,5121
TTATCTGTATCATAAC-1,0,22,60,6733,5060
ATCGACTCTTTCCGTT-1,0,23,61,6627,5000
CTCATTTGATGGGCGG-1,0,22,62,6732,4939
GTAAGCGGGCAGTCAG-1,0,23,63,6627,4879
TCTATCGGTCGCAACA-1,0,22,64,6732,4818
AACGCGGTCTCCAGCC-1,0,23,65,6627,4757
ATTAATACTACGCGGG-1,0,22,66,6732,4696
CTTTAACTTTCAAAGG-1,0,23,67,6626,4636
CGTACCTGATAGGCCT-1,0,22,68,6732,4575
GAATGTTGGGTAATCT-1,0,23,69,6626,4514
TGCGGAGTAAAGGTGC-1,0,22,70,6732,4454
CCTGAATATTTACATA-1,0,23,71,6626,4393
TTGCTCCCATACCGGA-1,0,22,72,6732,4332
CCTCTAATCTGCCAAG-1,0,23,73,6626,4272
AGGTTGAGGCACGCTT-1,0,22,74,6732,4211
TCCCGTCAGTCCCGCA-1,0,23,75,6626,4150
TCCGATGACTGAGCTC-1,0,22,76,6731,4090
CAGCCTCCTGCAGAGG-1,0,23,77,6626,4029
CTTAGCCTTCCACATG-1,0,22,78,6731,3968
ATTAATGAACCAGTCG-1,0,23,79,6626,3908
ACGATACATAGAACTA-1,0,22,80,6731,3847
AGCCACTCCCGTGCTT-1,0,23,81,6625,3786
ATACGGGTTTCGATTG-1,0,22,82,6731,3726
CTGTCAAATGGCTCGG-1,0,23,83,6625,3665
GCTCGGAATTTAAAGC-1,0,22,84,6731,3604
TAGGCATGTTACGCCA-1,0,23,85,6625,3544
TGGCAACTCGCGCGCC-1,0,22,86,6731,3483
ATCAGTAGGCAGGGAT-1,0,23,87,6625,3422
TATCGATCTATGCATA-1,0,22,88,6730,3362
CGACTCAGGATGTTAT-1,0,23,89,6625,3301
GCCATATTGCACACAG-1,0,22,90,6730,3240
AATTCATAAGGGATCT-1,0,23,91,6625,3180
CGGTAGAGGTGCAGGT-1,0,22,92,6730,3119
AATGATGATACGCTAT-1,0,23,93,6624,3058
CTTGTGCTCACCGATT-1,0,22,94,6730,2998
TTCCAATCAGAGCTAG-1,0,23,95,6624,2937
CGATGGACCCTACGCC-1,0,22,96,6730,2876
GGTCGGATAAACGGCG-1,0,23,97,6624,2816
TTAGCTAATACGATCT-1,0,22,98,6730,2755
CTCGATATTTGCGAGC-1,0,23,99,6624,2694
ATTACTTACTGGGCAT-1,0,22,100,6729,2634
CTAGCCGATGTTATGA-1,0,23,101,6624,2573
TACTGCAATCAATTAC-1,0,22,102,6729,2512
TAGTCTGTGACGTTGC-1,0,23,103,6624,2452
CTCGTTTCTAATGTTT-1,0,22,104,6729,2391
TTCGTTCAACGAAGTT-1,0,23,105,6624,2330
CTGAATTTATTGCCAG-1,0,22,106,6729,2270
TGGAATATCCTTGACC-1,0,23,107,6623,2209
CAGATCATTTAAAGTC-1,0,22,108,6729,2148
CTCCTTTACGCAAGTC-1,0,23,109,6623,2088
TCCCAAACAGACAACG-1,0,22,110,6729,2027
ATCGCTGCGTGCAGCA-1,0,23,111,6623,1966
TTAGTTCAAGTGTTCG-1,0,22,112,6729,1906
AAACTCGTGATATAAG-1,0,23,113,6623,1845
TTAACGAACAAGCAGT-1,0,22,114,6728,1784
GTTATATCAGGAGCCA-1,0,23,115,6623,1724
CAAATTGGATTATGCC-1,0,22,116,6728,1663
CGAGGAGCTTCCATAT-1,0,23,117,6623,1602
GGAGACCAATGTGCTT-1,0,22,118,6728,1542
CATTGATGAACACGCC-1,0,23,119,6622,1481
GTCAATGCTATAATTT-1,0,22,120,6728,1420
ACCACCCTCTCTTCTA-1,0,23,121,6622,1360
TGGAGGGAAACACCTC-1,0,22,122,6728,1299
CACGGACGTGGATGGC-1,0,23,123,6622,1238
AACTTTCTCGATCATG-1,0,22,124,6728,1177
CGTATTGTTTCCTAAT-1,0,23,125,6622,1117
CCTACTGCGGCGGCCA-1,0,22,126,6727,1056
CTTAGGTCCCAATCGT-1,0,23,127,6622,996
CGCAATCGATCATTAG-1,0,24,0,6526,8701
TGGTTATGCTTGCGGT-1,0,25,1,6421,8640
GGCTTGGCTCTCACCT-1,0,24,2,6526,8580
ATTGGTAGGATCCGCT-1,0,25,3,6420,8519
TCAGGGCGACTTCCTT-1,0,24,4,6526,8458
TCTGCAGATTCGAGTC-1,0,25,5,6420,8398
CTCTCGCTGTACTATG-1,0,24,6,6526,8337
AATAGTCGCGAGTCGG-1,0,25,7,6420,8276
AGTTACCCTTAAGACT-1,0,24,8,6526,8216
CTTAAATAAGACCCAT-1,0,25,9,6420,8155
GGTTGTGCTCTTGTCC-1,0,24,10,6525,8094
GTGAGTCTAAGACGGA-1,0,25,11,6420,8034
CGCGACACTGCGCAGC-1,0,24,12,6525,7973
GCTCGCGGTTCCGCTC-1,0,25,13,6420,7912
TTAACTCACGCGTGGA-1,0,24,14,6525,7852
GGAACGGCCTGCAGCC-1,0,25,15,6419,7791
GTAGAAACGGGTGGAG-1,0,24,16,6525,7730
TAATGAAAGACCCTTG-1,0,25,17,6419,7670
AGGCTTGCTAGACACC-1,0,24,18,6525,7609
TTGCGTAGTTTGAGGA-1,0,25,19,6419,7548
CGCCCTTGAAGGCTGA-1,0,24,20,6525,7487
CCCGGTGGAAGAACCT-1,0,25,21,6419,7427
TTAACACCTCGAACAT-1,0,24,22,6524,7366
GATTCCTATACGGCGC-1,0,25,23,6419,7306
TTACCCTAACAGTCCT-1,0,24,24,6524,7245
ACCCACCTACATGCTC-1,0,25,25,6419,7184
AAAGGGCAGCTTGAAT-1,0,24,26,6524,7123
CACACAGGGATAGATT-1,0,25,27,6418,7063
AGAGCGTACAAGCTCG-1,0,24,28,6524,7002
TCTTACGGCATCCGAC-1,0,25,29,6418,6942
GCCTATTCCGATATAG-1,0,24,30,6524,6881
GAAAGTGACTAACTGC-1,0,25,31,6418,6820
CCGGAATGGTTTCAGT-1,0,24,32,6524,6759
AGTATAATACTAGGCA-1,0,25,33,6418,6699
TAACTATCGAAGGTCC-1,0,24,34,6524,6638
ATGAGGAGTGTTAATC-1,0,25,35,6418,6578
TGTGTCGCGAGTTGCA-1,0,24,36,6523,6517
ATCCAACGCAGTCATA-1,0,25,37,6418,6456
AAGGCGCGTAAAGCTT-1,0,24,38,6523,6395
AGTCGGCCCAAACGAC-1,0,25,39,6418,6335
AACGTCAGACTAGTGG-1,0,24,40,6523,6274
ACTACCAGCTCTCTGG-1,0,25,41,6417,6214
GCAAGTGCACAGAGAA-1,0,24,42,6523,6153
ACACCTTAAGTAGGGC-1,0,25,43,6417,6092
TTCGACGGGAAGGGCG-1,0,24,44,6523,6031
TTCGCACTCGCGTGCT-1,0,25,45,6417,5971
TATTTGTTACCCTTTA-1,0,24,46,6523,5910
CGCTGTGACGCCGCAC-1,0,25,47,6417,5850
GTTGCACGGAGTTTCG-1,0,24,48,6522,5789
GTTTCCTGGAGGGTGA-1,0,25,49,6417,5728
ACACCCAGCATGCAGC-1,0,24,50,6522,5667
TCAACCATGTTCGGGC-1,0,25,51,6417,5607
TTACAACTACGCATCC-1,0,24,52,6522,5546
TCCGATGGTGCGACAT-1,0,25,53,6416,5485
GGGCGTACATTTATAT-1,0,24,54,6522,5425
AGCGACCAACGATATT-1,0,25,55,6416,5364
ACACAAAGACGGGTGG-1,0,24,56,6522,5303
ATCGCACGCCGGGAGA-1,0,25,57,6416,5243
GCTCTAAACCCTGACG-1,0,24,58,6522,5182
AATGCAACCGGGTACC-1,0,25,59,6416,5121
TCAAACAACCGCGTCG-1,0,24,60,6521,5061
TATGCTCCCTACTTAC-1,0,25,61,6416,5000
AAAGGGATGTAGCAAG-1,0,24,62,6521,4939
ACGATCATACATAGAG-1,0,25,63,6416,4879
TTGTTCAGTGTGCTAC-1,0,24,64,6521,4818
ATGCATGATCCAGGAT-1,0,25,65,6416,4757
AGTCTTCTCCTCAAAT-1,0,24,66,6521,4697
GATTCCCTTGTCGCAG-1,0,25,67,6415,4636
CTCGCACCTATATAGT-1,0,24,68,6521,4575
ACTCAATAAAGGCACG-1,0,25,69,6415,4515
AACCGAGCTTGGTCAT-1,0,24,70,6521,4454
TAAGGCAACATAAGAT-1,0,25,71,6415,4393
CACGCACAGCGCAGCT-1,0,24,72,6521,4333
GGTTTACAATCTCAAT-1,0,25,73,6415,4272
TGCAGGATCGGCAAAG-1,0,24,74,6520,4211
ATAACGGAGTCCAACG-1,0,25,75,6415,4151
AACGATATGTCAACTG-1,0,24,76,6520,4090
GACAACGACCATTGAA-1,0,25,77,6415,4029
TTGACCATGTTCTCCG-1,0,24,78,6520,3969
AGTACGGGCACCTGGC-1,0,25,79,6414,3908
CGCCATCCGATTATGA-1,0,24,80,6520,3847
AAGGTATCCTAATATA-1,0,25,81,6414,3787
TGTTGTCAAGAAGTCT-1,0,24,82,6520,3726
CAGTGAATAAATGACT-1,0,25,83,6414,3665
CACCTTGCGAAACTCG-1,0,24,84,6520,3605
CATTTAGCGGACCATG-1,0,25,85,6414,3544
CCAGTCTAGACGGCGC-1,0,24,86,6519,3483
TCGCTTTAAACGTTTG-1,0,25,87,6414,3423
GTGAAACGGCGCCACC-1,0,24,88,6519,3362
GGGCTCATCGAACCCA-1,0,25,89,6414,3301
TTGATGTGTAGTCCCG-1,0,24,90,6519,3241
CAGTAGCCCACGCGGT-1,0,25,91,6413,3180
AGCGCGGGTGCCAATG-1,0,24,92,6519,3119
TAATCGATCCGTACGT-1,0,25,93,6413,3059
AGTGGCGGCAATTTGA-1,0,24,94,6519,2998
CCTTTCAATGAAGAAA-1,0,25,95,6413,2937
CTCAGTCACGACAAAT-1,0,24,96,6519,2877
ATAGGCTAGCTTCGCA-1,0,25,97,6413,2816
CGGTTCAAGTAGGTGT-1,0,24,98,6518,2755
CAGTCGAGGATGCAAT-1,0,25,99,6413,2695
TATCACCCAACCGACC-1,0,24,100,6518,2634
AATGATGCGACTCCTG-1,0,25,101,6413,2573
TGGAACCACTGACACA-1,0,24,102,6518,2513
GCCAATAGGGCATCTC-1,0,25,103,6413,2452
TTCTTTGGTCGCGACG-1,0,24,104,6518,2391
ATTAGATTCCTCAGCA-1,0,25,105,6412,2331
CCGTGGAACGATCCAA-1,0,24,106,6518,2270
GGGTCGTGGCAAGTGT-1,0,25,107,6412,2209
TCGCTCGGCACCAGCG-1,0,24,108,6518,2148
ACGCAATCACTACAGC-1,0,25,109,6412,2088
CTCTAATGCATTGATC-1,0,24,110,6518,2027
GTCTCGACTAAGTTTG-1,0,25,111,6412,1967
TGGTTTAAACGTGGGT-1,0,24,112,6517,1906
CGCAGATCTTCACCCG-1,0,25,113,6412,1845
TCCAGATGTACGCCAA-1,0,24,114,6517,1784
CATTGCGGGTCAATTC-1,0,25,115,6412,1724
GACGTTCGTAAATACA-1,0,24,116,6517,1663
TACACCGTCGTTAGTC-1,0,25,117,6411,1603
ACGGGCGTATGCGACA-1,0,24,118,6517,1542
GAAGGCTACCATTGTT-1,0,25,119,6411,1481
TAAATCTTTACACCTC-1,0,24,120,6517,1420
AGTTTATGTAAAGACA-1,0,25,121,6411,1360
AGGAGACATCCACAGT-1,0,24,122,6517,1299
CAACCTGAACCTGCCA-1,0,25,123,6411,1239
AGTCCCTCGCAGAAAG-1,0,24,124,6516,1178
TGTATACGGATGATGA-1,0,25,125,6411,1117
TTGTGGTATAGGTATG-1,0,24,126,6516,1056
TCTGCACCATTAGTAA-1,0,25,127,6411,996
AAATGTATCTTATCCC-1,0,26,0,6315,8701
ACTCTAAACCTGGGAT-1,0,27,1,6209,8641
GCTGGCAGGTGCCGTG-1,0,26,2,6315,8580
CTCATTCGTGAACATC-1,0,27,3,6209,8519
TCGCCGGATGGGCAAG-1,0,26,4,6315,8458
GGACTAAGTCAGGAGT-1,0,27,5,6209,8398
TATCAAAGGTCTGTAA-1,0,26,6,6315,8337
TTCAGTTTGTGGCAGC-1,0,27,7,6209,8277
TGTTCATAAATGTGCT-1,0,26,8,6314,8216
CTTAGCCCGGATAGTG-1,0,27,9,6209,8155
GATGCGAATGGTATTA-1,0,26,10,6314,8094
TCTAACTGTATGTAAA-1,0,27,11,6209,8034
TTAAACCTGGTTCCTT-1,0,26,12,6314,7973
GCTAAGTAAAGGCGAT-1,0,27,13,6208,7913
AGTTACCGCACATGGT-1,0,26,14,6314,7852
GACTGCGGCACGTGTA-1,0,27,15,6208,7791
TGGTGATCGTATTTGT-1,0,26,16,6314,7730
TTATCGCCTGCGAAGC-1,0,27,17,6208,7670
TGGAATTAGACGCTTT-1,0,26,18,6314,7609
TCGTCACACTGTTAGC-1,0,27,19,6208,7549
TTATGTTTGCGATAGA-1,0,26,20,6313,7488
GGTGCTGATCACAAAG-1,0,27,21,6208,7427
CATAGCCGCCCGGGAT-1,0,26,22,6313,7366
GGTTAGTTACGGCGCC-1,0,27,23,6208,7306
ATTCCCACATAAACAA-1,0,26,24,6313,7245
ATTCAGTAGCAGGGTC-1,0,27,25,6208,7185
CAGTTCCGCGGGTCGA-1,0,26,26,6313,7124
AAGAGATGAATCGGTA-1,0,27,27,6207,7063
CGCAATTCTACAATAA-1,0,26,28,6313,7002
TAACGCTTTGAGAGCG-1,0,27,29,6207,6942
AGGCTATGGTTAGCTT-1,0,26,30,6313,6881
GAGGAATGGAGAGGTT-1,0,27,31,6207,6821
TCCTCTACGAGATGGC-1,0,26,32,6313,6760
TTGATTATGCAGATGA-1,0,27,33,6207,6699
TCAGTACTGACCCGCG-1,0,26,34,6312,6638
TTATGACAAACTGGAT-1,0,27,35,6207,6578
GTAAGTAGGGTATACC-1,0,26,36,6312,6517
CGCAAACACGAGTTAC-1,0,27,37,6207,6456
TGGCCGTATATTGACC-1,0,26,38,6312,6396
ACTGTAGCACTTTGGA-1,0,27,39,6206,6335
GCTCTATGTTACGTGC-1,0,26,40,6312,6274
TGCGCGATTAACGGAG-1,0,27,41,6206,6214
GAATCGACATGGTCAC-1,0,26,42,6312,6153
GACTAAGTAGGCTCAC-1,0,27,43,6206,6092
ATCTTGACCTGCAACG-1,0,26,44,6312,6032
ATGCACTACCGCATTG-1,0,27,45,6206,5971
CAGATACTAACATAGT-1,0,26,46,6311,5910
GATCGACACTATCTGA-1,0,27,47,6206,5850
ATAGAGTACTGGGACA-1,0,26,48,6311,5789
CCTACTGCTTACACTT-1,0,27,49,6206,5728
CCTGCTATTTGAGAAG-1,0,26,50,6311,5668
CGCGTTCATGAAATAC-1,0,27,51,6205,5607
CATTATGCTTGTTGTG-1,0,26,52,6311,5546
CCAGGGACGTGGCCTC-1,0,27,53,6205,5486
TATGGATGTGCTACGC-1,0,26,54,6311,5425
GTACTAAGATTTGGAG-1,0,27,55,6205,5364
AGACCCGCCCTCCTCG-1,0,26,56,6311,5304
CGCATTAGCTAATAGG-1,0,27,57,6205,5243
GCTCTCGGGTACCGAA-1,0,26,58,6310,5182
CACCGCCAGAAGGTTT-1,0,27,59,6205,5122
TCCCAAAGACGAAGGA-1,0,26,60,6310,5061
ATGGATTGACCAAACG-1,0,27,61,6205,5000
GTCATGGACATGACTA-1,0,26,62,6310,4940
CTACTGCCACCTGACC-1,0,27,63,6205,4879
TTATATTTGGCAATCC-1,0,26,64,6310,4818
AGCACCAGTACTCACG-1,0,27,65,6204,4758
CATGGTCTAGATACCG-1,0,26,66,6310,4697
TCTACCGTCCACAAGC-1,0,27,67,6204,4636
CTAGTTGGGCCCGGTA-1,0,26,68,6310,4576
TCCCGCGTACTCCTGG-1,0,27,69,6204,4515
CAGAGCATGAGCTTGC-1,0,26,70,6310,4454
ACACGGGAACTTAGGG-1,0,27,71,6204,4394
GGCTCTGCTCCAACGC-1,0,26,72,6309,4333
AGAACGTGGTACATTC-1,0,27,73,6204,4272
CAATAAACCTTGGCCC-1,0,26,74,6309,4212
ACTTCGCCATACGCAC-1,0,27,75,6204,4151
ATCTGGTTAAGACTGT-1,0,26,76,6309,4090
TCGTAAGACGACATTG-1,0,27,77,6203,4030
GTGTACCTTGGCTACG-1,0,26,78,6309,3969
GCCCGTAATACCTTCT-1,0,27,79,6203,3908
CGGTCAAGTGGGAACC-1,0,26,80,6309,3848
TTGTAAGGCCAGTTGG-1,0,27,81,6203,3787
GGAGCACCAAGAACTA-1,0,26,82,6309,3726
TAATAGTGACGACCAG-1,0,27,83,6203,3666
CTAAATCCTATTCCGG-1,0,26,84,6308,3605
CGAGTTCTGTCCCACC-1,0,27,85,6203,3544
AGGCAGATGCGTAAAC-1,0,26,86,6308,3484
AAGGATGAGGGACCTC-1,0,27,87,6203,3423
AGAGAACCGTCTAGGA-1,0,26,88,6308,3362
GAGGGCGCAGCTCTGC-1,0,27,89,6203,3302
AAGATTGGCGGAACGT-1,0,26,90,6308,3241
CCAGTAGTCTGATCCA-1,0,27,91,6202,3180
AAGGGACAGATTCTGT-1,0,26,92,6308,3119
ATAGAGTTATCAACTT-1,0,27,93,6202,3059
AAATTACCTATCGATG-1,0,26,94,6308,2998
GATCCTAAATCGGGAC-1,0,27,95,6202,2938
TTACAGACCTAAATGA-1,0,26,96,6308,2877
CCTCACCTTAGCATCG-1,0,27,97,6202,2816
CATGCGACCAGTTTAA-1,0,26,98,6307,2755
AACATATCAACTGGTG-1,0,27,99,6202,2695
CTATAAGAGCCAATCG-1,0,26,100,6307,2634
AATATCGAGGGTTCTC-1,0,27,101,6202,2574
GTACTCCTGGGTATGC-1,0,26,102,6307,2513
ATAAGTAGGATTCAGA-1,0,27,103,6201,2452
AGGTCGCGGAGTTACT-1,0,26,104,6307,2391
CTAATTCTCAGATATT-1,0,27,105,6201,2331
GCCAACCATTTCCGGA-1,0,26,106,6307,2270
TGATCCCAGCATTAGT-1,0,27,107,6201,2210
CGTTGTAAGATTGATT-1,0,26,108,6307,2149
GAAACCATGGTGCGCT-1,0,27,109,6201,2088
AATCTATGCCGGAGCC-1,0,26,110,6306,2027
GACTCCCAGAATAAGG-1,0,27,111,6201,1967
TATGATCCGGCACGCC-1,0,26,112,6306,1906
CCGCTTGCTGACATGG-1,0,27,113,6201,1846
TGGTTAAGGGCGCTGG-1,0,26,114,6306,1785
TTGATAGTCAATACAT-1,0,27,115,6200,1724
GGTTTAATTGAGCAGG-1,0,26,116,6306,1663
CATTACATAGATTGTG-1,0,27,117,6200,1603
GGTACACCAGATTTAT-1,0,26,118,6306,1542
GGCCCGTATACCATGC-1,0,27,119,6200,1482
ATCTTTCGTATAACCA-1,0,26,120,6306,1421
GAGATGACAATCCTTA-1,0,27,121,6200,1360
AAAGCTTGCCTACATA-1,0,26,122,6305,1299
GAACGATAAGTTAAAG-1,0,27,123,6200,1239
TAATAGCTAAATGATG-1,0,26,124,6305,1178
TATGGCTAGGCTAATT-1,0,27,125,6200,1118
AGGAGAGTCTGGCTAC-1,0,26,126,6305,1057
TGCTCTGCCGGTTCAC-1,0,27,127,6200,996
CCAATAGATTTCATCT-1,0,28,0,6104,8701
GGGCACGAATTGGCCG-1,0,29,1,5998,8641
TCGTTGACAGGGTCCC-1,0,28,2,6104,8580
ATCGTATTCCGAGAAC-1,0,29,3,5998,8520
GGGAATTCTGTCCAGT-1,0,28,4,6104,8459
ACGCGTTTCTTAAGAG-1,0,29,5,5998,8398
GAGAGCGCAGTCCCTG-1,0,28,6,6103,8337
GTCCTATTGTTGTGGT-1,0,29,7,5998,8277
CATCTGCAGGATCATT-1,0,28,8,6103,8216
GAGTCGACAGACCCTC-1,0,29,9,5998,8156
AAGTGCAAAGGTAGAC-1,0,28,10,6103,8095
AGGGTGGATAGTGCAT-1,0,29,11,5997,8034
TGATAGCGGGATTCTA-1,0,28,12,6103,7973
GTCAGTTTGGTAGTCG-1,0,29,13,5997,7913
GCATTCGAAATGAACA-1,0,28,14,6103,7852
AAAGACTGGGCGCTTT-1,0,29,15,5997,7792
TAACAATATTTGTTGC-1,0,28,16,6103,7731
CCAGCTTCCGCCCGCA-1,0,29,17,5997,7670
GATATGGATTACGCGG-1,0,28,18,6102,7609
AGAGCAGTTATGAGAC-1,0,29,19,5997,7549
TCACATCTTATCTGAT-1,0,28,20,6102,7488
TATGAAGACAGGTGCG-1,0,29,21,5997,7427
TACCTGCTGCACTGTG-1,0,28,22,6102,7367
TAGGTCCAAGTAAGGA-1,0,29,23,5997,7306
GAAACTCGTGCGATGC-1,0,28,24,6102,7245
AACAATTACTCTACGC-1,0,29,25,5996,7185
CCGCACGTGACCTCGG-1,0,28,26,6102,7124
AACTTGCCCGTATGCA-1,0,29,27,5996,7063
GGGTATGTATGCACTT-1,0,28,28,6102,7003
TTCGTACTCCAGAACG-1,0,29,29,5996,6942
GAATTTCTCGCTGCAG-1,0,28,30,6102,6881
AACAGGATGGGCCGCG-1,0,29,31,5996,6821
GACGTGTAGGGATTAT-1,0,28,32,6101,6760
TAGGTGAGCCCTACTC-1,0,29,33,5996,6699
CTAATTCGCACGCGCT-1,0,28,34,6101,6639
GAAGCTTGCTGACCGC-1,0,29,35,5996,6578
GGTTAGGCTTGGAGAA-1,0,28,36,6101,6517
ACAAGGACAAGAGGTT-1,0,29,37,5995,6457
AGGCCACCCGTTATGA-1,0,28,38,6101,6396
GTGGGCTTAGACACAC-1,0,29,39,5995,6335
CGTGTCCCATTCGCGA-1,0,28,40,6101,6275
TGGAGTGATGCGATGA-1,0,29,41,5995,6214
AACAACTGGTAGTTGC-1,0,28,42,6101,6153
CCTGGCTAGACCCGCC-1,0,29,43,5995,6093
CGCAATTAGGGTAATA-1,0,28,44,6100,6032
TCGAAATTTAGGACCA-1,0,29,45,5995,5971
AGACTAGCCTTCCAGA-1,0,28,46,6100,5911
TTGATCTAACTTTGTC-1,0,29,47,5995,5850
AAGGAGCGGTTGGTGC-1,0,28,48,6100,5789
ACTTGGGACCCGGTGG-1,0,29,49,5994,5729
TGATCTCCGGCGCCAG-1,0,28,50,6100,5668
CAGTTCAAATTGACAC-1,0,29,51,5994,5607
GTCCGGCTGAATTGCG-1,0,28,52,6100,5547
CTGGAAATGGATGCTT-1,0,29,53,5994,5486
TGATCGGTTTGACCCT-1,0,28,54,6100,5425
TAGAGTCTAAGCGAAC-1,0,29,55,5994,5365
GAGACTGATGGGTAGA-1,0,28,56,6100,5304
TAGCTAAGTCCGGGAG-1,0,29,57,5994,5243
GGGCGATATGTGTGAA-1,0,28,58,6099,5183
CTCGAGGTCGAACAGT-1,0,29,59,5994,5122
GATCCCTTTATACTGC-1,0,28,60,6099,5061
GTCATGCACCTCCGTT-1,0,29,61,5994,5001
ACTTTCCTATAGCTTC-1,0,28,62,6099,4940
TCGCTCGATATATTCC-1,0,29,63,5993,4879
ATAGGTTGGGCAGATG-1,0,28,64,6099,4819
CAATTAAGGGTGATGA-1,0,29,65,5993,4758
ACCGACTGAGTCCCAC-1,0,28,66,6099,4697
CCTGTCACCCGGGCTC-1,0,29,67,5993,4637
GATCGGTGGCCATAAC-1,0,28,68,6099,4576
CCTATGGGTTACCGTC-1,0,29,69,5993,4515
TTGGGACACTGCCCGC-1,0,28,70,6098,4455
CGAGGCTAAATATGGC-1,0,29,71,5993,4394
TCAGGGTGTAACGTAA-1,0,28,72,6098,4333
CGAGAGATGTGAACCT-1,0,29,73,5993,4273
TCGCTGGGCGGATTGT-1,0,28,74,6098,4212
AGATCTCAGGTGTGAT-1,0,29,75,5992,4151
TGGCCAAACTGAAGTA-1,0,28,76,6098,4090
GCTTCCGTCCCTAGAC-1,0,29,77,5992,4030
CAGCAGCCCGTTCCTT-1,0,28,78,6098,3969
TGTATAACAGATCCTG-1,0,29,79,5992,3909
CGCGGGAATTAGGCAG-1,0,28,80,6098,3848
TGCATGTGGTAATCTA-1,0,29,81,5992,3787
ACAATTTGAGCAGTGG-1,0,28,82,6097,3726
GAGCTAAGGGCATATC-1,0,29,83,5992,3666
CCAGATAGTTGAGTGA-1,0,28,84,6097,3605
CCACAATGTACGTCTT-1,0,29,85,5992,3545
CAATGGATCTCTACCA-1,0,28,86,6097,3484
TGTGGCAAAGCGTATG-1,0,29,87,5992,3423
TAAAGCGTTAGGAGAA-1,0,28,88,6097,3362
TCCGTTTAGCCTTGAA-1,0,29,89,5991,3302
CAGCTCGACAAGTTAA-1,0,28,90,6097,3241
GCCTATAGTGTCAGGG-1,0,29,91,5991,3181
ATAGACAACGGGACCT-1,0,28,92,6097,3120
CTACTATCTTTCAGAG-1,0,29,93,5991,3059
GCGCTGCTTTGCATTT-1,0,28,94,6097,2998
GCGCATCCAGTCAGCA-1,0,29,95,5991,2938
GACTCGCGGGAATGAC-1,0,28,96,6096,2877
CTGGTAACGAGCTCTT-1,0,29,97,5991,2817
TCCGGCCTAGCGTACA-1,0,28,98,6096,2756
TCTAGGTGGCGACGCT-1,0,29,99,5991,2695
ACGCTAGTGATACACT-1,0,28,100,6096,2634
ATCTGCACCTCTGCGA-1,0,29,101,5990,2574
CCTCACCTGAGGGAGC-1,0,28,102,6096,2513
AGTGAGCCTCGCCGCC-1,0,29,103,5990,2453
ACGAGTACGGATGCCC-1,0,28,104,6096,2392
GGTACCATTAAGACGG-1,0,29,105,5990,2331
TTCTGCTAGACTCCAA-1,0,28,106,6096,2270
TAACTATTACGCCAAA-1,0,29,107,5990,2210
GCATTCAAGGCAACGC-1,0,28,108,6095,2149
AGTACATCATTTATCA-1,0,29,109,5990,2089
GTCGTGTCTGGTCATC-1,0,28,110,6095,2028
AGTCTAAAGTATACTC-1,0,29,111,5990,1967
CGGCCCAACCTGTAGT-1,0,28,112,6095,1906
AGGGAGACATACTTCG-1,0,29,113,5989,1846
TCCCTAGATCAATAGG-1,0,28,114,6095,1785
TCCCGTCGCGTCATAG-1,0,29,115,5989,1724
CGCATCCATCAGCCAG-1,0,28,116,6095,1664
CTGCACCTAGTCCACA-1,0,29,117,5989,1603
CGAGGATCGGGAACGA-1,0,28,118,6095,1542
CAATGAGGTTCGACTA-1,0,29,119,5989,1482
TCTGACGGGCTAACCC-1,0,28,120,6095,1421
TTCTATGCCTTTCGCA-1,0,29,121,5989,1360
AGAGTATAGTGTTACG-1,0,28,122,6094,1300
CCATTGTTTCCTCCAT-1,0,29,123,5989,1239
CTCATCACTTAGTGAT-1,0,28,124,6094,1178
CCGAAGGGCGTACCGC-1,0,29,125,5989,1118
TCAAGCTGCCTTGAAA-1,0,28,126,6094,1057
CTCATTAACGTTGCCC-1,0,29,127,5988,996
GTCTTCCTCACCTAAG-1,0,30,0,5893,8702
GGTGATGAAGGAAGTG-1,0,31,1,5787,8641
TCAATACAATTGCTGC-1,0,30,2,5893,8580
GCAACCCAAGTTGTTT-1,0,31,3,5787,8520
ATGAAGTGGACCCAGC-1,0,30,4,5892,8459
GAGAATCTCACGATCA-1,0,31,5,5787,8398
TATATCATTGATCAGT-1,0,30,6,5892,8338
AACTTTACGGGAGCTT-1,0,31,7,5787,8277
TTCTTGTGTCCATCAG-1,0,30,8,5892,8216
ACAATTTAGGAGGCTC-1,0,31,9,5786,8156
ATACTTGTTCTCGAGC-1,0,30,10,5892,8095
CACGGGATTGAGGGTT-1,0,31,11,5786,8034
GTTAATGTCTATCTTA-1,0,30,12,5892,7974
GCGTTATATTTGGAAC-1,0,31,13,5786,7913
CGTCAAGGCTATAAAT-1,0,30,14,5892,7852
TTAGCTCTGTAATCCG-1,0,31,15,5786,7792
AATGGTCCACCGTTCA-1,0,30,16,5892,7731
GTCATTGCATTGACCC-1,0,31,17,5786,7670
TGTCCGTGGCGCCTTT-1,0,30,18,5891,7610
TCAACTAACGTATAAC-1,0,31,19,5786,7549
TCCTCTCCAGTTGTCC-1,0,30,20,5891,7488
TGTGTTCGTATCCAAG-1,0,31,21,5786,7428
CCGCGTAGGTAAGGGC-1,0,30,22,5891,7367
CTGCGGGTGAAATGTT-1,0,31,23,5785,7306
TATCTACAGAGGTAAT-1,0,30,24,5891,7246
CTACTCTAGGCCCGGC-1,0,31,25,5785,7185
ACAAGCAGTGCCTAGC-1,0,30,26,5891,7124
TACAAGTCTCGTGCAT-1,0,31,27,5785,7064
TCGGAATGCGCTCTGA-1,0,30,28,5891,7003
TCGCGTCCAGAAGGTC-1,0,31,29,5785,6942
TATGGCCCGGCCTCGC-1,0,30,30,5890,6882
GCTGGCATATTCACCT-1,0,31,31,5785,6821
GTCAGAATAGTCTATG-1,0,30,32,5890,6760
GGCGTCCTATCCGCTG-1,0,31,33,5785,6700
CGGAGTTTGAGAGACA-1,0,30,34,5890,6639
AGCACTTAAGGACGCC-1,0,31,35,5784,6578
TCCACAATGGTTTACG-1,0,30,36,5890,6518
CCAACGATGCACTGAT-1,0,31,37,5784,6457
ATTTACAGTTTACTGG-1,0,30,38,5890,6396
CCCTGAAATGAGTTGA-1,0,31,39,5784,6336
CAAACGGTCGCACTTT-1,0,30,40,5890,6275
TGATTCGTCTATCACT-1,0,31,41,5784,6214
TCAGGTTCTTTGAGAA-1,0,30,42,5889,6154
CACGCAGCGAGGCTTT-1,0,31,43,5784,6093
TTAAGCGCCTGACCCA-1,0,30,44,5889,6032
CTTACACGGTATTCCA-1,0,31,45,5784,5972
AAGGCTGTGCTCATCG-1,0,30,46,5889,5911
GACCAGAGCCCTGTAG-1,0,31,47,5784,5850
TCCCAGGCTTAGCTAA-1,0,30,48,5889,5790
ATTGAAGATCTTAGTG-1,0,31,49,5783,5729
AGTTCCTACAGAATTA-1,0,30,50,5889,5668
GGGCTGGTTAGTCGCG-1,0,31,51,5783,5608
GAAATGGCGGTGTTAG-1,0,30,52,5889,5547
TACGAACACGACTTCA-1,0,31,53,5783,5486
ACCACAAGTTTCTATC-1,0,30,54,5889,5426
ATATTTAACCCTCAAG-1,0,31,55,5783,5365
GATCATTCCAAACATT-1,0,30,56,5888,5304
TCCAGGCGAGTACGGT-1,0,31,57,5783,5244
GTTTGACCAAATCCTA-1,0,30,58,5888,5183
CACAGCACCCACGGCA-1,0,31,59,5783,5122
TGCAAGAATGACGTAA-1,0,30,60,5888,5061
GCGAAGCCATACCCGT-1,0,31,61,5782,5001
TCCTTTCTTACGCTTA-1,0,30,62,5888,4940
GCTGCTCTCCGGACAC-1,0,31,63,5782,4880
ACTGTCTTCTTTAGAA-1,0,30,64,5888,4819
TCAAACTTAGATTGTT-1,0,31,65,5782,4758
CTATGTCACTAGCCCA-1,0,30,66,5888,4697
TGCGCAAAGCATTTGG-1,0,31,67,5782,4637
TTAATGTAGACCAGGT-1,0,30,68,5887,4576
GGCGGTAGGATCATTG-1,0,31,69,5782,4516
GGCAATAGTCAATGAG-1,0,30,70,5887,4455
ACACGAGACTCCTTCT-1,0,31,71,5782,4394
GACACAAGGGAAGAAA-1,0,30,72,5887,4333
TCAGCAAATGCATCTC-1,0,31,73,5781,4273
GAGATCTGTCACTCCG-1,0,30,74,5887,4212
ATGCCGGTCTTGCATA-1,0,31,75,5781,4152
TTGGGCGGCGGTTGCC-1,0,30,76,5887,4091
TTGTTGTGTGTCAAGA-1,0,31,77,5781,4030
ACTGTACGATACACAT-1,0,30,78,5887,3969
TCCACTTTATCTAGGT-1,0,31,79,5781,3909
GGTCTGAGAATCTGGA-1,0,30,80,5887,3848
TAGAAAGGTGGCGCTA-1,0,31,81,5781,3788
TATGTCTCATTGTGCC-1,0,30,82,5886,3727
GGATTTCACTTCTATA-1,0,31,83,5781,3666
TGAGTGGTCCGTGACG-1,0,30,84,5886,3605
CGCTTTCTTGCATTCG-1,0,31,85,5781,3545
ACCCAACGCCCGTGGC-1,0,30,86,5886,3484
GAACGTCTCATGGTCG-1,0,31,87,5780,3424
AGGGTTCCCTTTGGTT-1,0,30,88,5886,3363
GTAGCTTCCTCTTGTT-1,0,31,89,5780,3302
GCATGAGGGACGCGGC-1,0,30,90,5886,3241
CTACCCTAAGGTCATA-1,0,31,91,5780,3181
TCACCGCTCGGCACTC-1,0,30,92,5886,3120
GGCTCGCGTTGAGGTA-1,0,31,93,5780,3060
CTAACGAAACTTGCTG-1,0,30,94,5885,2999
TTAAACTCGAATTCAT-1,0,31,95,5780,2938
TACTTTACTGAGCCGG-1,0,30,96,5885,2877
GCTTGGATCGATTAGG-1,0,31,97,5780,2817
CGGTTATCCAACAGTG-1,0,30,98,5885,2756
CAGACCTGTAAGTGTT-1,0,31,99,5779,2695
GACGGTCAATAGAAGC-1,0,30,100,5885,2635
CTGACTGCGCAGCTCG-1,0,31,101,5779,2574
CCATACCTTTACTTGT-1,0,30,102,5885,2513
GTAATAAAGGGCTCCC-1,0,31,103,5779,2453
GTGAACTCCCATTCGA-1,0,30,104,5885,2392
GTGGTTACTTCTTTCG-1,0,31,105,5779,2331
TCAGAACCTCCACAGG-1,0,30,106,5884,2271
TCCCACTCTCTTCCGG-1,0,31,107,5779,2210
ATCTTGACTTGTCCAA-1,0,30,108,5884,2149
TCGGGAACGTGCCTAG-1,0,31,109,5779,2089
GTTAGCCGTAAATCAA-1,0,30,110,5884,2028
ATTTACTAAGTCCATT-1,0,31,111,5779,1967
GGGTGCATATGAAAGC-1,0,30,112,5884,1907
TCCGAATGGTCCTGAG-1,0,31,113,5778,1846
TGATGGCTGTTTCTGA-1,0,30,114,5884,1785
AAATAAGGTAGTGCCC-1,0,31,115,5778,1725
CCACTATCCGGGTCAC-1,0,30,116,5884,1664
ACACCACATAATTAGC-1,0,31,117,5778,1603
CGCGGTAAGTCTAGCT-1,0,30,118,5884,1543
GCGGGCATTACGATGC-1,0,31,119,5778,1482
AGGATTGCTTACGACA-1,0,30,120,5883,1421
CTCGGGATAACACCTA-1,0,31,121,5778,1361
GTCGTCTGGTTGGCTA-1,0,30,122,5883,1300
GCAATTAGTCGCACCG-1,0,31,123,5778,1239
GTGACCTAAAGAATAA-1,0,30,124,5883,1179
CTGAGCGAGACTTATT-1,0,31,125,5777,1118
CAAGACTCAGAAGCGC-1,0,30,126,5883,1057
ACTTCGCTAGCGAGTG-1,0,31,127,5777,997
CCATACTCGCCTCTCC-1,0,32,0,5682,8702
ACGATACCTATCCTGA-1,0,33,1,5576,8641
CTCACCAGTACAAGTG-1,0,32,2,5681,8581
CGAAGACGGTGAGTGC-1,0,33,3,5576,8520
AAATTAATAAGCGCGA-1,0,32,4,5681,8459
GGGCCCTTATCTATAC-1,0,33,5,5576,8399
CTGCCCACGAAGCGTT-1,0,32,6,5681,8338
GGACAAGTTGCAGTGA-1,0,33,7,5576,8277
GTCCGAGAGCAATCAT-1,0,32,8,5681,8217
ATGGCAGCCGAGAAAC-1,0,33,9,5575,8156
CCTCGGATGCTACCTG-1,0,32,10,5681,8095
ATACGGTGAAGATGCA-1,0,33,11,5575,8035
ACATCAGCTGGGACGC-1,0,32,12,5681,7974
GGTTGTGTAGCCTGGC-1,0,33,13,5575,7913
CCTGCGTTCTACGCTT-1,0,32,14,5681,7853
GAACGTTAGGAAGACG-1,0,33,15,5575,7792
CTGATAGTGTATCTCA-1,0,32,16,5680,7731
TTCTGCGAGCGCCCTT-1,0,33,17,5575,7671
CTTTGGCGCTTTATAC-1,0,32,18,5680,7610
TCCGAACTTGGCTTAC-1,0,33,19,5575,7549
TAGATTCCTGGTTATT-1,0,32,20,5680,7489
CCGACAAAGGGAGTGC-1,0,33,21,5574,7428
CCATGGCCCTTGTACC-1,0,32,22,5680,7367
GAAATATCACCATCAG-1,0,33,23,5574,7307
ACGAAATGGGCGGCAC-1,0,32,24,5680,7246
GTGAGCGTGCTGCACT-1,0,33,25,5574,7185
CCGCGGGTACGAAGAA-1,0,32,26,5680,7125
TCCCTGGCTCGCTGGA-1,0,33,27,5574,7064
CAGCTTAGTAGGTAGC-1,0,32,28,5679,7003
CACGAAAGTTAGTCCC-1,0,33,29,5574,6943
ACCTAATCGACTTCCT-1,0,32,30,5679,6882
AAGTAGTGACGCGAGG-1,0,33,31,5574,6821
TCCGATTACATTGCCG-1,0,32,32,5679,6761
CCTCCGACAATTCAAG-1,0,33,33,5573,6700
GTTCACAGGAGTCTAG-1,0,32,34,5679,6639
CGAAGTTGCTCTGTGT-1,0,33,35,5573,6579
GTCGGATATCTCAGAC-1,0,32,36,5679,6518
CGCTCTCCGTAGATTA-1,0,33,37,5573,6457
CAAGCAACGTCGGAGT-1,0,32,38,5679,6397
CCATTCCCTGCCCACA-1,0,33,39,5573,6336
CTTTGGCTTTAGTAAA-1,0,32,40,5679,6275
GGCTATTAAGTTGTAT-1,0,33,41,5573,6215
CCATTAGCGATAATCC-1,0,32,42,5678,6154
TGTTCTTCCATTGACT-1,0,33,43,5573,6093
AGATAACTTCAGGGCC-1,0,32,44,5678,6032
ATAGACGAAGAGAAAG-1,0,33,45,5573,5972
GGCGGAGTAATATTAG-1,0,32,46,5678,5911
TGACCCACGTTAGACA-1,0,33,47,5572,5851
TCACAGGTTATTGGGC-1,0,32,48,5678,5790
TCACGCATTGTAGATC-1,0,33,49,5572,5729
TTGAAGAATTCCCAGG-1,0,32,50,5678,5668
AAATGGTCAATGTGCC-1,0,33,51,5572,5608
TAGTGCCCTCCAGAGT-1,0,32,52,5678,5547
GGTATTGCCGAGTTTA-1,0,33,53,5572,5487
CGTATTAAGAGATCTA-1,0,32,54,5677,5426
ACTGTCCAGGATTATA-1,0,33,55,5572,5365
CGGGCAGCTAAACCGC-1,0,32,56,5677,5304
TTGCTGATCATGTTCG-1,0,33,57,5572,5244
TATGGGTACGTATCGT-1,0,32,58,5677,5183
CAGCTCACTGAGACAT-1,0,33,59,5571,5123
GGGACTGCATAGATAG-1,0,32,60,5677,5062
ACGCATTCGTGAGTAC-1,0,33,61,5571,5001
CTCTGGACGCCTGGTG-1,0,32,62,5677,4940
AGGGTTTAGTTCGGGA-1,0,33,63,5571,4880
GGGAGAACTCACAGTA-1,0,32,64,5677,4819
ATCAATCTGGGCTGCA-1,0,33,65,5571,4759
TCTTCGATACCAATAA-1,0,32,66,5676,4698
ACGTAGATTGCTGATG-1,0,33,67,5571,4637
TCTTGATGCGTAGCGA-1,0,32,68,5676,4576
GGGCTGCCTAGGGCGA-1,0,33,69,5571,4516
CTCTCACAATCGATGA-1,0,32,70,5676,4455
CCAAGCGTAACTCGTA-1,0,33,71,5571,4395
ACAACAGCATGAGCTA-1,0,32,72,5676,4334
GTCCCAACGTAAAGTA-1,0,33,73,5570,4273
TCGGAGTACATGAGTA-1,0,32,74,5676,4212
GGGAGTTAATGAGGCG-1,0,33,75,5570,4152
CCGGGCGGTCTCGTCA-1,0,32,76,5676,4091
CCGTAAGTTGGTCCCA-1,0,33,77,5570,4030
GGAGGGCTTGGTTGGC-1,0,32,78,5676,3970
TCGGACGCCCAGCCCA-1,0,33,79,5570,3909
TCTGTGCCATCATAGT-1,0,32,80,5675,3848
GTACTGGAGTTAGACC-1,0,33,81,5570,3788
GGAATGCGCTAGCGTG-1,0,32,82,5675,3727
GTGTGAATAACTTAGG-1,0,33,83,5570,3666
GGTCGGCCAGGAGCTT-1,0,32,84,5675,3606
TAGCCGGCGGTCAGCG-1,0,33,85,5569,3545
CGGGTGTACCCATTTA-1,0,32,86,5675,3484
AGTGATTCAAGCAGGA-1,0,33,87,5569,3424
GTTGGATTGAGAACAC-1,0,32,88,5675,3363
CACACGCGCTGTCTTA-1,0,33,89,5569,3302
TAGACGCCCGTACCGG-1,0,32,90,5675,3242
GGTTTCAATCGGTCAG-1,0,33,91,5569,3181
AATCTGCGTTGGGACG-1,0,32,92,5674,3120
TTACGGATGGTTCGAG-1,0,33,93,5569,3060
CGGCAGGGTCGGGTTG-1,0,32,94,5674,2999
GCTTTCAGAGGAGGTG-1,0,33,95,5569,2938
TCTTCCCATGGGCACA-1,0,32,96,5674,2878
TACCGCGGACTTGCAG-1,0,33,97,5568,2817
AGAATTATGGATTCGA-1,0,32,98,5674,2756
ATTGATGAGTCCTAAC-1,0,33,99,5568,2696
TAGGTCGCCGGAACTG-1,0,32,100,5674,2635
TAACCTACCGTCCGAG-1,0,33,101,5568,2574
CTTAGTAGGCCTACAG-1,0,32,102,5674,2514
CTAGATGTGAGTGTAA-1,0,33,103,5568,2453
ACTCCCGAATTCGTTT-1,0,32,104,5673,2392
GTTCATCGTTTGGCTG-1,0,33,105,5568,2332
ACTTTACCCTCATGAA-1,0,32,106,5673,2271
GCGAGAGTTGCGTCCA-1,0,33,107,5568,2210
GTTCGGGCGTACCATT-1,0,32,108,5673,2150
CGACTTTGTATAGCCT-1,0,33,109,5568,2089
GCCATCGATGCTGCAT-1,0,32,110,5673,2028
GCATTTCCAAGGCTCC-1,0,33,111,5567,1968
ATGTAAGGCTGCTCTT-1,0,32,112,5673,1907
ACGTTCGCAATCAATT-1,0,33,113,5567,1846
GTGACGAGGGTGACCC-1,0,32,114,5673,1786
ATTATAGCTACTTTAC-1,0,33,115,5567,1725
CGTGTGTTAAACCCTG-1,0,32,116,5673,1664
TTGGTATGGCTTGTGT-1,0,33,117,5567,1604
CATTCCCATTCCGTCG-1,0,32,118,5672,1543
TGCCGAAAGCGTATTC-1,0,33,119,5567,1482
CAACACATCTCCTGCC-1,0,32,120,5672,1422
CTGCCTCATATGCAAC-1,0,33,121,5567,1361
TCCCGCCTATGTGCGT-1,0,32,122,5672,1300
GGTTACCCGACACTTT-1,0,33,123,5566,1240
CCAGCGGGATCACCAG-1,0,32,124,5672,1179
ATGTTTCGGCCCGGAG-1,0,33,125,5566,1118
GCGTCTAACCTCCTAA-1,0,32,126,5672,1058
ATCAGGTAGCTGACAG-1,0,33,127,5566,997
GGTATGAAAGAACTGA-1,0,34,0,5471,8702
GTGGCCTAATATCATT-1,0,35,1,5365,8642
CCTGTGAAACCGTAAC-1,0,34,2,5470,8581
GGCAGAGAGATCGGGA-1,0,35,3,5365,8520
TAGCGTCGAATATTGA-1,0,34,4,5470,8460
CGCCGACTATTCGCTA-1,0,35,5,5365,8399
TCTGGCGCAAGCCGGG-1,0,34,6,5470,8338
AGTGGTTGCGTATAGG-1,0,35,7,5364,8278
ATCGGTTACCTAGTAA-1,0,34,8,5470,8217
CCTGCCCGTTGTCTAG-1,0,35,9,5364,8156
GCACACGCCCATGGTC-1,0,34,10,5470,8096
AGTACGGCCCGTATCG-1,0,35,11,5364,8035
TATCTAGCCTAAAGGA-1,0,34,12,5470,7974
CACTCGGTTAGGAGGA-1,0,35,13,5364,7914
ATGTTCGTCGACCCAC-1,0,34,14,5469,7853
TTCCTCTGCCCGAATA-1,0,35,15,5364,7792
TTACTATCGGCTTCTC-1,0,34,16,5469,7732
GCCGCATTAGTCCGGC-1,0,35,17,5364,7671
TAAGGGCTGGGAGAGG-1,0,34,18,5469,7610
TAAGCAGGCGACACGC-1,0,35,19,5363,7550
AGCACTACCGGCCTGT-1,0,34,20,5469,7489
GAAAGCCCTTTGGACC-1,0,35,21,5363,7428
GACCGACTGAAGCGTC-1,0,34,22,5469,7368
CGGTGAAGACTAAAGT-1,0,35,23,5363,7307
CCCTGCGCTACGCATA-1,0,34,24,5469,7246
TACTGGACAGCTCGGC-1,0,35,25,5363,7186
TTAGTAGGGCGGCGGG-1,0,34,26,5468,7125
GAGGCTATCAAAGTCG-1,0,35,27,5363,7064
TTACCATTGATTACCC-1,0,34,28,5468,7003
ATACCACGGGCAACTT-1,0,35,29,5363,6943
TGTCCTAAGTCACCGC-1,0,34,30,5468,6882
AGGTAGGTACAAAGCT-1,0,35,31,5363,6822
GGCATACAGGTAGCGG-1,0,34,32,5468,6761
TGTAGTGATCTATAAT-1,0,35,33,5362,6700
TCCCGGGTGTGCTGCT-1,0,34,34,5468,6639
TACGATGTTGATCATC-1,0,35,35,5362,6579
CCTCTCTCCCATCTAG-1,0,34,36,5468,6518
GCAGGACTATAGAATA-1,0,35,37,5362,6458
CTAGTGAAGGACAGGA-1,0,34,38,5468,6397
TACGAGAACTTCACGT-1,1,35,39,5362,6336
CGTTGTTTCAATTCCC-1,0,34,40,5467,6275
GCAAATATTACGCTTT-1,1,35,41,5362,6215
CCAATAGTGCCGTCGA-1,0,34,42,5467,6154
ATTGCTGCTCCTCCAT-1,1,35,43,5362,6094
GAGATCTGCTTGGCAT-1,1,34,44,5467,6033
GCCGAAATTCCTACGT-1,1,35,45,5361,5972
GGCACTCCACTGGGCA-1,1,34,46,5467,5911
GGGTCACCGTGACGGT-1,1,35,47,5361,5851
CACTTAATCAGACGGA-1,0,34,48,5467,5790
CGTTTCGCTCATTACA-1,0,35,49,5361,5730
ATAAAGGCTCGGTCGT-1,0,34,50,5467,5669
CACTAAAGTTGCCTAT-1,0,35,51,5361,5608
GTGCTCAAGTACTGTC-1,0,34,52,5466,5547
CCATGCCTGTTTAGTA-1,0,35,53,5361,5487
TCTAGTTATCAGAAGA-1,0,34,54,5466,5426
TTGTAATCCGTACTCG-1,0,35,55,5361,5366
TCCCAGCTTTAGTCTG-1,0,34,56,5466,5305
CTACGCACGGAGTACC-1,0,35,57,5360,5244
AAATTAACGGGTAGCT-1,0,34,58,5466,5183
CGGCCACGCACAAAGT-1,0,35,59,5360,5123
GAAGCGTGAGGAATTT-1,0,34,60,5466,5062
ATATCTTAGGGCCTTC-1,0,35,61,5360,5001
ACGCGGGCCAAGGACA-1,0,34,62,5466,4941
GCGAGTTCTGCAAAGA-1,0,35,63,5360,4880
TATTCGTGCCAGAATA-1,0,34,64,5465,4819
AGGGCTGCAGTTACAG-1,0,35,65,5360,4759
CTAGCATAGTATAATG-1,0,34,66,5465,4698
TAGGTTCGAGTTCGTC-1,0,35,67,5360,4637
GAATTATAGTGAAAGG-1,0,34,68,5465,4577
CTATCGGGTCTCAACA-1,0,35,69,5360,4516
GCGCTAATTGAATAGA-1,0,34,70,5465,4455
ATGCGACAGTCCCATT-1,0,35,71,5359,4395
GGTAGTGCTCGCACCA-1,0,34,72,5465,4334
AAGCTCGTGCCAAGTC-1,0,35,73,5359,4273
TATTCAATTCTAATCC-1,0,34,74,5465,4213
TTCAAAGTCTCTAGCC-1,0,35,75,5359,4152
TTGAATATGGACTTTC-1,0,34,76,5465,4091
AAGAGCTCTTTATCGG-1,0,35,77,5359,4031
TTACTCCGGCCGGGAA-1,0,34,78,5464,3970
AAACGAGACGGTTGAT-1,0,35,79,5359,3909
GCTAAGTAGTTTCTCT-1,0,34,80,5464,3849
ATAACGCCGGAGGGTC-1,0,35,81,5359,3788
GGATCCGGAATATACT-1,0,34,82,5464,3727
TGAAAGGACCTGACTC-1,0,35,83,5358,3667
TCCGCGGCAGCATCTG-1,0,34,84,5464,3606
TGCATATGTCTGTCAC-1,0,35,85,5358,3545
TGTAGGAGAAATTTCC-1,0,34,86,5464,3485
AGTGAGACTTCCAGTA-1,0,35,87,5358,3424
CCCAAACATGCTGCTC-1,0,34,88,5464,3363
GCTTATGAAGCAGGAA-1,0,35,89,5358,3303
TTCTAACCGAAGCTTA-1,0,34,90,5463,3242
GGATGTCCTTACCGCA-1,0,35,91,5358,3181
AGGGTGCTCTCGAGGG-1,0,34,92,5463,3121
AACTCTCAATAGAGCG-1,0,35,93,5358,3060
TCTGAATTCCGTACAA-1,0,34,94,5463,2999
GCGTGGTACTGGGTTA-1,0,35,95,5358,2939
CGTCGGATAGTGTTGA-1,0,34,96,5463,2878
ATATGTCTCCCTAGCC-1,0,35,97,5357,2817
TCTTTAAGACTATGAA-1,0,34,98,5463,2757
TCATTTAAGTCTCCGA-1,0,35,99,5357,2696
GATATTGAGATTGGCG-1,0,34,100,5463,2635
TGACATCGAGCGGACC-1,0,35,101,5357,2575
GCGTAAATGGCCATAA-1,0,34,102,5463,2514
ATTGTACAACTCGGCT-1,0,35,103,5357,2453
TACGCTATAGAAACCT-1,0,34,104,5462,2393
CACCCAAATCTTATGT-1,0,35,105,5357,2332
AGATGATGGAGTCTGG-1,0,34,106,5462,2271
CCACGGTGCCCGGTAG-1,0,35,107,5357,2211
TCAAGAAATACTAGCT-1,0,34,108,5462,2150
AGGTATAATTGATAGT-1,0,35,109,5356,2089
CAAGGTCCTATAGGCT-1,0,34,110,5462,2029
CCGGCACGACCGTTTC-1,0,35,111,5356,1968
ACCTCCGTTATTCACC-1,0,34,112,5462,1907
GCAGCCTATATCACAT-1,0,35,113,5356,1847
GGTATAGTGACACATA-1,0,34,114,5462,1786
AAATTCCAGGTCCAAA-1,0,35,115,5356,1725
TCTTTAGCAGGCGAAC-1,0,34,116,5461,1664
TATTGACATTTCTGCC-1,0,35,117,5356,1604
TCTGATCGGGTGCTAG-1,0,34,118,5461,1543
GGCCCGGAGCATGTCT-1,0,35,119,5356,1483
GGGCGCAGCGTTACTC-1,0,34,120,5461,1422
TTGGCGATCCGAATAT-1,0,35,121,5355,1361
CCACGTAAATTAGACT-1,0,34,122,5461,1300
TCTGATTGGAAATGGA-1,0,35,123,5355,1240
ATGGCGGAATAGTCGC-1,0,34,124,5461,1179
ATCGCTTTACGTCTCA-1,0,35,125,5355,1119
TACGTGCAAGGTTCCT-1,0,34,126,5461,1058
CAGGACAGCTGCCCTT-1,0,35,127,5355,997
CAAACCAGGTCTGCAT-1,0,36,0,5259,8703
ACAAGCTATATGGAAG-1,0,37,1,5154,8642
TCGCCCACTGCGAGAG-1,0,36,2,5259,8581
AGCCGCAAATTCAAAT-1,0,37,3,5154,8521
TTAACGTTAAAGCCTG-1,0,36,4,5259,8460
CAGCGCCAACACGATA-1,0,37,5,5153,8399
ATCCAATGGTACCGAA-1,0,36,6,5259,8338
GTGCTGCAGATAAGGA-1,0,37,7,5153,8278
GGCCTTTGCAACTGGC-1,0,36,8,5259,8217
GTCGTACCTACGATTG-1,0,37,9,5153,8157
TAGAAATTCACGTATA-1,0,36,10,5259,8096
AGAATAAATCTTCAGG-1,0,37,11,5153,8035
CATTGCGAAATGGGCG-1,0,36,12,5258,7974
GTCTACTCAATTACAA-1,0,37,13,5153,7914
TGTAATGACCACAATA-1,0,36,14,5258,7853
AAAGTCGACCCTCAGT-1,0,37,15,5153,7793
TACTCGGCACGCCGGG-1,0,36,16,5258,7732
AGGTGTATCGCCATGA-1,0,37,17,5152,7671
TGTGCTTTACGTAAGA-1,0,36,18,5258,7610
AAACCTCATGAAGTTG-1,0,37,19,5152,7550
TATAGGGTACTCATGA-1,0,36,20,5258,7489
CCAGCTGATGGTACTT-1,0,37,21,5152,7429
AATATTGGAGTATTGA-1,0,36,22,5258,7368
GGCCCTCACCCACTTA-1,0,37,23,5152,7307
AACCAAGACTTCTCTG-1,0,36,24,5257,7246
TCGTATTACCCATTGC-1,0,37,25,5152,7186
ATTCGACGCCGGGCCT-1,0,36,26,5257,7125
GGCGCAGGACATCTTC-1,0,37,27,5152,7065
GTACTCCCTTATCGCT-1,0,36,28,5257,7004
TGGTCTGTTGGGCGTA-1,0,37,29,5152,6943
AATAACAACGCTCGGC-1,0,36,30,5257,6882
CATACCCGTACCCAGT-1,0,37,31,5151,6822
ACAATCCATTTAAACC-1,0,36,32,5257,6761
GTTACAATTGGTGACG-1,0,37,33,5151,6701
TTGCCCTGATCACGGG-1,0,36,34,5257,6640
CTAACCGCGCGCCCGT-1,0,37,35,5151,6579
CTAAAGAATGCCTACT-1,0,36,36,5257,6518
ACCCATCTTGAGGGTA-1,0,37,37,5151,6458
GATCTTTGCAGGGTAT-1,1,36,38,5256,6397
GGGTACTTCATGAACT-1,1,37,39,5151,6337
GCCGCTTGTGAGAAAC-1,1,36,40,5256,6276
CCTGTAAGACATGATA-1,1,37,41,5151,6215
CGACAGTTCGCGTTAT-1,1,36,42,5256,6154
ACGATGCATATGTTAT-1,1,37,43,5150,6094
TGTTCCGCTTCCATGA-1,1,36,44,5256,6033
GGATGACGCGAGTTTA-1,1,37,45,5150,5972
GAAGTTTCCACTCAAT-1,1,36,46,5256,5912
GCGAGGCCCGAGCAGA-1,1,37,47,5150,5851
CATACTATGTAATTGT-1,0,36,48,5256,5790
CCAATGTCACAGCAAG-1,1,37,49,5150,5730
GTTGGATTTGCGTTGG-1,0,36,50,5255,5669
GGGAGGATGCCCGAAA-1,0,37,51,5150,5608
GATCGCGGGCTCTCCA-1,0,36,52,5255,5548
GTTCGCCATAAGTGCC-1,0,37,53,5150,5487
AGATTATAGGACGTTT-1,0,36,54,5255,5426
TCGAGACCAACACCGT-1,0,37,55,5150,5366
TATGGGACCGAGCAGG-1,0,36,56,5255,5305
GATGCGTCCTGCATTC-1,0,37,57,5149,5244
TATGGTCTGAGTAACA-1,0,36,58,5255,5184
GCATAGAGCACTCAGG-1,0,37,59,5149,5123
CTTCATTGTCAGTGGA-1,0,36,60,5255,5062
GCAGATTAGGGATATC-1,0,37,61,5149,5002
CCTGTCGCCCGTAAAT-1,0,36,62,5255,4941
CAATTTCGTATAAGGG-1,0,37,63,5149,4880
GTACACTTACCTGAAG-1,0,36,64,5254,4820
CCAGCCTGGACCAATA-1,0,37,65,5149,4759
ATGGAGCAGGCCGTGA-1,0,36,66,5254,4698
GTCATTAGAGCGAACG-1,0,37,67,5149,4638
AAGACTGCAAGCTACT-1,0,36,68,5254,4577
CTAGTCACGTCTTAAG-1,0,37,69,5148,4516
ACTCTTGTATAGTAAC-1,0,36,70,5254,4456
ATTAGGCGATGCTTTC-1,0,37,71,5148,4395
TTCGGGACTAATCGCG-1,0,36,72,5254,4334
TGGACTGTTCGCTCAA-1,0,37,73,5148,4274
AACGTGCGAAAGTCTC-1,0,36,74,5254,4213
CCACCCAAGGAAAGTG-1,0,37,75,5148,4152
CCGCACAAAGACCAAC-1,0,36,76,5253,4092
GCGATTGTTAACGTTA-1,0,37,77,5148,4031
ACTCGTCAGTAATCCC-1,0,36,78,5253,3970
GGTGATAAGGAGCAGT-1,0,37,79,5148,3910
AAGAGGCATGGATCGC-1,0,36,80,5253,3849
CACGTTCGTGCTCTAG-1,0,37,81,5147,3788
CTATTTGGTTACGGAT-1,0,36,82,5253,3728
GTACAGAGGCAAGGGT-1,0,37,83,5147,3667
GGGCCGGCCGAAGTAC-1,0,36,84,5253,3606
CCTGAACGATATATTC-1,0,37,85,5147,3546
CCGGGCTGCTCCATAC-1,0,36,86,5253,3485
TACTTGTTAGTAGTCC-1,0,37,87,5147,3424
CCTAGGCGTAGCGATC-1,0,36,88,5252,3364
CTGGCGCACAGGTCTG-1,0,37,89,5147,3303
ACTTATACTTACCCGG-1,0,36,90,5252,3242
GAAGTCTCCCTAGCGA-1,0,37,91,5147,3182
ACCGATGGTAGCATCG-1,0,36,92,5252,3121
CGAGTTTATCGGACTG-1,0,37,93,5147,3060
CATAACGGACAGTCGT-1,0,36,94,5252,3000
TGACGATGCACTAGAA-1,0,37,95,5146,2939
TAGGGAGCTTGGGATG-1,0,36,96,5252,2878
AGGGTCGATGCGAACT-1,0,37,97,5146,2818
TATATCCCTGGGAGGA-1,0,36,98,5252,2757
CATCTTACACCACCTC-1,0,37,99,5146,2696
GTGCGACAGGGAGTGT-1,0,36,100,5252,2635
CCGATCTCAACCTTAT-1,0,37,101,5146,2575
ACGATCATCTTGTAAA-1,0,36,102,5251,2514
GAAAGAACAGCGTTAT-1,0,37,103,5146,2454
CTAGGTCTGAAGGAAT-1,0,36,104,5251,2393
ATATCAACCTACAGAG-1,0,37,105,5146,2332
AAATAGCTTAGACTTT-1,0,36,106,5251,2271
GCGACATGTAAACATC-1,0,37,107,5145,2211
ATAAGTAGGGCGACTC-1,0,36,108,5251,2150
GCGAGCGCATGCTCCC-1,0,37,109,5145,2090
AGGGACCGGCTGCGTT-1,0,36,110,5251,2029
CCTATGAAGTGGTGCC-1,0,37,111,5145,1968
GCTTACGTAGTTAGTA-1,0,36,112,5251,1907
CATACTTAGGCAATAC-1,0,37,113,5145,1847
CCTGTCCCTCACGTTA-1,0,36,114,5250,1786
CAATGTGCCAACCCTT-1,0,37,115,5145,1726
GTTAAGTTAGAGTGGG-1,0,36,116,5250,1665
CTGGGATACGCTACCC-1,0,37,117,5145,1604
AACCTGTCACGGAATT-1,0,36,118,5250,1543
ACTGCGGACACACCGT-1,0,37,119,5144,1483
CCGTGAGGCATTCATG-1,0,36,120,5250,1422
GCCCAGATGCTGGAGA-1,0,37,121,5144,1362
TCTGGCCGTTCAAGTT-1,0,36,122,5250,1301
ATACGAAGGCTTTCCA-1,0,37,123,5144,1240
GATCCGAATATAAGTG-1,0,36,124,5250,1179
GTGGAGCATGTCGGCC-1,0,37,125,5144,1119
ACTCTTCAGCTCCCGC-1,0,36,126,5250,1058
CCCGATAGCCTCGCCT-1,0,37,127,5144,998
ACAGGTGTGTTGTTGC-1,0,38,0,5048,8703
TGAACTGCTATGACTT-1,0,39,1,4943,8642
TGACATATATGACGAT-1,0,38,2,5048,8581
AAGTCTTCTGTGGCCT-1,0,39,3,4942,8521
ACCAGACCATAACAAC-1,0,38,4,5048,8460
TGAGACGTACCTCTCA-1,0,39,5,4942,8400
GACCGTTACATGCGAC-1,0,38,6,5048,8339
GGTTCGGATTATACTA-1,0,39,7,4942,8278
CCTCCTGAGCCCACAT-1,0,38,8,5048,8217
CCGCGATTTGGTAGGT-1,0,39,9,4942,8157
AATCTCTACTGTGGTT-1,0,38,10,5047,8096
ACTTTGACTGCATCCT-1,0,39,11,4942,8036
CCCTGACTAACAAATT-1,0,38,12,5047,7975
ACGCTGTGAGGCGTAG-1,0,39,13,4942,7914
GCATACGAGGTCTTTA-1,0,38,14,5047,7853
TCGGGATTCAAACATA-1,0,39,15,4941,7793
GGGCCCTACGAAAGGG-1,0,38,16,5047,7732
CGCCAAGAAGCCGAGT-1,0,39,17,4941,7672
GGTACATCTGGGACGA-1,0,38,18,5047,7611
GGATGCTGGCGTTCCT-1,0,39,19,4941,7550
CCGATTCGAGGGACCC-1,0,38,20,5047,7489
CCACTGGTGGCTGGTT-1,0,39,21,4941,7429
GACAGGCACACACTAT-1,0,38,22,5047,7368
TCAACGCGACCGGCAG-1,0,39,23,4941,7308
CTACGACTAGCTATAA-1,0,38,24,5046,7247
CGGTTGACCTGGCATA-1,0,39,25,4941,7186
ATCCTGAATCGCTGCG-1,0,38,26,5046,7125
GTTTCATATCGTCGCT-1,0,39,27,4941,7065
ATAAATATTAGCAGCT-1,0,38,28,5046,7004
AAGAGGATGTACGCGA-1,0,39,29,4940,6943
TCCTGCGTTGATACTC-1,0,38,30,5046,6883
CGTGCATTGTCGACGC-1,0,39,31,4940,6822
CCGGGTTCGAGGTTAC-1,0,38,32,5046,6761
CCCAATTTCACAACTT-1,0,39,33,4940,6701
TGATTTATTAGCTGTG-1,0,38,34,5046,6640
TGGAAGAAGGGAACGT-1,0,39,35,4940,6579
GACGCTTGCTTCTAAA-1,1,38,36,5045,6519
GGGAACGGGAGGTTAG-1,1,39,37,4940,6458
GCGGCTCTGACGTACC-1,1,38,38,5045,6397
ACGTTAGATTTGCCCG-1,1,39,39,4940,6337
GAGAGGGCGCGAGGTT-1,1,38,40,5045,6276
GCGTCTCTGCATTGGG-1,1,39,41,4939,6215
GCAGCACACAGCCCAG-1,1,38,42,5045,6155
CAGGCCGTTTGGGTGT-1,1,39,43,4939,6094
AACTCAAGTTAATTGC-1,1,38,44,5045,6033
CTTCGTAGATAGGTGA-1,1,39,45,4939,5973
TGCAGAGTACCGAGCA-1,1,38,46,5045,5912
GAAGTGATTTATCGTG-1,1,39,47,4939,5851
CGCTACGGGACATTTA-1,1,38,48,5044,5791
CCACACTGAGATATTA-1,1,39,49,4939,5730
CGATCCGACCCAGTGC-1,1,38,50,5044,5669
CTGTACTTCTTAGCAT-1,1,39,51,4939,5609
ACTTATTAGGATCGGT-1,0,38,52,5044,5548
TAGTCCGCAGAGAATG-1,0,39,53,4939,5487
TTCACGAAAGGATCAC-1,0,38,54,5044,5427
TACATTTCTAACGTGC-1,0,39,55,4938,5366
ACCATATCCGCAATAA-1,0,38,56,5044,5305
CACTCAAGAGCTATGG-1,0,39,57,4938,5245
TGTACGAACAAATCCG-1,0,38,58,5044,5184
ATCATCCAATATTTGT-1,0,39,59,4938,5123
CGCTATTCTTAGGCTC-1,0,38,60,5044,5063
TGGCAGCAGTAATAGT-1,0,39,61,4938,5002
TCACGTGCCCGATTCA-1,0,38,62,5043,4941
CATACGGCGTCTGGGC-1,0,39,63,4938,4881
CACATGATTCAGCAAC-1,0,38,64,5043,4820
GCTAGTAGAGCTTGTA-1,0,39,65,4938,4759
TGCTGTTGAAGAACTC-1,0,38,66,5043,4699
CGGAGCATGGCGATCC-1,0,39,67,4937,4638
TAGCGTTGGGTCTTAC-1,0,38,68,5043,4577
GTAGCGGCTATACACT-1,0,39,69,4937,4517
TAACATACAATGTGGG-1,0,38,70,5043,4456
TCTTCGAATAGACGTT-1,0,39,71,4937,4395
GATCGTGACTGATATC-1,0,38,72,5043,4335
GATCCGGGAATTAACA-1,0,39,73,4937,4274
TTATATACGCTGTCAC-1,0,38,74,5042,4213
GTCGCGTAACCCGTTG-1,0,39,75,4937,4153
AGCTCTAGACGTTCCA-1,0,38,76,5042,4092
GTCAAGCGGACTCGGG-1,0,39,77,4937,4031
CGAGGGACTGCGGTCG-1,0,38,78,5042,3971
AATCGCCTCAGCGCCA-1,0,39,79,4936,3910
CTTGTTGCTGAGTCAA-1,0,38,80,5042,3849
GATATGAGACACTAAC-1,0,39,81,4936,3789
TTATGATCTTAACGAA-1,0,38,82,5042,3728
CGCCGCCCATGCCTGT-1,0,39,83,4936,3667
CTGGGATAAATAATGG-1,0,38,84,5042,3606
GTGCCCGTTCGGATTC-1,0,39,85,4936,3546
TTCAATACTCTGAATC-1,0,38,86,5042,3485
CGCACATGTCCACTAC-1,0,39,87,4936,3425
AGAAGAGCGCCGTTCC-1,0,38,88,5041,3364
GATAACTCGCACTGTG-1,0,39,89,4936,3303
AGTCGACGGTCTCAAG-1,0,38,90,5041,3242
GTGACCGCACACTACG-1,0,39,91,4936,3182
GTATGTGGGTCTAGTT-1,0,38,92,5041,3121
CTTGAGTTAGGGTAAT-1,0,39,93,4935,3061
TTAGCTGATTTGCCGT-1,0,38,94,5041,3000
GCTGTTGCTACCGAAC-1,0,39,95,4935,2939
TATTACCATCCTGCTT-1,0,38,96,5041,2878
TTGAATTCACGTGAGG-1,0,39,97,4935,2818
CCATCTCACCAGTGAA-1,0,38,98,5041,2757
CGCACGTGCGCTATCA-1,0,39,99,4935,2697
ACCCGGATGACGCATC-1,0,38,100,5040,2636
CGCTAGAGACCGCTGC-1,0,39,101,4935,2575
ATAGTTCCACCCACTC-1,0,38,102,5040,2514
GCAGACCCAGCACGTA-1,0,39,103,4935,2454
TAGACTACCTAGCGTT-1,0,38,104,5040,2393
GGTTCTACTCGTCTGA-1,0,39,105,4934,2333
GACTCACCCACGTGAG-1,0,38,106,5040,2272
AGCTCTTCGTAACCTT-1,0,39,107,4934,2211
ACTATCCAGGGCATGG-1,0,38,108,5040,2150
AAGGATCGATCGCTTG-1,0,39,109,4934,2090
ATATCGGTAGGGAGAT-1,0,38,110,5040,2029
TTCCAGACGAGATTTA-1,0,39,111,4934,1969
GACCGACGTGAAAGCA-1,0,38,112,5039,1908
CCTGGAAACGTTCTGC-1,0,39,113,4934,1847
CCGGTAATGGCTAGTC-1,0,38,114,5039,1786
GCCGTGGAAGAAATGT-1,0,39,115,4934,1726
GTCTTGAGGAGCAGTG-1,0,38,116,5039,1665
TCCCAAAGCCCTAAAT-1,0,39,117,4934,1605
TTGAGCGCCACGTGAT-1,0,38,118,5039,1544
TTGAGTCCCGCTGCTG-1,0,39,119,4933,1483
ATGGAACCTTTGCACA-1,0,38,120,5039,1422
GCTAGCACCTGGGCCA-1,0,39,121,4933,1362
CGCCGTCTACCCATCG-1,0,38,122,5039,1301
GATAGGTGTCCCGGGC-1,0,39,123,4933,1240
AGGTATGCGGACATTA-1,0,38,124,5039,1180
TTGGTTCGCTCAAAGG-1,0,39,125,4933,1119
TCTGGAGCGTAAGAGT-1,0,38,126,5038,1058
TGCCTAAATTTAATAG-1,0,39,127,4933,998
TAATTTCCGTCCAGTA-1,0,40,0,4837,8703
TCCTTCAATCCCTACG-1,0,41,1,4731,8643
TACCTATCCCTAGAGG-1,0,40,2,4837,8582
GCATGGGTACTGACGC-1,0,41,3,4731,8521
GTCGGGAACATGGTAG-1,0,40,4,4837,8460
GCAAATGAGGACACTT-1,0,41,5,4731,8400
GAATGGGCTTATCGAC-1,0,40,6,4837,8339
TGGTCGTGCAAGGCAA-1,0,41,7,4731,8279
CACCACGCCACACAGA-1,0,40,8,4836,8218
GAACCTCGACCTACAC-1,0,41,9,4731,8157
CAATACGCTCTGAGGC-1,0,40,10,4836,8096
TGGTAAGCAGGATTGA-1,0,41,11,4731,8036
AGTGGCTCCGTCGGCC-1,0,40,12,4836,7975
GATCGGATAGAACCAT-1,0,41,13,4731,7914
GCTACAGTACGGACCG-1,0,40,14,4836,7854
TCTATTACTAGAGGAT-1,0,41,15,4730,7793
TTCAGGCGTCAAAGCC-1,0,40,16,4836,7732
AGACCGGGAAACCCTG-1,0,41,17,4730,7672
AGAGATCTCTAAAGCG-1,0,40,18,4836,7611
CCCTGCCCAATCCGCT-1,0,41,19,4730,7550
GTGGCGGTCCCAGCGT-1,0,40,20,4836,7490
GCATTGTAATTCATAT-1,0,41,21,4730,7429
CCGTTCCGAATCTCGG-1,0,40,22,4835,7368
AGCTTGATCTTAACTT-1,0,41,23,4730,7308
CCTGTACTCACGCCCA-1,0,40,24,4835,7247
AAGTGACGACCGAATT-1,0,41,25,4730,7186
CTCACTTGGCTGGTAA-1,0,40,26,4835,7126
CGCCTGGCCTACGTAA-1,0,41,27,4729,7065
CCCGTAAGTCTAGGCC-1,0,40,28,4835,7004
TTGGACATGTGGCTTA-1,0,41,29,4729,6944
ATTACGCGCTGGCAGG-1,0,40,30,4835,6883
ACGCGCTACACAGGGT-1,0,41,31,4729,6822
TACGTTTACCGGCAAT-1,0,40,32,4835,6762
CGAAACGCAATTCATG-1,0,41,33,4729,6701
TAGTCTAACAACGAGA-1,1,40,34,4834,6640
TTGCATGCTGATCACG-1,1,41,35,4729,6580
TCTGGGTAGCGCTCAT-1,1,40,36,4834,6519
ACATCGGTCAGCCGCG-1,1,41,37,4729,6458
AGATACCGGTGTTCAC-1,1,40,38,4834,6398
GATTACTGAATTTGGG-1,1,41,39,4728,6337
TCCAACTTTAAATTCT-1,1,40,40,4834,6276
TCCTAGCAAAGAAGCT-1,1,41,41,4728,6216
GTCTATCTGAGTTTCT-1,1,40,42,4834,6155
GATGTTCAATCCACGA-1,1,41,43,4728,6094
AGTTAAACACTTGCGA-1,1,40,44,4834,6034
AGCTCTTTACTCAGTT-1,1,41,45,4728,5973
ATCCAGGATTCGTGAA-1,1,40,46,4834,5912
AGTCAACACCACCATC-1,1,41,47,4728,5852
CGATACCTCGCGGACA-1,1,40,48,4833,5791
TACAACGCACAACTCA-1,1,41,49,4728,5730
AATTAAAGGTCGGCGT-1,1,40,50,4833,5670
TACGCAGTTCTTTCCT-1,0,41,51,4728,5609
GACCGTGCTGACGGTG-1,0,40,52,4833,5548
GGCAAATTACTTTACT-1,0,41,53,4727,5488
GGTACAAACATGCTAT-1,1,40,54,4833,5427
CGGGCCTTCTTTGTAA-1,1,41,55,4727,5366
CGTGAAGTTAATTCAC-1,0,40,56,4833,5306
ATAGTGAAGCGTTCTC-1,1,41,57,4727,5245
TACGCCATATTCTAAT-1,0,40,58,4833,5184
GCCGGGTTAGGGTCGC-1,0,41,59,4727,5124
TACATAGGCATACACC-1,0,40,60,4832,5063
GCCGATTGGCCAAGCT-1,0,41,61,4727,5002
CTGCCATGCATCACAT-1,0,40,62,4832,4942
TTATGAATGAAAGGGA-1,0,41,63,4727,4881
GCTGAGGCGTGAGTAT-1,0,40,64,4832,4820
GCGCCGTTCCACGATA-1,0,41,65,4726,4760
CGCATGGTGCGATGCT-1,0,40,66,4832,4699
AGGTTTCACACACCTT-1,0,41,67,4726,4638
CAAGGATCGCATGTTC-1,0,40,68,4832,4577
ACGTTAATGTCGAAGA-1,0,41,69,4726,4517
TCCAGAGCACCGGTTC-1,0,40,70,4832,4456
GATTCGACGGTTCACG-1,0,41,71,4726,4396
GTTTCTGCAGTCTCCC-1,0,40,72,4831,4335
GCTGCACGGTTTCTTA-1,0,41,73,4726,4274
CGTGCAGACTGGGACA-1,0,40,74,4831,4213
GTGTTACTATGCGTCC-1,0,41,75,4726,4153
TCCTCGGGCTGGGCTT-1,0,40,76,4831,4092
GTGAGGACACTTAAGG-1,0,41,77,4726,4032
ATACGCCGGCGAAACC-1,0,40,78,4831,3971
TCTGCCAGAAACTGCA-1,0,41,79,4725,3910
TTCTGCGGGTTAGCGG-1,0,40,80,4831,3849
CTCGGTACCACTGCTC-1,0,41,81,4725,3789
GTAAGTAACAGTCTGG-1,0,40,82,4831,3728
GTGCGTGTATATGAGC-1,0,41,83,4725,3668
ATTTGTCTTGGGAGCT-1,0,40,84,4831,3607
CCTCGGACCGGGATAG-1,0,41,85,4725,3546
TAGGTGCTCGCCTAGC-1,0,40,86,4830,3485
CTTTAGGAACACTGTT-1,0,41,87,4725,3425
TCGGGCCGTCGTGGTA-1,0,40,88,4830,3364
AGTGCTTGCACGAATA-1,0,41,89,4725,3304
TGCAGTTTCCTCCCAT-1,0,40,90,4830,3243
TGAGAGATTTACCACG-1,0,41,91,4724,3182
GAAACAGATGACCACC-1,0,40,92,4830,3121
AGCAACATATCTTATT-1,0,41,93,4724,3061
CAAGTGTGGTTGCAAA-1,0,40,94,4830,3000
GCCTCATCTGGAAATA-1,0,41,95,4724,2940
AACCCTACTGTCAATA-1,0,40,96,4830,2879
ACGTATTACTCCGATC-1,0,41,97,4724,2818
TCTGGGAACCTTTGAA-1,0,40,98,4829,2757
GCTCGCTCATGTCCAA-1,0,41,99,4724,2697
GCGCAAGAGCGCGCTG-1,0,40,100,4829,2636
TTGACGCTCCATGAGC-1,0,41,101,4724,2576
TATAGATGGTCGCAGT-1,0,40,102,4829,2515
TTACATGCCACAACTA-1,0,41,103,4723,2454
ACATGGCGCCAAAGTA-1,0,40,104,4829,2393
TATGGTTAGTGGGAGA-1,0,41,105,4723,2333
CATGACTTCGCTGAAT-1,0,40,106,4829,2272
ACCACCAATGTAACAA-1,0,41,107,4723,2211
TCTTAGAGCTCCAATT-1,0,40,108,4829,2151
CCACGAATTTAACCTC-1,0,41,109,4723,2090
TTCTTGCTAGCATCTC-1,0,40,110,4828,2029
ACACCTTACTACTTGC-1,0,41,111,4723,1969
AGTCGGTTGCGTGAGA-1,0,40,112,4828,1908
ACCTACAGTATGTGGT-1,0,41,113,4723,1847
GAGGATAAACAGTGCT-1,0,40,114,4828,1787
TTCCGGTATCTGTGTC-1,0,41,115,4723,1726
GGAGGCCGAAGTCGTC-1,0,40,116,4828,1665
TTCGCTAGGAAGTTGT-1,0,41,117,4722,1605
TAAAGACAACCCTTTA-1,0,40,118,4828,1544
GTTGCGCTAACATTAC-1,0,41,119,4722,1483
GCTGAACTCTCCAGGG-1,0,40,120,4828,1423
AGCCCTGTCGCACCGT-1,0,41,121,4722,1362
AGCGCTAGAGCGATGT-1,0,40,122,4828,1301
TGCGCCGTTAATAACG-1,0,41,123,4722,1241
TGACAACGCATGTCGC-1,0,40,124,4827,1180
CGTCTTGAGTGTGACG-1,0,41,125,4722,1119
GATAGGATTAATTACA-1,0,40,126,4827,1059
GATACCGTGTCGGAGT-1,0,41,127,4722,998
TGTGTCGAAGTCGAGG-1,0,42,0,4626,8703
GGATCAGAGCCATCAG-1,0,43,1,4520,8643
GTCCCAATCATCCCGC-1,0,42,2,4626,8582
TGCCACACTAGAGGAA-1,0,43,3,4520,8521
TGAATTTCACTTGCCT-1,0,42,4,4626,8461
CTCAGATTGTGATAAG-1,0,43,5,4520,8400
CGGACGTTACTTGAAG-1,0,42,6,4626,8339
CCGCCTTGCGATGTCG-1,0,43,7,4520,8279
CCAGTCAAATCTCTTA-1,0,42,8,4625,8218
AAACAGCTTTCAGAAG-1,0,43,9,4520,8157
TAGCTGATGTGAAGCG-1,0,42,10,4625,8097
CTTATGCGCTCAGGGC-1,0,43,11,4520,8036
TGGCTCTTGTCGCGTA-1,0,42,12,4625,7975
TTGTGAGGCATGACGC-1,0,43,13,4519,7915
CATAAGCTCTCCGTCT-1,0,42,14,4625,7854
CCTTCTCAGCGTTCCT-1,0,43,15,4519,7793
TGCAGCTACGTACTTC-1,0,42,16,4625,7733
CTCTACACTGGCGATT-1,0,43,17,4519,7672
TGCAGATCGTCCTAGG-1,0,42,18,4625,7611
TGCCAAAGTCAGACTT-1,0,43,19,4519,7551
ACAATAGTCGTACGTT-1,0,42,20,4624,7490
CATGCCAACTCGCAAA-1,0,43,21,4519,7429
TGCAGAACTATATCGT-1,0,42,22,4624,7369
TCGTGTCACGCTGACA-1,0,43,23,4519,7308
TGATCAGGGAACTGCT-1,0,42,24,4624,7247
CTTGCAACCGCCTCCT-1,0,43,25,4518,7187
AGCCCATACATGTAAG-1,0,42,26,4624,7126
ATCCAATGGAGGGTCC-1,0,43,27,4518,7065
AAACCGGGTAGGTACC-1,0,42,28,4624,7005
GCAACCACGGCCGCGT-1,0,43,29,4518,6944
CGCTTATTCCCGGTCG-1,0,42,30,4624,6883
TTACTCTGGTACGTAC-1,0,43,31,4518,6823
GTGGTTTCCGCCTTTC-1,0,42,32,4623,6762
ATAGGCGGCTATAGAA-1,0,43,33,4518,6701
GTGCCATCACACGGTG-1,0,42,34,4623,6641
CCCAACATACGTCGCG-1,0,43,35,4518,6580
CGGTGCAGATAGAACG-1,1,42,36,4623,6519
GGGCGGGTTCCCTACG-1,0,43,37,4518,6459
TGAGCCATACAGTCTC-1,1,42,38,4623,6398
CTCCGCCCACATGAGG-1,1,43,39,4517,6337
GTTGAACCGGTTCCAT-1,1,42,40,4623,6277
TTGACTACCATATGGT-1,1,43,41,4517,6216
ACCATCGTATATGGTA-1,1,42,42,4623,6155
TGCGTAAGAACCTGAT-1,1,43,43,4517,6095
AGAAGGTTGCCGAATT-1,1,42,44,4623,6034
AGGACGACCCATTAGA-1,1,43,45,4517,5973
GGTGCTGGTACACATT-1,1,42,46,4622,5913
GCGCTATGCCGAGGCA-1,1,43,47,4517,5852
ACCCGGTTACACTTCC-1,1,42,48,4622,5791
TAACTCATCCGCGCGG-1,1,43,49,4517,5731
CACAATGAGCTGCTAT-1,1,42,50,4622,5670
GTTACTTTGGGCCTAG-1,1,43,51,4516,5609
GGGCCCGTCTTAAACA-1,0,42,52,4622,5548
GAAATTGTCTCTATAA-1,0,43,53,4516,5488
GGCGCATGAATTGATG-1,0,42,54,4622,5427
CATATAGGTACAGTCA-1,0,43,55,4516,5367
TCAACGAGGAGACAAA-1,0,42,56,4622,5306
TTGCACAATTCAGAAA-1,0,43,57,4516,5245
CATCGGACGGGTTAAT-1,0,42,58,4621,5184
ATTAAACATGCGGACC-1,0,43,59,4516,5124
TATCTACCACAGCGGG-1,0,42,60,4621,5063
CGAGACCCTAGAGTGT-1,1,43,61,4516,5003
ACATCGATCGTTTACC-1,1,42,62,4621,4942
ATCGACCCAATACAGA-1,1,43,63,4515,4881
GAATCTGAACATTCTC-1,1,42,64,4621,4820
AGTTCCTATTTATGTT-1,1,43,65,4515,4760
CAGTCTGTATACTGGG-1,1,42,66,4621,4699
GGAGACGACACCTTTG-1,1,43,67,4515,4639
CCTAAATTAACGGTTC-1,1,42,68,4621,4578
GCTACGACTTATTGGG-1,1,43,69,4515,4517
CTGTGCAGGGTAGGTC-1,0,42,70,4620,4456
ACGCCGCTAGACGACC-1,0,43,71,4515,4396
ACTTGACTCCCTCTTT-1,0,42,72,4620,4335
CGCCTCCCTCCTCTAT-1,0,43,73,4515,4275
CTAGATTTACGACGGC-1,0,42,74,4620,4214
GATGCTGTATTTCATC-1,0,43,75,4515,4153
TGCGTTTGTTGACACT-1,0,42,76,4620,4092
CGTGCCCTCCCGAAGA-1,0,43,77,4514,4032
ACTCTCTGACTTAGGT-1,0,42,78,4620,3971
CTGGGTAGGCAGTTAA-1,0,43,79,4514,3911
GTTTGGCCCAAGTTAT-1,0,42,80,4620,3850
GAATGTGGTCCGGATT-1,0,43,81,4514,3789
CCCAGTTAAGGCGCCG-1,0,42,82,4620,3728
CGGTACTAGAATCAAA-1,0,43,83,4514,3668
GCTTAATGTAACTAAC-1,0,42,84,4619,3607
AGGACAGTCGAATCCC-1,0,43,85,4514,3546
GACAGCCAGACCTGAC-1,0,42,86,4619,3486
GGCGAAATCTAACTTG-1,0,43,87,4514,3425
CTGGTAACACATAGAA-1,0,42,88,4619,3364
TAGCCATTTCAAAGTC-1,0,43,89,4513,3304
GGGATTTACCGCACCT-1,0,42,90,4619,3243
ATGCCATTTGCGACCA-1,0,43,91,4513,3182
GAATAGACGCGACCCA-1,0,42,92,4619,3122
TGTATGGCGCAGACAG-1,0,43,93,4513,3061
GGATGAAGATCGCTGA-1,0,42,94,4619,3000
CGACAATTTGATCTAA-1,0,43,95,4513,2940
AAAGTTGACTCCCGTA-1,0,42,96,4618,2879
CGCGGCTCAACTTGAA-1,0,43,97,4513,2818
CACGCGGAACTGTTGC-1,0,42,98,4618,2758
TCTTAGAGTGAACTCT-1,0,43,99,4513,2697
AGTCCATTGGCTGATG-1,0,42,100,4618,2636
TTAAGATAGGATTGAC-1,0,43,101,4513,2576
ACATCCTGGTAACTGT-1,0,42,102,4618,2515
CACCTTGGCGCCTTTG-1,0,43,103,4512,2454
GCTAGACCGTCTACTG-1,0,42,104,4618,2394
CGGCCCAGGTATATCC-1,0,43,105,4512,2333
GTCCATTACTGCTACG-1,0,42,106,4618,2272
GGGTTTAGGATAGGAT-1,0,43,107,4512,2212
TAATTAGGACATCCGT-1,0,42,108,4618,2151
GCTCCCAGTCGGTCCA-1,0,43,109,4512,2090
ATTCGTGCTATCTCTT-1,0,42,110,4617,2030
GTTAACTATGTTGTCA-1,0,43,111,4512,1969
GCTCCGCTCGCTTCAG-1,0,42,112,4617,1908
GCAACGGCTAGTTATG-1,0,43,113,4512,1848
AATCGCGCAGAGGACT-1,0,42,114,4617,1787
AGGTTACACCATGCCG-1,0,43,115,4511,1726
CGAGATTTCGCTCGGG-1,0,42,116,4617,1666
CGATAATACTCAGGTT-1,0,43,117,4511,1605
AAGGCAGGCTGTCTCC-1,0,42,118,4617,1544
GTAAGTCCACACTCTA-1,0,43,119,4511,1484
ATGAGGGCAGCGGCTA-1,0,42,120,4617,1423
GCCGCACTCCGTTTCA-1,0,43,121,4511,1362
GAGCACGGCGCCTCTT-1,0,42,122,4616,1302
ACAATTTGGCCATATT-1,0,43,123,4511,1241
CTGGTTCGCGAGCTAC-1,0,42,124,4616,1180
GACGGTCCTAGGGTGT-1,0,43,125,4511,1120
ACTCGCGATCTGACGC-1,0,42,126,4616,1059
GTGTACGAACCGTTCC-1,0,43,127,4510,998
CTTTGACGTCGCTTCT-1,0,44,0,4415,8704
CGTTATCATACTTCCA-1,0,45,1,4309,8643
GCTATGCCAGCTTATG-1,0,44,2,4415,8582
CAGTCGGCCTAGATAT-1,0,45,3,4309,8522
CCCGTGAGGGCGGTGA-1,0,44,4,4415,8461
TCTCGTGTTACGAGGA-1,0,45,5,4309,8400
ACGTCTCGTTCCGGGA-1,0,44,6,4414,8340
CGAGAGCGCGTAGATA-1,0,45,7,4309,8279
GACAGATTTCTGGCTC-1,0,44,8,4414,8218
GGGCCTAAATGGGCTA-1,0,45,9,4309,8158
ACTTGTAGTCCCTTCA-1,0,44,10,4414,8097
CCCGAAGTTTCGCGAA-1,0,45,11,4308,8036
ACCATCCGCCAACTAG-1,0,44,12,4414,7976
TGCGAATATGGGATTT-1,0,45,13,4308,7915
TACATCCCTATCCCTG-1,0,44,14,4414,7854
GTGGGAAGACTGAATC-1,0,45,15,4308,7794
TCAACATCGACCGAGA-1,0,44,16,4414,7733
CTATGTGAGTCACGGC-1,0,45,17,4308,7672
CCGAACACTGGGCCTC-1,0,44,18,4413,7612
AAACTTGCAAACGTAT-1,0,45,19,4308,7551
AGGGCGAGCAGCTGAT-1,0,44,20,4413,7490
AACACGAGACGCGGCC-1,0,45,21,4308,7430
TGACGAATATTTCCCT-1,0,44,22,4413,7369
TCGGAGAGTATCGGGA-1,0,45,23,4307,7308
CAAATCTCTCACAAGG-1,0,44,24,4413,7248
AGGCCCTAGAACGCCA-1,0,45,25,4307,7187
TAGAGATCATGCAACT-1,0,44,26,4413,7126
TTGTTTCCATACAACT-1,0,45,27,4307,7066
GAGAGGTGCATTCTGG-1,0,44,28,4413,7005
GTGGACCAACCCGATT-1,0,45,29,4307,6944
CTGGGCCTGCTATATC-1,0,44,30,4412,6884
CATAGTCCACAAGAAC-1,0,45,31,4307,6823
TTGACATGAACGTGGA-1,0,44,32,4412,6762
GGTTACCACCCTCGGG-1,0,45,33,4307,6702
TACCGGTCGTTTCCAT-1,0,44,34,4412,6641
CGAGTACTAAAGAGGA-1,0,45,35,4307,6580
GCAAGAATTCCTTGGC-1,0,44,36,4412,6519
TCGCCGAAGTTGCGTC-1,0,45,37,4306,6459
TTGAGAGTACTGCTAA-1,1,44,38,4412,6398
GCCACAATTTAAGGAC-1,0,45,39,4306,6338
ATATTCAGTTAAACCT-1,1,44,40,4412,6277
TGAGTGCCTCTTAAAT-1,0,45,41,4306,6216
ATCAGACGGCACGCCG-1,1,44,42,4412,6155
GTGCGAAATCGAACAC-1,0,45,43,4306,6095
GTGCCGCTTCAAAGGT-1,1,44,44,4411,6034
GATACGATGGGAGTCA-1,1,45,45,4306,5974
GACACTGAGTTCAGTG-1,1,44,46,4411,5913
ATCCTGCGTGGAATGG-1,1,45,47,4306,5852
ATCCTACCTAAGCTCT-1,1,44,48,4411,5791
AGTGATATGAGTAGTT-1,1,45,49,4305,5731
ATGATGCAATGGTACA-1,1,44,50,4411,5670
GAAACCGAATTACCTT-1,1,45,51,4305,5610
AGTGACCTACTTTACG-1,1,44,52,4411,5549
CAAATGTCCTTCCGTG-1,1,45,53,4305,5488
TTACTGGGATATTTCA-1,0,44,54,4411,5427
CTTGCCCAGGCTCTAC-1,0,45,55,4305,5367
AAATCGTGTACCACAA-1,0,44,56,4410,5306
GTGATCATAGATCTGC-1,1,45,57,4305,5246
TGGCAGATTACGATCA-1,0,44,58,4410,5185
TCACCCTCTTAAGATT-1,1,45,59,4305,5124
CAGGATATATCGTTGT-1,1,44,60,4410,5063
CCTGACCACCGATGGT-1,1,45,61,4304,5003
CTAAAGGGAAATAGGA-1,1,44,62,4410,4942
CCGCTATCAGCACCAG-1,1,45,63,4304,4882
CTTTAGTGCTATTATT-1,1,44,64,4410,4821
CGGGAATTTATGTAAA-1,1,45,65,4304,4760
TACGACTGCCTCTTAG-1,1,44,66,4410,4699
AAACTGCTGGCTCCAA-1,1,45,67,4304,4639
GTACGTTTGCCCGTCA-1,1,44,68,4410,4578
GGCAAGGCGAAATAGC-1,1,45,69,4304,4517
GATCTTGGAGGGCATA-1,1,44,70,4409,4457
AGCGTGGTATTCTACT-1,1,45,71,4304,4396
CTAAGGGAATGATTGG-1,0,44,72,4409,4335
CATGGTAAGTAGCGTT-1,0,45,73,4304,4275
CGTTGAGCGACCGTCG-1,0,44,74,4409,4214
TGCCCGTACCGTTAAA-1,0,45,75,4303,4153
ACAAGGGCAGGCTCTG-1,0,44,76,4409,4093
GAGATCTTCCATGACA-1,0,45,77,4303,4032
AATGACGTAGGATGTC-1,0,44,78,4409,3971
GTGGTGGCCAAGTGAA-1,0,45,79,4303,3911
TCCCGTGTGCAATTTG-1,0,44,80,4409,3850
ACATCGTATGCAATGG-1,0,45,81,4303,3789
GCGAAACTTAACTGGA-1,0,44,82,4408,3729
AATTGAACGCTCTGGT-1,0,45,83,4303,3668
ACAAATGGTAGTGTTT-1,0,44,84,4408,3607
ATGGTCGCGTGGTTTC-1,0,45,85,4303,3547
TGTTATTGTATGTGGC-1,0,44,86,4408,3486
TTCCGGTTACCCACTT-1,0,45,87,4302,3425
GAGTGTGCGGTACCCA-1,0,44,88,4408,3365
CAAGATATTATAACGT-1,0,45,89,4302,3304
ACACACCAGGACCAGT-1,0,44,90,4408,3243
ATGGGCCTCGGCCTCT-1,0,45,91,4302,3183
AAGGTGATAAACCAGC-1,0,44,92,4408,3122
TCTTACTTATGCCTCT-1,0,45,93,4302,3061
AAAGTGTGATTTATCT-1,0,44,94,4407,3001
TGCTCCACAGTTCTTA-1,0,45,95,4302,2940
CTGGCTGATTCATCCT-1,0,44,96,4407,2879
TAAGGCTGAATCCCTC-1,0,45,97,4302,2819
TCTAGTGATATCGTGG-1,0,44,98,4407,2758
TCGAAGAACCGAGCAC-1,0,45,99,4302,2697
GACAAACATATGCAGG-1,0,44,100,4407,2637
AAGTCAATTGTCGTCA-1,0,45,101,4301,2576
AGTGAACAAACTTCTC-1,0,44,102,4407,2515
CATGATGGAAGTTAGC-1,0,45,103,4301,2455
AAGTGCCTTGACTGTA-1,0,44,104,4407,2394
ATCGCCAGTCAACATT-1,0,45,105,4301,2333
ACCGCGGTGGAAGTCG-1,0,44,106,4407,2273
TCTTCTATAACCCGCC-1,0,45,107,4301,2212
CACATTTCTTGTCAGA-1,0,44,108,4406,2151
TAGCGTCCCTCGATTG-1,0,45,109,4301,2091
GTTCGGATCGGGAACA-1,0,44,110,4406,2030
CAAACTCGCGACGCCG-1,0,45,111,4301,1969
GTCTTGTAGCTATTCA-1,0,44,112,4406,1909
TCTCGACGTATCGCCG-1,0,45,113,4300,1848
TTGCCAAGCAGAACCC-1,0,44,114,4406,1787
AAACCCGAACGAAATC-1,0,45,115,4300,1727
TTGAGCAGCCCACGGT-1,0,44,116,4406,1666
CGCCTTTAGCATGCTC-1,0,45,117,4300,1605
TGTGGCTCCCACCAAC-1,0,44,118,4406,1545
CCGCCGTTGAGGATAA-1,0,45,119,4300,1484
CAATACGAGAGTCTGA-1,0,44,120,4405,1423
CATCTAGTGAAGGGAA-1,0,45,121,4300,1363
GGTGGAGGTTGATACG-1,0,44,122,4405,1302
CCGCACACGAACGTGT-1,0,45,123,4300,1241
AGAACCCAGCGTGACA-1,0,44,124,4405,1180
GCGCTCGATCACCTGT-1,0,45,125,4299,1120
ATCATGGACTACCGAC-1,0,44,126,4405,1059
TACGCCGCCTCAGAAG-1,0,45,127,4299,999
CGACCTACTAGACAAT-1,0,46,0,4204,8704
GAGTCTTGTAAAGGAC-1,0,47,1,4098,8643
AATATCCTAGCAAACT-1,0,46,2,4204,8583
CCCTAGGCAACAAGAG-1,0,47,3,4098,8522
ACAAAGAAGGTAGGCC-1,0,46,4,4203,8461
CCCTGGCTGTTCCTTC-1,0,47,5,4098,8401
TCGCCGCACCGCGTGA-1,0,46,6,4203,8340
TATAGCGCACGTTATC-1,0,47,7,4098,8279
TTATCTGACATTAGGA-1,0,46,8,4203,8219
AGTGGTGTTACCCGTG-1,0,47,9,4097,8158
GCCAAGAATACTTCTG-1,0,46,10,4203,8097
CCGGCGTGAGACTCTG-1,0,47,11,4097,8037
TTCCCGGCGCCAATAG-1,0,46,12,4203,7976
AAACAGGGTCTATATT-1,0,47,13,4097,7915
ACAGTAATACAACTTG-1,0,46,14,4203,7854
CGAACGGCCGGACAAC-1,0,47,15,4097,7794
GCAACACACTAGAACT-1,0,46,16,4202,7733
ACTCCCATTCCTAAAG-1,0,47,17,4097,7673
ACCTGCGTGTCATGTT-1,0,46,18,4202,7612
TACTTTCCGCACGCCA-1,0,47,19,4097,7551
AGGTCAGGTGAGAGTG-1,0,46,20,4202,7490
TCCTCCTAAGACATTC-1,0,47,21,4096,7430
ATGTGAAAGCCTAATG-1,0,46,22,4202,7369
AGTCGGCTCAACTTTA-1,0,47,23,4096,7309
CGATCTGTTGGAGGAC-1,0,46,24,4202,7248
ACGGGAGTGTCGGCCC-1,0,47,25,4096,7187
TTAACTTCAGGTAGGA-1,0,46,26,4202,7126
CCACGGAGCCATAAGA-1,0,47,27,4096,7066
CTTCTATGTTGAAGTA-1,0,46,28,4202,7005
CACCGTTGCGCGATAT-1,0,47,29,4096,6945
TCTAGCAATCTCCGCC-1,0,46,30,4201,6884
AGTTTGGCCAGACCTA-1,0,47,31,4096,6823
TTGTAAGGACCTAAGT-1,0,46,32,4201,6762
AAATTTGCGGGTGTGG-1,0,47,33,4096,6702
AAGTTCGGCCAACAGG-1,0,46,34,4201,6641
CCGCTTACCTCACTCT-1,0,47,35,4095,6581
ATCACGTGCTAATTAA-1,0,46,36,4201,6520
GGTGAAGTACAGGGAT-1,0,47,37,4095,6459
GCTGTATTACTGGCCC-1,0,46,38,4201,6398
AACGGCCATCTCCGGT-1,0,47,39,4095,6338
TAAGTAACATCTTGAC-1,0,46,40,4201,6277
TTCTTGAGCCGCGCTA-1,0,47,41,4095,6217
AGTGCGTAGCTCGTAA-1,0,46,42,4200,6156
GGGATGGTCGTAACCG-1,0,47,43,4095,6095
GTCTGGGCGGTCGAGA-1,1,46,44,4200,6034
CGGAACGTAAACATAG-1,1,47,45,4095,5974
TGCGACACCCTAGTGC-1,1,46,46,4200,5913
CAAACGAGTATCGCAG-1,1,47,47,4094,5853
TCAGTAGGGACTATAA-1,1,46,48,4200,5792
GCGGTTCCCTATCATG-1,1,47,49,4094,5731
GTGACTTCAGTAGTGC-1,1,46,50,4200,5670
CGTCACGTCCATTGGT-1,0,47,51,4094,5610
ATAAGTTACCGCGACG-1,1,46,52,4200,5549
CTGAATCCGAGACCTC-1,0,47,53,4094,5488
TACGACGCTTGCTGCG-1,0,46,54,4199,5428
GAATTCACCCGGGTGT-1,0,47,55,4094,5367
GGGTGACACCTTAACT-1,0,46,56,4199,5306
TGAGTAAATTAGCGTA-1,1,47,57,4094,5246
GAGTCCGCTTACCGGA-1,1,46,58,4199,5185
GGCGCGTTCGAGTTTA-1,1,47,59,4094,5124
ATTCATATACTGTCCA-1,1,46,60,4199,5064
ATAAACGGACCCGTAA-1,1,47,61,4093,5003
GTCGTACCATCTCGGG-1,1,46,62,4199,4942
ATAATAGCTGTTGAAT-1,1,47,63,4093,4882
TTCCGCGTGAGGCGAT-1,1,46,64,4199,4821
TACCGGCTCACTGCCC-1,1,47,65,4093,4760
GTATCTTTCATAACCA-1,1,46,66,4199,4700
GTTACCTACAACTTGC-1,1,47,67,4093,4639
TGACTATAATCCTTTC-1,1,46,68,4198,4578
AAATACCTATAAGCAT-1,1,47,69,4093,4518
TTATTAGAGCGTGTTC-1,1,46,70,4198,4457
ATGTGGACATCTTGAT-1,1,47,71,4093,4396
GTACGCTTCATTGCAC-1,0,46,72,4198,4336
CACATATTAGCAGGAT-1,0,47,73,4092,4275
CAAGAGGGCGGAGTAC-1,0,46,74,4198,4214
TCGCAAAGATGCATTT-1,0,47,75,4092,4154
GTCGTTATTCGCTTAT-1,0,46,76,4198,4093
TCGTGTACTATGGATG-1,0,47,77,4092,4032
GCGGAGAGGGAGAACG-1,0,46,78,4198,3972
TCACAGGGAATCGCAA-1,0,47,79,4092,3911
GACTGCACCAGCCCAG-1,0,46,80,4197,3850
TCCGCTGTCATCCCGG-1,0,47,81,4092,3790
AGATACTCAAGATCGA-1,0,46,82,4197,3729
ACTGAATGGCGAAAGT-1,0,47,83,4092,3668
TCCTACATCCACGGCC-1,0,46,84,4197,3608
TTCAGCCCTGGTCCAC-1,0,47,85,4091,3547
TTAGAGTTTAGAAGGA-1,0,46,86,4197,3486
GGTTAGCTATATGTCT-1,0,47,87,4091,3426
CTGGTTTCGAGCAAGA-1,0,46,88,4197,3365
TGGGCCCATACTAATT-1,0,47,89,4091,3304
ACTTATTTATGTGCCA-1,0,46,90,4197,3244
TTAGTTATTCGTGGCA-1,0,47,91,4091,3183
AACCGCTAAGGGATGC-1,0,46,92,4197,3122
ATACGTCCACTCCTGT-1,0,47,93,4091,3062
CGACACGCTCCGACAG-1,0,46,94,4196,3001
TCTGAACTCGTACCCG-1,0,47,95,4091,2940
AGGATATAGGGATTTA-1,0,46,96,4196,2880
GTGATCACTAACGCCT-1,0,47,97,4091,2819
ACCGGGCCTTTGTTGA-1,0,46,98,4196,2758
TTGACAGGAGCTCCCG-1,0,47,99,4090,2698
CTCTTCTATTGACTGG-1,0,46,100,4196,2637
CGTGGCCGAATATCTA-1,0,47,101,4090,2576
GGTTTAGCCTTTCTTG-1,0,46,102,4196,2516
TCAAGGTTACTACACC-1,0,47,103,4090,2455
TTGACTATTGTCCGGC-1,0,46,104,4196,2394
CGGGAATATAGTATAC-1,0,47,105,4090,2334
GCAACAGCAGTATGCG-1,0,46,106,4195,2273
ATCAAACACTGTTCCA-1,0,47,107,4090,2212
TGGGCAATAGTTGGGT-1,0,46,108,4195,2151
TGAATGTCAGCCGGCC-1,0,47,109,4090,2091
CGGCTCTAAAGCTGCA-1,0,46,110,4195,2030
GGACACAAGTTTACAC-1,0,47,111,4089,1970
CCGAGAAGTCGCATAA-1,0,46,112,4195,1909
AACTACCCGTTTGTCA-1,0,47,113,4089,1848
GCACAAACGAGGCGTG-1,0,46,114,4195,1787
CACACAGCTTGCGCTC-1,0,47,115,4089,1727
GTGCTTACATCAGCGC-1,0,46,116,4195,1666
GCAAACGTCGCCAGGT-1,0,47,117,4089,1606
GAATAGCATTTAGGGT-1,0,46,118,4194,1545
TACTGTTTCTCTGGTA-1,0,47,119,4089,1484
TCCTATCATAGGTAAC-1,0,46,120,4194,1423
TTCGGTGGAGACGCCC-1,0,47,121,4089,1363
TGTTGCCGTCGTCCCA-1,0,46,122,4194,1302
CCAACTTGATAGATCC-1,0,47,123,4089,1242
CAAAGGTCATCTGAAA-1,0,46,124,4194,1181
CTAGCTTAATGGTCCC-1,0,47,125,4088,1120
AGGCCACATTGGTTAC-1,0,46,126,4194,1059
TTAGGATGGGAGGGTA-1,0,47,127,4088,999
TATGACCTTGCGCTGG-1,0,48,0,3993,8704
ATATACATGTATGGTA-1,0,49,1,3887,8644
TGTGTGACCATGAATC-1,0,48,2,3992,8583
CCCACTCCACGGTATC-1,0,49,3,3887,8522
GGGCAGACGTCACTGC-1,0,48,4,3992,8461
TCAAAGAGCTATCTGT-1,0,49,5,3887,8401
AGATGCATCCTGTGTC-1,0,48,6,3992,8340
GTGAAGTCACGACTCG-1,0,49,7,3886,8280
TGATTCAGGTCCCGCG-1,0,48,8,3992,8219
CGCCACAGGTCGCGAT-1,0,49,9,3886,8158
TTGAATCGTTGTATAA-1,0,48,10,3992,8097
TGGCCAATTTGGTACT-1,0,49,11,3886,8037
CGACCCTTAACGCCGG-1,0,48,12,3992,7976
TCGGCGTACTGCACAA-1,0,49,13,3886,7916
GAGTAAGGCCACGGGA-1,0,48,14,3991,7855
ATCAGCTCGTCCACTA-1,0,49,15,3886,7794
AGGATCACGCGATCTG-1,0,48,16,3991,7733
AAATGGCCCGTGCCCT-1,0,49,17,3886,7673
CAGTACCAGTTTACGT-1,0,48,18,3991,7612
GGTCGTAAGCTCGCAC-1,0,49,19,3886,7552
CGTTCATGGTGCGCGT-1,0,48,20,3991,7491
GACTACAAAGCGGTGG-1,0,49,21,3885,7430
CAGCTGGCGTAACCGT-1,0,48,22,3991,7369
ACTCGTAACCCGTCCT-1,0,49,23,3885,7309
CATATGTCAGGCTACG-1,0,48,24,3991,7248
GCCCGACTTCTTCCCG-1,0,49,25,3885,7188
CTGGCATCCGAATGAG-1,0,48,26,3991,7127
AAGTGCGTTAGAATCT-1,0,49,27,3885,7066
AGAAGTGATTCGTGAT-1,0,48,28,3990,7005
TACCTTAAGATTTCCC-1,0,49,29,3885,6945
AATGACAGCAATGTCT-1,0,48,30,3990,6884
TCAACGCAGGAAATAA-1,0,49,31,3885,6824
TATTCCTCCGCCCACT-1,0,48,32,3990,6763
ATCAAACGAAGGTTTG-1,0,49,33,3884,6702
TTGATTAGCTGTTTCT-1,0,48,34,3990,6641
CTGCTGAGGCCACGAA-1,0,49,35,3884,6581
CCGTGTTAAATTCCAT-1,0,48,36,3990,6520
CACGTCGGCAACCTCT-1,0,49,37,3884,6459
GTATTCTGAGAAACGA-1,0,48,38,3990,6399
CGGTGCGCGTTGGTCC-1,0,49,39,3884,6338
GTGATTCGCCGCTCAA-1,0,48,40,3989,6277
GCCCGCGCGTAAACGG-1,0,49,41,3884,6217
AACGTACTGTGGGTAC-1,0,48,42,3989,6156
GAGTATGCCCGCCTTG-1,0,49,43,3884,6095
TGATTCTGTCGCCGGT-1,0,48,44,3989,6035
GGGCGGCAAATGAATT-1,0,49,45,3883,5974
TTCCAATCTGGCTATC-1,0,48,46,3989,5913
GGAACCGTGTAAATTG-1,0,49,47,3883,5853
TTGGTCACACTCGTAA-1,0,48,48,3989,5792
CGAACCCGCATGCGTC-1,0,49,49,3883,5731
GGGCGTCACCACGTAA-1,0,48,50,3989,5671
TACCAGAAGTAGGTTC-1,0,49,51,3883,5610
TTGGATATCGTCTACG-1,0,48,52,3989,5549
TAGATATGGACTGGAA-1,0,49,53,3883,5489
GCGACGATAGTTGTAC-1,0,48,54,3988,5428
CTGGATTTACACTTGA-1,1,49,55,3883,5367
GTTATATTATCTCCCT-1,1,48,56,3988,5307
TATTCCACTCAGCTCG-1,1,49,57,3883,5246
CTGTTACCCAATCTAG-1,1,48,58,3988,5185
ACGCGAAGTCAGACGA-1,1,49,59,3882,5125
GATAGGTAACGTTGAC-1,1,48,60,3988,5064
TGTTCGTATTGCGGTG-1,1,49,61,3882,5003
GGTCAGTGGGTCCCAC-1,1,48,62,3988,4943
AATTCTAGAGTTAGGC-1,1,49,63,3882,4882
GTTTACGTTCCATCTG-1,1,48,64,3988,4821
AGACCCACCGCTGATC-1,1,49,65,3882,4761
TCTAGCATGCCCAGAA-1,1,48,66,3987,4700
CCCGCAGCGCGAACTA-1,1,49,67,3882,4639
CTCTATTTGGCTGCAG-1,1,48,68,3987,4579
TTCTGCCGCGCCTAGA-1,1,49,69,3882,4518
ACTCCCTAGAATAGTA-1,1,48,70,3987,4457
CCGAACCTTCCCGGCC-1,1,49,71,3881,4397
TCAGACGCTATAGAAG-1,0,48,72,3987,4336
CAGGCGCCATGCTAGG-1,0,49,73,3881,4275
CACTCGAGCTGAACAA-1,0,48,74,3987,4215
ACAAGGAAATCCGCCC-1,0,49,75,3881,4154
ACCACGTGCAGCTATA-1,0,48,76,3987,4093
ACGGCGACGATGGGAA-1,0,49,77,3881,4033
TTACTAAAGGACTTTA-1,0,48,78,3986,3972
GGCTGAAATAGCAAAG-1,0,49,79,3881,3911
TTAGACGAGTCACCTC-1,0,48,80,3986,3851
GTAGTCGCGGGAATCA-1,0,49,81,3881,3790
GCAAACCCTACATTAT-1,0,48,82,3986,3729
GTTAAAGTAGGACTGG-1,0,49,83,3881,3669
ACCCTCCCTTGCTATT-1,0,48,84,3986,3608
CATGTCTCATTTATGG-1,0,49,85,3880,3547
AATAGAATCTGTTTCA-1,0,48,86,3986,3487
TCTCATGAGATAGGGT-1,0,49,87,3880,3426
ATGACTATGCGACATT-1,0,48,88,3986,3365
CCTAACCCAAACAAGT-1,0,49,89,3880,3305
AGTCAAGATGACACTT-1,0,48,90,3986,3244
CGGGAGCTTCAGTGTA-1,0,49,91,3880,3183
CCACAGTACCCATCCT-1,0,48,92,3985,3122
GAGCGCGCACGAGTAG-1,0,49,93,3880,3062
ACCAGTGCGGGAGACG-1,0,48,94,3985,3001
TCCTTACGACGGTCCG-1,0,49,95,3880,2941
TAGTCGATCACGGGTT-1,0,48,96,3985,2880
AGACGAAGTGCCGGTC-1,0,49,97,3879,2819
CGCTGGTGACTACCCT-1,0,48,98,3985,2758
AGGCATTGTCGTAGGG-1,0,49,99,3879,2698
TGGTAGAATATATGGG-1,0,48,100,3985,2637
TTCTTATCCGCTGGGT-1,0,49,101,3879,2577
AGTTTGGCACGGGTTG-1,0,48,102,3985,2516
GCATCGGCCGTGTAGG-1,0,49,103,3879,2455
ATGCGAGTCCCACCAC-1,0,48,104,3984,2394
TCGGCGAACCCAAACC-1,0,49,105,3879,2334
AGAGTAAACTTCACTA-1,0,48,106,3984,2273
AAGCCGAAGCGGTTTA-1,0,49,107,3879,2213
CCCGAGTTTCTCCGTA-1,0,48,108,3984,2152
AATATCGAATCAATGC-1,0,49,109,3878,2091
GCGCCTCCCACTCCGA-1,0,48,110,3984,2030
CGTTAAACTAGTTAGG-1,0,49,111,3878,1970
TGAGTTAAAGACATTC-1,0,48,112,3984,1909
AACAGGTAGTATGGAT-1,0,49,113,3878,1849
GAACGCGGGTCACACG-1,0,48,114,3984,1788
TGTTTGAGATCGTCAG-1,0,49,115,3878,1727
ATCTCGTGAGCGAAAC-1,0,48,116,3983,1666
CTGAGAAAGTTCGGCG-1,0,49,117,3878,1606
ATTACCACACTGCCTG-1,0,48,118,3983,1545
CTGCTGTCTAACGAGC-1,0,49,119,3878,1485
CGTGGAAGCCTCGTAC-1,0,48,120,3983,1424
GGACTCACAAATTAGG-1,0,49,121,3878,1363
CTTTGCTGTCATGGAT-1,0,48,122,3983,1302
GGTGTTGGGCGTCTTA-1,0,49,123,3877,1242
TACCATGTATTGATTT-1,0,48,124,3983,1181
GGTCTCCAAGTAGTGC-1,0,49,125,3877,1121
ATCCTTCTGAAAGAAC-1,0,48,126,3983,1060
CCGGAAGTTATCAGTC-1,0,49,127,3877,999
TTAGAGGGATATACAG-1,0,50,0,3781,8704
TTGTACACCTCGAACA-1,0,51,1,3676,8644
GTGGGTACTGAGCGTA-1,0,50,2,3781,8583
CTTAAGCAGCGAGCCG-1,0,51,3,3676,8523
GCATTGACTTGCGGAA-1,0,50,4,3781,8462
CCATAACCTGTGCAGT-1,0,51,5,3675,8401
GGGCTACTATTTCGTG-1,0,50,6,3781,8340
GGCGAGCGAAACGGCA-1,0,51,7,3675,8280
GGAGACCATCTACATA-1,0,50,8,3781,8219
AGACCAAACCACACCT-1,0,51,9,3675,8159
CGACGCATCCGTACCT-1,0,50,10,3781,8098
CCTAGGTAAAGGTAGC-1,0,51,11,3675,8037
AGCGGCGGTTAGCGGT-1,0,50,12,3781,7976
CTGGACGCAGTCCGGC-1,0,51,13,3675,7916
AGCCTAATACCCACGT-1,0,50,14,3780,7855
AATCTGGCTTTCTAGT-1,0,51,15,3675,7795
CACCCTTGGTGAGACC-1,0,50,16,3780,7734
GGATCTTGACTCAACC-1,0,51,17,3675,7673
ACGAGGATACCACTCT-1,0,50,18,3780,7612
GAGTTGATGGCAATTT-1,0,51,19,3674,7552
GTGGCAAACAGCGGCA-1,0,50,20,3780,7491
GATGTAACGAACCACC-1,0,51,21,3674,7430
AGCCGTGGCTAAATGT-1,0,50,22,3780,7370
CTCCCTCCTTTCGATC-1,0,51,23,3674,7309
TTGGAAGAATACAGTC-1,0,50,24,3780,7248
AGTTAAGTCAACCGCT-1,0,51,25,3674,7188
CTCATGGTAATTTGCG-1,0,50,26,3779,7127
AAAGTAGCATTGCTCA-1,0,51,27,3674,7066
TTGTGGTAGGAGGGAT-1,0,50,28,3779,7006
AGTCGTGGGCATTACG-1,0,51,29,3674,6945
ACCTAAGTACCTTTCA-1,0,50,30,3779,6884
GTAGAGGGAGACAAGT-1,0,51,31,3673,6824
GATCCTCGACACTGGC-1,0,50,32,3779,6763
CCTACATTCACAGACG-1,0,51,33,3673,6702
TTGACCGTGTTAATGA-1,0,50,34,3779,6642
TCTGTTACCCAGCATA-1,0,51,35,3673,6581
CTAACTGGTCCGGTTC-1,0,50,36,3779,6520
AGCGACAGGAACGGTC-1,0,51,37,3673,6460
TAATAGAACAGAGTTA-1,0,50,38,3778,6399
ACAGGTGGAGGTGAGG-1,0,51,39,3673,6338
TGCGAGAATATTACCC-1,0,50,40,3778,6278
TTGCGTCGGCCAACCG-1,0,51,41,3673,6217
AGGCTTCCCGAAGAAG-1,0,50,42,3778,6156
GCGGACCGCGTTGTGG-1,0,51,43,3673,6096
GTAATCTGATTCTTCG-1,0,50,44,3778,6035
CCGCGGAATGCGTCAC-1,0,51,45,3672,5974
TTCCACACAGATTTGA-1,0,50,46,3778,5914
CTTCTATTAATGCTAG-1,0,51,47,3672,5853
CATTTGAGTGGTACGT-1,0,50,48,3778,5792
TCACAGCAAACTCGAA-1,0,51,49,3672,5732
CAGACGAACCTGATAC-1,0,50,50,3778,5671
TAGCTAGAAGGCATGA-1,0,51,51,3672,5610
ATCCAGAGCAACAACC-1,0,50,52,3777,5550
TCCGGTTCGTCCGGTC-1,0,51,53,3672,5489
CGCGCATGTTTGATTG-1,1,50,54,3777,5428
TGGCGATCAAGTTATG-1,1,51,55,3672,5368
CCCTTTGACAGGTCTT-1,1,50,56,3777,5307
CAGAGACGGTCACCCA-1,1,51,57,3671,5246
TAGCTCGCCTGATAAC-1,1,50,58,3777,5186
TTGTGTTTCCCGAAAG-1,1,51,59,3671,5125
TATACACAGACGCCTT-1,1,50,60,3777,5064
ACATTAGTTTATATCC-1,1,51,61,3671,5004
CCATCGCAGTTAAACT-1,1,50,62,3777,4943
AATTAGCGCTGCAGCG-1,1,51,63,3671,4882
TCCGCTTATCCCATTA-1,1,50,64,3776,4822
GTTTGGGCTTGTGAGC-1,1,51,65,3671,4761
CTTGTCAACATTCGAG-1,1,50,66,3776,4700
GGACCAACAGGATAAC-1,1,51,67,3671,4640
AAGCTAGATCGAGTAA-1,1,50,68,3776,4579
TACCGTGCCTCGGACC-1,1,51,69,3670,4518
GTAGCCAAACATGGGA-1,1,50,70,3776,4458
TGCCAGTACGTGGAGA-1,1,51,71,3670,4397
ATAAGGTGGAGAACAT-1,0,50,72,3776,4336
CTTTAATATTGGTCGA-1,0,51,73,3670,4276
TGGTTCAACGGGTAAT-1,0,50,74,3776,4215
GCTGCTACTGCGTAGC-1,0,51,75,3670,4154
CTGCACAACTACATAT-1,0,50,76,3775,4093
ATATTCCACATAGTGA-1,0,51,77,3670,4033
TGGCAAACTAAATTAC-1,0,50,78,3775,3972
ACCGCAATAACTGCCT-1,0,51,79,3670,3912
TCGCACCAGGAGGCAG-1,0,50,80,3775,3851
ACTTCAGGCTGATCCC-1,0,51,81,3670,3790
ACAAATCGCACCGAAT-1,0,50,82,3775,3729
TCTGATGTATTCTGTC-1,0,51,83,3669,3669
CTTTACCGAATAGTAG-1,0,50,84,3775,3608
GCAGATCCATAAGACT-1,0,51,85,3669,3548
TTCCTCGGACTAACCA-1,0,50,86,3775,3487
TTATCCGGGATCTATA-1,0,51,87,3669,3426
CTGGAAGACACGGTGG-1,0,50,88,3775,3365
GTTCGTCTAAAGAACT-1,0,51,89,3669,3305
GTCTATTGGTTCCGGT-1,0,50,90,3774,3244
CTAGGCGCCCTATCAG-1,0,51,91,3669,3184
AACGGACGTACGTATA-1,0,50,92,3774,3123
AACACACGCTCGCCGC-1,0,51,93,3669,3062
GCTACTATAGTAGAGT-1,0,50,94,3774,3001
AGCATATCAATATGCT-1,0,51,95,3668,2941
CGAACAGTATGGGCGT-1,0,50,96,3774,2880
ACAATTGTGTCTCTTT-1,0,51,97,3668,2820
GATCGCTACCCGATTT-1,0,50,98,3774,2759
ATTGCGATCAGTAACT-1,0,51,99,3668,2698
CAGCAGTCCAGACTAT-1,0,50,100,3774,2637
AGAGGCTTCGGAAACC-1,0,51,101,3668,2577
AAACAAGTATCTCCCA-1,0,50,102,3773,2516
GGCAGCAAACCTATGC-1,0,51,103,3668,2456
ACTAGTTGCGATCGTC-1,0,50,104,3773,2395
TTGGACCATCTGGCAA-1,0,51,105,3668,2334
CCCTCCTCGCTCGTAT-1,0,50,106,3773,2273
GAGCGCAAATACTCCG-1,0,51,107,3668,2213
ATTACATGTCAGTCTT-1,0,50,108,3773,2152
TTGGGACGTAAGAGTT-1,0,51,109,3667,2092
CTTCGGCCAATTGTTT-1,0,50,110,3773,2031
AGACCGCTCCGCGGTT-1,0,51,111,3667,1970
GACCGCGTCTGACGTG-1,0,50,112,3773,1909
CCAAATAACAAGATTC-1,0,51,113,3667,1849
TCTTTAGAGTCTAACA-1,0,50,114,3773,1788
CTCCCAATGAGTCGCG-1,0,51,115,3667,1727
TAGTCTTTCCGAATTG-1,0,50,116,3772,1667
GAGTAAACCGGAAAGT-1,0,51,117,3667,1606
GATCTCGACGCTGTGG-1,0,50,118,3772,1545
CTGACATAGAAATAGA-1,0,51,119,3667,1485
TATACCGAGTGCCACA-1,0,50,120,3772,1424
TCCGAACGTTGCCGCT-1,0,51,121,3666,1363
GCAGAAGGTAATCTCC-1,0,50,122,3772,1303
GGTACTAAGTGCTTTG-1,0,51,123,3666,1242
CAGAATATTCGTTATC-1,0,50,124,3772,1181
TAATCAACCAAATGGG-1,0,51,125,3666,1121
TCTGCTTAGAACAAGC-1,0,50,126,3772,1060
AACTGAGTTATACTGA-1,0,51,127,3666,999
CCTCAACGATCGCTGT-1,0,52,0,3570,8705
CGGTACGGCAAACCCA-1,0,53,1,3465,8644
CAGATGTTTGTCCCAA-1,0,52,2,3570,8583
GTTTGTTAGCCAAGTA-1,0,53,3,3465,8523
ACGTGACAAAGTAAGT-1,0,52,4,3570,8462
TTGTCACCGCGGTATC-1,0,53,5,3464,8401
GATCTAACCGTATTCA-1,0,52,6,3570,8341
ATGGAAATTTAAGGAG-1,0,53,7,3464,8280
ATTGATCACCACATTT-1,0,52,8,3570,8219
ACTGCTCGGAAGGATG-1,0,53,9,3464,8159
TCTAAAGAACAGTCTC-1,0,52,10,3570,8098
CTGGGTTGAGTTAAAG-1,0,53,11,3464,8037
CCCAGTAAACTTGGGA-1,0,52,12,3569,7977
AGATTCACAACCGATA-1,0,53,13,3464,7916
AGAAGGTACACTTCAC-1,0,52,14,3569,7855
GCAGGAACTTAGATCT-1,0,53,15,3464,7795
AATCTAGGTTTACTTG-1,0,52,16,3569,7734
CCCGGTGTATCGGAAT-1,0,53,17,3463,7673
TTATCCTCAAGGAATA-1,0,52,18,3569,7613
AGCATCATTTCGAAAG-1,0,53,19,3463,7552
CGCGAGTCTGCCGGGT-1,0,52,20,3569,7491
TGCGTCATGACTGAGC-1,0,53,21,3463,7431
GTATGAAATTTCACTC-1,0,52,22,3569,7370
TTGGTTGCGGTGCGCG-1,0,53,23,3463,7309
ACAGAACTGAGAACAA-1,0,52,24,3568,7249
CTACTATCATAGGTTT-1,0,53,25,3463,7188
CCTCTATCGATTAGCA-1,0,52,26,3568,7127
CCGTATCTCGTCGTAG-1,0,53,27,3463,7067
TCACGATGTCCGTGGA-1,0,52,28,3568,7006
TCAACAAAGATAATTC-1,0,53,29,3462,6945
ATGACGCGTTCTATCC-1,0,52,30,3568,6885
ATTTGCGCGAGTAGCT-1,0,53,31,3462,6824
TTCTTGGACGATCTGC-1,0,52,32,3568,6763
AGACGACGATGCCGCT-1,0,53,33,3462,6703
GGTCTCTGAATGGACT-1,0,52,34,3568,6642
GCTCAATCCGTTTATT-1,0,53,35,3462,6581
CCAGAAAGCAACTCAT-1,0,52,36,3567,6521
CACCGTTAGGGATCAC-1,0,53,37,3462,6460
AATAACACTAGAACAA-1,0,52,38,3567,6399
CACCCGGTTTGTGACT-1,0,53,39,3462,6339
CCACCAACTTTACTGT-1,0,52,40,3567,6278
AACTCTCAGTGTGCTC-1,0,53,41,3462,6217
AAACCGTTCGTCCAGG-1,0,52,42,3567,6157
CAGCGATTCCCTTCAA-1,0,53,43,3461,6096
GCTAGCTTGAATAGCT-1,0,52,44,3567,6035
TTGCGGCATCAGAAAG-1,0,53,45,3461,5975
AATAGAACAGAGTGGC-1,0,52,46,3567,5914
GCCATCGAGCTGCGTG-1,0,53,47,3461,5853
ACACTGATCAAGGTGT-1,0,52,48,3567,5793
ACCAACGCTTATTTAT-1,0,53,49,3461,5732
GACATCGATTTATAAC-1,0,52,50,3566,5671
CAGACACCGATCGCTG-1,1,53,51,3461,5611
CCAAGAAAGTGGGCGA-1,0,52,52,3566,5550
GGTAGACCGTTGGGCG-1,1,53,53,3461,5489
TCGTTAGGAGTCCCTA-1,1,52,54,3566,5429
ACGGCCAACATGGACT-1,1,53,55,3460,5368
GTGAGTGGTACAACGC-1,1,52,56,3566,5307
GAGACTTCGCGACCGA-1,1,53,57,3460,5247
GAAGTCAGTTGCACTA-1,1,52,58,3566,5186
GTTTGGTAGGGTCAAC-1,1,53,59,3460,5125
ACGGCACTTGCTTGGG-1,1,52,60,3566,5064
CCTCTGTACTATTCTA-1,1,53,61,3460,5004
CTATTCATGTGTCCCA-1,1,52,62,3565,4943
GCCCGATCTGTGGTCG-1,1,53,63,3460,4883
TTAGAAGAACATGACT-1,1,52,64,3565,4822
AGGATAAAGTCGGGAT-1,1,53,65,3460,4761
CGGCAAACATCGTGCG-1,1,52,66,3565,4700
CTAGTTACAACCCGGT-1,1,53,67,3459,4640
TTCGACAGAGCCCGTG-1,1,52,68,3565,4579
AAGCATACTCTCCTGA-1,1,53,69,3459,4519
GACGACGATCCGCGTT-1,1,52,70,3565,4458
GGTAGAAGACCGCCTG-1,0,53,71,3459,4397
GAGATGGGAGTCGACA-1,0,52,72,3565,4336
AACGATAATGCCGTAG-1,0,53,73,3459,4276
TGGTCCCACGCTACGG-1,0,52,74,3565,4215
CTGCTTGGCGATAGCT-1,0,53,75,3459,4155
ATCGGAGACAGACGGC-1,0,52,76,3564,4094
TAGCGTCCGGTGTGGT-1,0,53,77,3459,4033
GTTGAGTCCCGCCGGT-1,0,52,78,3564,3972
AAATAGGGTGCTATTG-1,0,53,79,3459,3912
AAGTGTTTGGAGACGG-1,0,52,80,3564,3851
AGCACTACCTCACCAG-1,0,53,81,3458,3791
TGCCTTGGCCAGGCAA-1,0,52,82,3564,3730
TCGTCTTAGGCGTTAA-1,0,53,83,3458,3669
TTCTGACCGGGCTCAA-1,0,52,84,3564,3608
CAGAACTTAGCCCTCT-1,0,53,85,3458,3548
AGCTCCTTCGCACATC-1,0,52,86,3564,3487
ACAGGCTTGCCCGACT-1,0,53,87,3458,3427
GCTATACGTCTCGGAC-1,0,52,88,3563,3366
GAGCCAGCTACCTGTG-1,0,53,89,3458,3305
TGCTAAGTGTCTATTT-1,0,52,90,3563,3244
GTCCTACGAATAGTCT-1,0,53,91,3458,3184
CAGTGTCGGCTGGCCC-1,0,52,92,3563,3123
CTATCGACGAAATACA-1,0,53,93,3457,3062
CATCATTACCCTGAGG-1,0,52,94,3563,3002
TAAGTTGCGACGTAGG-1,0,53,95,3457,2941
AGTGCACGCTTAAGAA-1,0,52,96,3563,2880
TGTGCCGGTGCCGGAA-1,0,53,97,3457,2820
AGGAGGCCTTCGCGCG-1,0,52,98,3563,2759
TCCGCGGCCCAATGAA-1,0,53,99,3457,2698
TCCGTTAAGCTAATAT-1,0,52,100,3562,2638
AAATCTAGCCCTGCTA-1,0,53,101,3457,2577
CGCAGGCGATCCAAAC-1,0,52,102,3562,2516
CCATATGGAAACTATA-1,0,53,103,3457,2456
CACCGTATCCCATCCG-1,0,52,104,3562,2395
GGTCAAGACTACTTCG-1,0,53,105,3457,2334
CCCGTTTCGCAGATGT-1,0,52,106,3562,2274
GTTATAATACGGTGAA-1,0,53,107,3456,2213
ACTTGTGGATGGAACG-1,0,52,108,3562,2152
GTTCGCTGAGACGTCT-1,0,53,109,3456,2092
GACACTGGAACCCGAT-1,0,52,110,3562,2031
CCCAGGTCTGAAGGCT-1,0,53,111,3456,1970
TCTCGAGGAGGTTCGC-1,0,52,112,3562,1910
ACTATCTGCCCGCGTA-1,0,53,113,3456,1849
CCTAAATTGTATCCTA-1,0,52,114,3561,1788
AGAAATTATGACTCGC-1,0,53,115,3456,1728
TCCAGCGCTATAAGCG-1,0,52,116,3561,1667
TCGTGTATTGGTCACG-1,0,53,117,3456,1606
CCACATACTGCACCCA-1,0,52,118,3561,1546
GTTGCGGACGGTCAGG-1,0,53,119,3455,1485
GTATTTAATGGCATAA-1,0,52,120,3561,1424
GTCGATAGGTGACTTT-1,0,53,121,3455,1364
AATAATCTTCGTATCG-1,0,52,122,3561,1303
ATTGTTCAACGATCCG-1,0,53,123,3455,1242
GTGCAGCGTAGAGTAG-1,0,52,124,3561,1182
TGTGGTAGGGTGCCTT-1,0,53,125,3455,1121
TGTGGACTATCTACGT-1,0,52,126,3560,1060
GGCGGGCTCTAAGAGT-1,0,53,127,3455,1000
TGTGCCAGAGGCAAAG-1,0,54,0,3359,8705
TGGCTTATGTATAATG-1,0,55,1,3254,8644
GCAAGCTGGAAACCGC-1,0,54,2,3359,8584
GATATCAAGCAGGAGC-1,0,55,3,3253,8523
CACCAATCATCCGTCT-1,0,54,4,3359,8462
CCACATGGCTCTTTAT-1,0,55,5,3253,8402
GTCCTACTCTACGGGC-1,0,54,6,3359,8341
CTCGAGACATACGATA-1,0,55,7,3253,8280
TATCAGTGGCGTAGTC-1,0,54,8,3359,8220
TGACAGGACAAGTCCA-1,0,55,9,3253,8159
TATTAACACCAAAGCA-1,0,54,10,3358,8098
TAGGCGATGAGGTCTC-1,0,55,11,3253,8038
CCGCCGGAACTTCTCG-1,0,54,12,3358,7977
GCCATTAGCCTCAAAC-1,0,55,13,3253,7916
GTTAGGCTACCCGTTT-1,0,54,14,3358,7856
GGGTATTCTAGCAAAC-1,0,55,15,3252,7795
GCCCTAGCCGTCGCGA-1,0,54,16,3358,7734
CAGATCCTGGTTTGAA-1,0,55,17,3252,7674
CTTCAGTGGTCGCCTA-1,0,54,18,3358,7613
GGGCAACCGCACGTGC-1,0,55,19,3252,7552
GACCCAATTATGATAC-1,0,54,20,3358,7492
GAAGCTCGGACCCGTC-1,0,55,21,3252,7431
CGTCGGGTCTAAGCGC-1,0,54,22,3357,7370
GAGGCCCGACTCCGCA-1,0,55,23,3252,7310
TTGCCATAGCCCGCTC-1,0,54,24,3357,7249
TAACATACACGCGATC-1,0,55,25,3252,7188
CCGACGGGCATGAGGT-1,0,54,26,3357,7128
AATGTGCCCGAGGTGT-1,0,55,27,3251,7067
AGCTGTAACCTCAATC-1,0,54,28,3357,7006
CGAGTGAAGGTACCAG-1,0,55,29,3251,6946
AGTCTCACAAGACTAC-1,0,54,30,3357,6885
AAATTGATAGTCCTTT-1,0,55,31,3251,6824
TAAGTCGCCGAGTATC-1,0,54,32,3357,6764
GCGGAGAAACTTCGCA-1,0,55,33,3251,6703
GGCAAAGGCGCCAATA-1,0,54,34,3357,6642
ATTTCCGGGTTCTGCG-1,0,55,35,3251,6582
TAAACCCAGGAGGGCA-1,0,54,36,3356,6521
TTCGGGCGCTAGTCTT-1,0,55,37,3251,6460
GTGGAGTCGGCGGTTG-1,0,54,38,3356,6400
GCACGCCTACTTAGAT-1,0,55,39,3251,6339
CAATATTCTTGACCTA-1,0,54,40,3356,6278
CGTTTGTGTAGAGGGT-1,0,55,41,3250,6218
CATAGCGTTGCCCACC-1,0,54,42,3356,6157
TGATACATTTAGCCGT-1,0,55,43,3250,6096
TTCCGGCCTTGAGGCT-1,0,54,44,3356,6035
CCTATACCGTCCTGTC-1,0,55,45,3250,5975
TCGTTGCTATCCGGTC-1,0,54,46,3356,5914
TGGCGACTGCTCCAAA-1,0,55,47,3250,5854
CAGAGGCGATGCATGA-1,0,54,48,3355,5793
TCACAGGAGAATAAGA-1,1,55,49,3250,5732
GGGTTAACATTTGAGT-1,1,54,50,3355,5671
GCGGGCGAGCCTTACC-1,1,55,51,3250,5611
TGCCAATGGGTACTCT-1,1,54,52,3355,5550
AGGGACTCTACGCGAC-1,1,55,53,3249,5490
GACGCCGTAAAGGCTA-1,1,54,54,3355,5429
AAAGGCTCTCGCGCCG-1,1,55,55,3249,5368
CTGGCTGGTTGTCAGT-1,1,54,56,3355,5307
ACATCCCGGCCATACG-1,1,55,57,3249,5247
CTCTTGTCCCGCTTGG-1,1,54,58,3355,5186
TACGCCTCCATTCCGA-1,1,55,59,3249,5126
CGGAGCAATTTAATCG-1,1,54,60,3354,5065
AACTAGGCTTGGGTGT-1,1,55,61,3249,5004
GCGTCGCCAGGGTGAT-1,1,54,62,3354,4943
GTTGGTCATGCTATCC-1,1,55,63,3249,4883
GCTGGCGGCGCATGCT-1,1,54,64,3354,4822
TGAGCGGAAAGTGTTC-1,1,55,65,3249,4762
CTTTCTGTGCGGGCTT-1,1,54,66,3354,4701
ATCTAATATCCTACGG-1,1,55,67,3248,4640
AACCTTTAAATACGGT-1,1,54,68,3354,4579
TTCACTCGAGCACCTA-1,0,55,69,3248,4519
CTGCACTCCAGTACAG-1,0,54,70,3354,4458
CCATTTCTACCTATTA-1,0,55,71,3248,4398
CAAGCGGCACATAATT-1,0,54,72,3354,4337
GTTAACATCACTTAAA-1,0,55,73,3248,4276
ATATAAATGTAGCTGC-1,0,54,74,3353,4215
GCCTCTATACATAGCA-1,0,55,75,3248,4155
GTGTCGTATAGCGTTC-1,0,54,76,3353,4094
ATACGTACTTAGCCAC-1,0,55,77,3248,4033
GCTATCATACTCATGG-1,0,54,78,3353,3973
TATCCAATTGGTTATC-1,0,55,79,3247,3912
TCTCCCTGGGCAGCGT-1,0,54,80,3353,3851
CCTATAATGAGTGCCC-1,0,55,81,3247,3791
CAATGCGAGAAGTATC-1,0,54,82,3353,3730
TACCAATAAAGTACCA-1,0,55,83,3247,3669
GCTAGGCACCACGGAG-1,0,54,84,3353,3609
GGTGGACTGCTCTGGC-1,0,55,85,3247,3548
TATTCCGAGCTGTTAT-1,0,54,86,3352,3487
TTGAGAAGTTTAGCAT-1,0,55,87,3247,3427
GTCCGGACCTGAAATT-1,0,54,88,3352,3366
CTGTGGTCGGGAGATA-1,0,55,89,3247,3305
CATGTAAGAGACATTT-1,0,54,90,3352,3245
CACGTTTCGTACACAC-1,0,55,91,3246,3184
CATCCTCTCAAAGATC-1,0,54,92,3352,3123
GATTAACCGAAAGCCC-1,0,55,93,3246,3063
AACGCTGTTGCTGAAA-1,0,54,94,3352,3002
TTCAGCTGGCGTGCCC-1,0,55,95,3246,2941
TAGAGGTTCTACTTGT-1,0,54,96,3352,2881
GTATCAAACGTTAGCT-1,0,55,97,3246,2820
AATCATGTAAAGACTC-1,0,54,98,3352,2759
AGTCACTAGCTCTCGA-1,0,55,99,3246,2699
GCGAAACGATCGGGAG-1,0,54,100,3351,2638
CATGGATTGTCTTCCG-1,0,55,101,3246,2577
ATTGGATTACAGCGTA-1,0,54,102,3351,2517
CACACACGCTAACGAG-1,0,55,103,3246,2456
CTATGGGAAGCGGAAT-1,0,54,104,3351,2395
TGCCTAATTGAAGATT-1,0,55,105,3245,2335
TGGCAATGGGACGGCG-1,0,54,106,3351,2274
ACCTCCGCCCTCGCTG-1,0,55,107,3245,2213
CGGCAATAAGATCGCC-1,0,54,108,3351,2153
CCTTGACCACTTTATT-1,0,55,109,3245,2092
TCATTTAGAAGTGTGA-1,0,54,110,3351,2031
CAGAATAACACACGGA-1,0,55,111,3245,1971
TCTGAGCAATTGACTG-1,0,54,112,3350,1910
CAACGTGGTGGAGTCT-1,0,55,113,3245,1849
CACAGTTCGCTTCCCA-1,0,54,114,3350,1789
TCTCTCGCCGCACATA-1,0,55,115,3245,1728
TGGGCAGGCCACCGCA-1,0,54,116,3350,1667
CTCCTGTTCAAGGCAG-1,0,55,117,3244,1607
TATTTGATTTGCACAG-1,0,54,118,3350,1546
GCCACTCCTTACGGTA-1,0,55,119,3244,1485
ACCGATATTTAATCAT-1,0,54,120,3350,1425
TTATTATCTGGAAGGC-1,0,55,121,3244,1364
TACATGCCGGAATTGT-1,0,54,122,3350,1303
GGCACTCAGCCGACCC-1,0,55,123,3244,1243
AAACCGGAAATGTTAA-1,0,54,124,3349,1182
AGACAGGCATCTCAGC-1,0,55,125,3244,1121
GTGGTGATGGTTTGTG-1,0,54,126,3349,1061
CCGATATGACGTAAGG-1,0,55,127,3244,1000
CATACACAAAGTCAGC-1,0,56,0,3148,8705
TGCCGTTCTTAATCGG-1,0,57,1,3042,8645
TCGAGTCTACGATTCG-1,0,56,2,3148,8584
ACTTCCAGTGGAAGCT-1,0,57,3,3042,8523
CAATTGGGCCGCACTC-1,0,56,4,3148,8463
AAATCGCGGAAGGAGT-1,0,57,5,3042,8402
ATATCAATTCCAGCCT-1,0,56,6,3148,8341
CTTTGTCGAATGCTCC-1,0,57,7,3042,8281
TGAGGCATGTACTGTG-1,0,56,8,3147,8220
TTCGCCGCTCGCGCTA-1,0,57,9,3042,8159
GACTCCTTCCAATTGA-1,0,56,10,3147,8099
ACCGAAGAGTCTGGTT-1,0,57,11,3042,8038
TGGCATGAAGTTTGGG-1,0,56,12,3147,7977
ACGAGGTTTACAACGT-1,0,57,13,3041,7917
AACCCATCCCATGATC-1,0,56,14,3147,7856
TCGACAACTGAACCCG-1,0,57,15,3041,7795
TATCTTGCAATACAAC-1,0,56,16,3147,7735
TATTATGTTTGCCTGC-1,0,57,17,3041,7674
GTCAAAGAAGTGGTGT-1,0,56,18,3147,7613
GGGACAGAGTTACTCC-1,0,57,19,3041,7553
AGCAACCGAAAGTAAT-1,0,56,20,3146,7492
CTCTCTAACTGCCTAG-1,0,57,21,3041,7431
ATACGGAACGTCGTTT-1,0,56,22,3146,7370
TCGGTCCCGACAATAG-1,0,57,23,3041,7310
CGCGCAAATGTCCAGA-1,0,56,24,3146,7249
TCTAATACTGCCTCAG-1,0,57,25,3041,7189
CTCGGTTGTCGGCCCT-1,0,56,26,3146,7128
GGTAACCGGGAGGATA-1,0,57,27,3040,7067
CAGGCGCACGGTGGTC-1,0,56,28,3146,7006
TCATCGATGGTCCCAA-1,0,57,29,3040,6946
CAAAGATTATTGGGCC-1,0,56,30,3146,6885
ACAATGAATACGGAGA-1,0,57,31,3040,6825
GCTCCTGACATACTGG-1,0,56,32,3146,6764
GATGACAAGTAGGGCA-1,0,57,33,3040,6703
TACGCCGAGGGTACCC-1,0,56,34,3145,6642
AAGCGTCCCTCATCGA-1,0,57,35,3040,6582
CACTCCTATGTAAGAT-1,0,56,36,3145,6521
TCGAGCCAGGCAGGCC-1,0,57,37,3040,6461
TCGTCAAGTACGCGCA-1,0,56,38,3145,6400
CCCGTAGCTGGGAAGA-1,0,57,39,3039,6339
ACCCTATGCCATATCG-1,0,56,40,3145,6278
GTGGTATAGTCTGCCG-1,0,57,41,3039,6218
CCGGTTTGTAATTGTG-1,0,56,42,3145,6157
GTCGCCGTTGTGTGTT-1,0,57,43,3039,6097
TACTGAACAGATTTAG-1,0,56,44,3145,6036
TATTAACCTGACCGCG-1,0,57,45,3039,5975
CTGTAGCCATCTCACT-1,0,56,46,3144,5914
TACTATGGTTCCTCAG-1,0,57,47,3039,5854
GAGTCAGACCAGAATC-1,0,56,48,3144,5793
TAAGGCATAACATCAA-1,1,57,49,3039,5733
CTTCCGCTCCGTGAAG-1,1,56,50,3144,5672
GGGCTATGATCGATGG-1,1,57,51,3038,5611
GGTCGGTCGTCCACAG-1,1,56,52,3144,5550
GGGACCCGTATATCTT-1,1,57,53,3038,5490
GAAAGCAGTGCACTTT-1,1,56,54,3144,5429
AGCGCATAATGAATCG-1,1,57,55,3038,5369
GCTGCTAAGTAGTCGA-1,1,56,56,3144,5308
AATAGTCCGTCCCGAC-1,1,57,57,3038,5247
AGCAGCCAGATGAATA-1,1,56,58,3144,5186
CCTCGCGCTGTGCGAT-1,1,57,59,3038,5126
TTGTGTATGCCACCAA-1,1,56,60,3143,5065
TGCTCGGCGAAACCCA-1,1,57,61,3038,5004
CGATTAAATATCTCCT-1,1,56,62,3143,4944
TGCCGTGGATCGTCCT-1,1,57,63,3038,4883
GTGGACGCATTTGTCC-1,1,56,64,3143,4822
ACCCGGAAACTCCCAG-1,1,57,65,3037,4762
CCGCATGTGGTACGAT-1,1,56,66,3143,4701
GCAAACCTTGGCCATA-1,0,57,67,3037,4640
ATTCACTGATGTTGGA-1,0,56,68,3143,4580
ACTCCCTAATGCTAAA-1,0,57,69,3037,4519
TCCTAAATTGGGAAGC-1,0,56,70,3143,4458
GAACAGATTACTAAAT-1,0,57,71,3037,4398
ATACAGGCCCTCCAAT-1,0,56,72,3142,4337
CGATTCGCCTGGCTGC-1,0,57,73,3037,4276
TCCGCCTGTCTACAAG-1,0,56,74,3142,4216
CACATCTCACCGACGA-1,0,57,75,3037,4155
CGTCGTCCTTCGCGAA-1,0,56,76,3142,4094
CGTTGAATACCGCGCT-1,0,57,77,3036,4034
ACCAATATGCAAGTTA-1,0,56,78,3142,3973
ACGGATGGTGCGGATA-1,0,57,79,3036,3912
CACCCTAACAAGATCT-1,0,56,80,3142,3852
AAGCTCTTTCATGGTG-1,0,57,81,3036,3791
CATGGGTATGCCTTAT-1,0,56,82,3142,3730
GCGCGTCATTGGTACA-1,0,57,83,3036,3670
TCTGAAGCACGTGGTC-1,0,56,84,3141,3609
AAGTTCACTCCAAGCT-1,0,57,85,3036,3548
TTGGACCTATAACAGT-1,0,56,86,3141,3488
ATCAGCCTCATGCTGC-1,0,57,87,3036,3427
AGTACTCTTATGCCCA-1,0,56,88,3141,3366
GCGCTTAAATAATTGG-1,0,57,89,3036,3306
TTGTGAACCTAATCCG-1,0,56,90,3141,3245
AGTCGTCGACCACCAA-1,0,57,91,3035,3184
TCCTTTAAATCCGCTT-1,0,56,92,3141,3124
ACTGAAACGCCGTTAG-1,0,57,93,3035,3063
GCACACACTGGTAGCC-1,0,56,94,3141,3002
TAAGGGCCTGTCCGAT-1,0,57,95,3035,2942
GCTAGAGTAGAGATGT-1,0,56,96,3141,2881
CACAGGGCCATATAGT-1,0,57,97,3035,2820
CCATGCCCTAGATTTC-1,0,56,98,3140,2760
TCGCGTAGCAGTGTCC-1,0,57,99,3035,2699
GACGAGGCTAATAAAC-1,0,56,100,3140,2638
CTACACTCGCAGATGG-1,0,57,101,3035,2578
ACGCATACGTTTACTA-1,0,56,102,3140,2517
GGAGCAACATTTCAAG-1,0,57,103,3034,2456
CGAGAGGGTAGCCGCG-1,0,56,104,3140,2396
TCGTGTTCGACCACAA-1,0,57,105,3034,2335
TCTACCCAATAGAGAG-1,0,56,106,3140,2274
ATAAACGTTGCACCAC-1,0,57,107,3034,2214
TCAACTGCAGAGTCAG-1,0,56,108,3140,2153
AGCTCCATATATGTTC-1,0,57,109,3034,2092
GTAACATCTAAGATAA-1,0,56,110,3139,2032
CCGACAATAGGCCGCC-1,0,57,111,3034,1971
ATGCTTAGGAGTTGAT-1,0,56,112,3139,1910
AACCCGAGCAGAATCG-1,0,57,113,3034,1850
CGGGTTTGTTAGGGCT-1,0,56,114,3139,1789
AGGCACGTGACTGTCC-1,0,57,115,3033,1728
GACAAGAGATGAGATT-1,0,56,116,3139,1667
AGCCCTTGGACATCCC-1,0,57,117,3033,1607
GCAGTTCGATCCGAGC-1,0,56,118,3139,1546
TCGAGGGCAACAGACG-1,0,57,119,3033,1486
ACTTTGTCGACGCACT-1,0,56,120,3139,1425
GAGTATCAAAGTTACA-1,0,57,121,3033,1364
CCAGGCTGGCGTCTGA-1,0,56,122,3138,1303
GGACTCTTCCGGTTGA-1,0,57,123,3033,1243
TCCCAGCACACGACAT-1,0,56,124,3138,1182
GCTCCATGAGTGCAGA-1,0,57,125,3033,1122
GCAGTGCGGGCGGATG-1,0,56,126,3138,1061
GCGTTCTGACTAAGCG-1,0,57,127,3033,1000
ATTTGGAGATTGCGGT-1,0,58,0,2937,8706
AAGGGTTTGATTTCAG-1,0,59,1,2831,8645
CCGGCCGCGAGCATAT-1,0,58,2,2937,8584
GAGTTCTGTGGGTGCT-1,0,59,3,2831,8524
AAACGAAGATGGAGTA-1,0,58,4,2937,8463
AATTACGAGACCCATC-1,0,59,5,2831,8402
CCTTTGAATTATGGCT-1,0,58,6,2936,8341
CATGGTATTAGTTTGT-1,0,59,7,2831,8281
AACGAAAGTCGTCCCA-1,0,58,8,2936,8220
ACATAAGTCGTGGTGA-1,0,59,9,2831,8160
GCACAACCTCGGGCGT-1,0,58,10,2936,8099
ATGCACGCGCTGTTCA-1,0,59,11,2830,8038
CGATGTTGTTATCTAC-1,0,58,12,2936,7977
GTCTCCTGCCAGTATG-1,0,59,13,2830,7917
GATGCCTTCTGCGGCA-1,0,58,14,2936,7856
ACCGGTCAGGTACACC-1,0,59,15,2830,7796
GTGGAGCGTTTACCGA-1,0,58,16,2936,7735
AGGCGGTTTGTCCCGC-1,0,59,17,2830,7674
TCCCTGGCGTATTAAC-1,0,58,18,2936,7613
AAACACCAATAACTGC-1,0,59,19,2830,7553
TGGACGCAATCCAGCC-1,0,58,20,2935,7492
GGAACCTTGACTCTGC-1,0,59,21,2830,7432
GTATCTCAGTCTTGAC-1,0,58,22,2935,7371
GCTGAATCTTCCAATC-1,0,59,23,2830,7310
AGATGCAAGACGTGCA-1,0,58,24,2935,7249
TTAAGGCCCGTACTTT-1,0,59,25,2829,7189
AGTATGCTGGAGACCA-1,0,58,26,2935,7128
GCGGCAAAGTATTGCC-1,0,59,27,2829,7068
GCGCAAATATATTCAA-1,0,58,28,2935,7007
GAAGAAACGATATTGT-1,0,59,29,2829,6946
GGACCTCTAGGCCGCC-1,0,58,30,2935,6885
AACAGCTGTGTGGCAA-1,0,59,31,2829,6825
TCGAATATCCCGCAGG-1,0,58,32,2934,6764
GCGACCCAACCATCTG-1,0,59,33,2829,6704
AGAGAAGGAGTACAAT-1,0,58,34,2934,6643
GGCTCCTCCACCTGTT-1,0,59,35,2829,6582
TCAGTGTATACGTCAT-1,0,58,36,2934,6521
ATTATTATGTCCGTCA-1,0,59,37,2828,6461
TTAGGTCATAACCGAC-1,0,58,38,2934,6400
AAGATGGCACCGGACC-1,0,59,39,2828,6340
CTACAAGAAATAACCC-1,0,58,40,2934,6279
ACTATTTCCGGGCCCA-1,0,59,41,2828,6218
TTGTTTCACATCCAGG-1,0,58,42,2934,6157
CGCTGTGTGGATGTTG-1,0,59,43,2828,6097
TCAACATAGCGCCCTA-1,0,58,44,2933,6036
GGCCGTTTGGGTTTCA-1,0,59,45,2828,5975
TACTCTTTCGTCTTCA-1,0,58,46,2933,5915
TTCGCGCGCCATACGA-1,0,59,47,2828,5854
CGGAAAGAATCAAACG-1,0,58,48,2933,5793
AGGCAGGGAGCGTACT-1,0,59,49,2828,5733
CCTTTAAGGGAGCACT-1,1,58,50,2933,5672
CGCCCAGCACGCCTAG-1,1,59,51,2827,5611
AGTATTTGGCACGACC-1,1,58,52,2933,5551
TATCCGCACCGTCGGG-1,1,59,53,2827,5490
ACCCGTGTCATCAGTA-1,1,58,54,2933,5429
CAACTGCTCATCCGAT-1,1,59,55,2827,5369
CCGGAGCGTACTTTCT-1,1,58,56,2933,5308
TACCGTAGGTTAACTA-1,1,59,57,2827,5247
TGAGGAGTGCCAGCTT-1,1,58,58,2932,5187
CCAGTCTTGTCATAGA-1,1,59,59,2827,5126
GGGCAGAGCAATCGTT-1,1,58,60,2932,5065
TACCAAATAGCCCAGA-1,1,59,61,2827,5005
TACCTACTCCCAGTAT-1,1,58,62,2932,4944
TGTGAGACTAGCCCAA-1,1,59,63,2826,4883
ATACCTAACCAAGAAA-1,1,58,64,2932,4823
GTCGGGAAGCAGAAAC-1,0,59,65,2826,4762
AATTAACGGATTTCCA-1,0,58,66,2932,4701
GAACCCTCTGTGTTCT-1,0,59,67,2826,4641
ATATAAAGCGCTCGTG-1,0,58,68,2932,4580
CCTGGTCGAATGTGGG-1,0,59,69,2826,4519
CTAGGTTCGGACGTGA-1,0,58,70,2931,4459
TCGGGAGACAGCGTAC-1,0,59,71,2826,4398
CATAAGAAGCTTGGCT-1,0,58,72,2931,4337
AAGCACCCTGCGTATC-1,0,59,73,2826,4277
AGTTTGCACCTGCCTC-1,0,58,74,2931,4216
GACTGCAAATCGAGCT-1,0,59,75,2825,4155
GTGTATATCAGCGGGC-1,0,58,76,2931,4095
CTTCAACTCCACTTGG-1,0,59,77,2825,4034
ACTTACGCATCCACGC-1,0,58,78,2931,3973
CATGAGATGCACTCTC-1,0,59,79,2825,3913
GAGCACCTGTGTCCAG-1,0,58,80,2931,3852
CGCGACCGCGACAGAT-1,0,59,81,2825,3791
GTCCCGCGACGTTATG-1,0,58,82,2930,3731
GCAGTGTGGCTATAGG-1,0,59,83,2825,3670
ATACTGCCTTACACCG-1,0,58,84,2930,3609
TACAGAAACGGTGGGC-1,0,59,85,2825,3549
GGCGCGGAGATCTTTC-1,0,58,86,2930,3488
CGTTAATGTCCCGACG-1,0,59,87,2825,3427
GCTAACTGAAGTCTGA-1,0,58,88,2930,3367
AGTGATAACCTGCGCG-1,0,59,89,2824,3306
TATGATCTTCTCTTTA-1,0,58,90,2930,3245
TGTACCTACACGAGGG-1,0,59,91,2824,3185
ATATCGTTCCTCGAAC-1,0,58,92,2930,3124
CGGCGCCATCAATCCC-1,0,59,93,2824,3063
CCTGTTTGAAGACACG-1,0,58,94,2930,3003
GCCACTCAGAGCGCGA-1,0,59,95,2824,2942
TCGGCTTGTATCGACG-1,0,58,96,2929,2881
TAGATGGTTCCTTACT-1,0,59,97,2824,2821
ATCGTTAGCTAGCGGA-1,0,58,98,2929,2760
ACAGCGACATTCTCAT-1,0,59,99,2824,2699
ATTCAACCATTTAAGG-1,0,58,100,2929,2638
CACTCTTCTGCTAGCC-1,0,59,101,2823,2578
CTAACTGATAATCGCC-1,0,58,102,2929,2517
TGATGTCAATTAAGTG-1,0,59,103,2823,2457
CGCCGTTCAGCATAGT-1,0,58,104,2929,2396
ATACTACCCGTACCAC-1,0,59,105,2823,2335
CCACTGTTTGGATTAA-1,0,58,106,2929,2274
CACTACGGGAGCTGCC-1,0,59,107,2823,2214
GACCAAACGTTGACTG-1,0,58,108,2928,2153
AAGAGGCCCTTTGGAA-1,0,59,109,2823,2093
ACACGTAGGCCACAAG-1,0,58,110,2928,2032
TACTCTTACTTTACTG-1,0,59,111,2823,1971
AGAGCCGCCGAGATTT-1,0,58,112,2928,1910
GGCCTGCTTCTCCCGA-1,0,59,113,2823,1850
TCAAGCGCGGACGGTA-1,0,58,114,2928,1789
ACACTGGGACAGTCGT-1,0,59,115,2822,1729
TGTGTAGTAGCACGTG-1,0,58,116,2928,1668
CTAGCCACAGGCGAGC-1,0,59,117,2822,1607
CTATCGCGTAGAGAAC-1,0,58,118,2928,1546
GTTCCCGTAAACATAT-1,0,59,119,2822,1486
TCTTTCCTTCGAGATA-1,0,58,120,2928,1425
ATATTGGAGAGGCCTT-1,0,59,121,2822,1365
AGGCGATAACTGGCGT-1,0,58,122,2927,1304
ACCCGGAGCACCACAA-1,0,59,123,2822,1243
TGAGCTCAACTGTATA-1,0,58,124,2927,1182
ACGACCCATGAGTTGC-1,0,59,125,2822,1122
CGGTCAGTCCATATTT-1,0,58,126,2927,1061
TCCGGCTGTCGGGTCG-1,0,59,127,2821,1001
ATTCCCGAAGGTACAG-1,0,60,0,2726,8706
CTAACAGCACAATAAC-1,0,61,1,2620,8645
TTGTGCGGAAGCGGAT-1,0,60,2,2726,8584
GGGCACTATTGACCAT-1,0,61,3,2620,8524
CCATAGAGGCTGCCAG-1,0,60,4,2725,8463
CCGAAGCATTGACCAA-1,0,61,5,2620,8403
TACTGAGGGAAGAAAG-1,0,60,6,2725,8342
TATGTAGAAACCCGGC-1,0,61,7,2620,8281
TGGTTAACTTACATTT-1,0,60,8,2725,8220
AGAACCCTCAATTGGG-1,0,61,9,2620,8160
CCTATATCGTGTCACG-1,0,60,10,2725,8099
ACGGCTGGATGTAGAA-1,0,61,11,2619,8039
CTCGCATTGCATAGCC-1,0,60,12,2725,7978
ACTTTGGTCGTGCTCC-1,0,61,13,2619,7917
GCTGGTTTAGGCCATA-1,0,60,14,2725,7856
TGTCGTTATCACATAT-1,0,61,15,2619,7796
ACACATGATCAAATCT-1,0,60,16,2725,7735
TATCCATCTCGGTTAG-1,0,61,17,2619,7675
CTCGTCGAGGGCTCAT-1,0,60,18,2724,7614
ATCAATGCCGTGGCTG-1,0,61,19,2619,7553
GAAACATAGGAAACAG-1,0,60,20,2724,7492
TAATAGGTCACCAGAA-1,0,61,21,2619,7432
CACCAGTCAGCATGCA-1,0,60,22,2724,7371
GAGCGCTGTTAGGTAA-1,0,61,23,2618,7311
CCCTATGTAGAGCAGA-1,0,60,24,2724,7250
GATCGCTATATCTCAG-1,0,61,25,2618,7189
AAGGGACTATGCATTC-1,0,60,26,2724,7128
CTCGGGTTCTCTGGCC-1,0,61,27,2618,7068
TATATATCGAGAAATG-1,0,60,28,2724,7007
ACCCGAGCGAAATTAC-1,0,61,29,2618,6946
TTGTTTCATTAGTCTA-1,0,60,30,2723,6886
ATGGGACCTGCTGAAC-1,0,61,31,2618,6825
TGCGACGGCCGAACGT-1,0,60,32,2723,6764
AGCTAACAAGCAATGT-1,0,61,33,2618,6704
CGTGTCTCGTTACGAC-1,0,60,34,2723,6643
CTAAATCCGGTGTACA-1,0,61,35,2617,6582
GAATAGTGCTCGATTA-1,0,60,36,2723,6522
AACAATACATTGTCGA-1,0,61,37,2617,6461
CACATCGTGCACGCGC-1,0,60,38,2723,6400
ACCGTGACCACGTGGG-1,0,61,39,2617,6340
CCCAATGAGATTTGCA-1,0,60,40,2723,6279
TCAGCAGTAGGCCCTG-1,0,61,41,2617,6218
CTACTCAAGGTATAGT-1,0,60,42,2722,6158
TAGTAGCTTATACCAG-1,0,61,43,2617,6097
ACGTTCGTTCAGGAAA-1,0,60,44,2722,6036
TTAGAATAAGGGTCGG-1,0,61,45,2617,5976
TTCTAGAAAGTCTTAT-1,0,60,46,2722,5915
CCTTCAGTTAAAGTGA-1,0,61,47,2617,5854
TAGCTAGTGATGATGG-1,0,60,48,2722,5794
AGCCCGGTAGCCTGTA-1,0,61,49,2616,5733
TACCTCAGTTGTCTGT-1,0,60,50,2722,5672
GACGGGTTGGCCCGTA-1,0,61,51,2616,5612
GAAACCTATACAAATG-1,0,60,52,2722,5551
TCCACCTCTAGCCTTT-1,0,61,53,2616,5490
AAGACCCAACTGAACA-1,0,60,54,2722,5430
CATACACGGTTCCCAC-1,0,61,55,2616,5369
ACTACGCGTTAGAATT-1,1,60,56,2721,5308
CTTGGCCAAGCTGGGA-1,0,61,57,2616,5248
TTACCCTAGGGATTGG-1,1,60,58,2721,5187
TTCGCACTGTACGACA-1,0,61,59,2616,5126
TAGGTGTTCCACAGAT-1,1,60,60,2721,5066
GAAGCCTGCACATTCC-1,0,61,61,2615,5005
GGCTTTCAATAAGGGT-1,1,60,62,2721,4944
TCCAGGGTATATACGA-1,0,61,63,2615,4884
CTCGCCGAATGTAGGG-1,1,60,64,2721,4823
AGGAAGCTGTCCGCCG-1,0,61,65,2615,4762
GTCTCAAGGCCCGGCT-1,0,60,66,2721,4702
ACCGACACATCTCCCA-1,0,61,67,2615,4641
TATACGCGTCATCACT-1,0,60,68,2720,4580
ATCTGGGCTGTTCTTG-1,0,61,69,2615,4520
TCAAATTTGAGACTCA-1,0,60,70,2720,4459
GTTAAGGGTGCGATGT-1,0,61,71,2615,4398
AGCAAAGGCCGCTAGT-1,0,60,72,2720,4338
TTATAGGTAATTGTCT-1,0,61,73,2614,4277
TTGTGCAGCCACGTCA-1,0,60,74,2720,4216
ACGGACTCTCAAAGCG-1,0,61,75,2614,4156
ATGCTCTGGCGCGGTA-1,0,60,76,2720,4095
ATAATCTTGGAGAACC-1,0,61,77,2614,4034
CTCATTGCTCTAACAA-1,0,60,78,2720,3974
TAGGTGACGATAACCT-1,0,61,79,2614,3913
CGGATCCTCAAGGACT-1,0,60,80,2720,3852
GGGCGTGGTTTCCCAG-1,0,61,81,2614,3792
TGGCTATGTGACATAC-1,0,60,82,2719,3731
CTTAGTGTAGTAGCAT-1,0,61,83,2614,3670
GGATTGCTGTGACTCC-1,0,60,84,2719,3609
ACTTCCATGCGGGACA-1,0,61,85,2614,3549
ACTCAAGTGCAAGGCT-1,0,60,86,2719,3488
ACAAGGATGCTTTAGG-1,0,61,87,2613,3428
TTGAACGACGTGCTGA-1,0,60,88,2719,3367
ATTCATCGTTGAGGCA-1,0,61,89,2613,3306
TGCAACCCATCTGCGG-1,0,60,90,2719,3245
AGTGCTAAACACAGCA-1,0,61,91,2613,3185
AACTCCAGAGCGTGTT-1,0,60,92,2719,3124
TCTCCACAAGTTGAAT-1,0,61,93,2613,3064
CTTTGCATCGCTCTTG-1,0,60,94,2718,3003
TCACAAACCGAGGTAC-1,0,61,95,2613,2942
CCGTAGGAAATCCCTG-1,0,60,96,2718,2881
AAACATTTCCCGGATT-1,0,61,97,2613,2821
GCCTCCGACAATTCAC-1,0,60,98,2718,2760
TCTGCATACCTTGCTT-1,0,61,99,2612,2700
ACCCATTTGTCCCTCT-1,0,60,100,2718,2639
CTGCAGAGAATCAGAG-1,0,61,101,2612,2578
GGAAACTAAATGGGCC-1,0,60,102,2718,2517
CAACCTACCGAGCAGT-1,0,61,103,2612,2457
CCGTAGGGTTGTTTAC-1,0,60,104,2718,2396
GGTTTGTGACCTGAGG-1,0,61,105,2612,2336
TAACCTAGGGAGTCCA-1,0,60,106,2717,2275
TTCCATCGACAGCGTG-1,0,61,107,2612,2214
ATCTCCCACGGAATAT-1,0,60,108,2717,2153
GTTTCAAACGAGTTGT-1,0,61,109,2612,2093
GGAACTTTGGCGATTA-1,0,60,110,2717,2032
CTGCAAGCACGTTCCG-1,0,61,111,2612,1972
CACAGTCCCGCTTCGC-1,0,60,112,2717,1911
TACGCTCGGTATTGGA-1,0,61,113,2611,1850
CTGGTAAAGTGTGGGC-1,0,60,114,2717,1789
CAACCAGTGGCCTACC-1,0,61,115,2611,1729
TCTTCGCGGTGAGAGG-1,0,60,116,2717,1668
TTCGGGTTGCCACGGG-1,0,61,117,2611,1608
ACCGATAGGCATAACC-1,0,60,118,2717,1547
CTTATAGATGGCTGTT-1,0,61,119,2611,1486
AGACGCCCACTTCGCC-1,0,60,120,2716,1425
AGGTCGCCTCCCAACA-1,0,61,121,2611,1365
CCTCACGTCAGCTAAT-1,0,60,122,2716,1304
CCACCTGTATGGAATA-1,0,61,123,2611,1243
GGACTCGAAGCTTTCA-1,0,60,124,2716,1183
AAGCCGGAGAGCAGGA-1,0,61,125,2610,1122
GCCTATCAGGTAAGAT-1,0,60,126,2716,1061
TCAGAGTGTGAGCATG-1,0,61,127,2610,1001
AAACATGGTGAGAGGA-1,0,62,0,2515,8706
ATCATTGTACCGCATT-1,0,63,1,2409,8646
TCAGCTTGAGCTTTCG-1,0,62,2,2514,8585
CCGCGCAAGATACCCA-1,0,63,3,2409,8524
CTATACTTAAAGCGAG-1,0,62,4,2514,8463
ACCGTCCACTGGGCCC-1,0,63,5,2409,8403
AAGACCAAATAACTCA-1,0,62,6,2514,8342
TGTTTCTGAAGCGTGC-1,0,63,7,2409,8282
TTCTCTTACAGGTGAT-1,0,62,8,2514,8221
AATTCATTGTCATGCA-1,0,63,9,2408,8160
GCCCGAGAGTCTAAAT-1,0,62,10,2514,8099
ATATAGAGTATTGGTC-1,0,63,11,2408,8039
TTGAAGGATGGGCGCC-1,0,62,12,2514,7978
TAGTACCACAACTTTC-1,0,63,13,2408,7917
ATCCCATCCACAGCGC-1,0,62,14,2514,7857
CTTAGGTATAGACCAG-1,0,63,15,2408,7796
TGACTCCGAATCATAC-1,0,62,16,2513,7735
ACTACATCCCGACAAG-1,0,63,17,2408,7675
TTGCCGCAGACCTACA-1,0,62,18,2513,7614
TAAGAGGGACAGGGAC-1,0,63,19,2408,7553
CGAATGAAGTCATTGC-1,0,62,20,2513,7493
AAGGGAACGACTGGCT-1,0,63,21,2407,7432
CGAATCTGCTCGACGC-1,0,62,22,2513,7371
ATCGTGGAAAGTCTGG-1,0,63,23,2407,7311
CCTATGGCTCCTAGTG-1,0,62,24,2513,7250
CGTCGCTTGGTTATAC-1,0,63,25,2407,7189
TGCTTAGAGAGAATGC-1,0,62,26,2513,7129
GATTGCTCCAGTTGCA-1,0,63,27,2407,7068
CGTGCTTCTACCTAAA-1,0,62,28,2512,7007
ACTCCAATATCATCAT-1,0,63,29,2407,6947
GCCGACCCACGACTGC-1,0,62,30,2512,6886
GAGGGTAGTAACAAAG-1,0,63,31,2407,6825
GGCCGAGACTCTGGTG-1,0,62,32,2512,6765
TATATAGGGCTTTACG-1,0,63,33,2406,6704
TGCCGGATGTACGAGC-1,0,62,34,2512,6643
AGGTAGATCGAGATAT-1,0,63,35,2406,6583
GATCAACATAAAGGGA-1,0,62,36,2512,6522
TAACAGCGTTTGTGCT-1,0,63,37,2406,6461
CTATAGGCGTTGATGT-1,0,62,38,2512,6401
GGTTTAATTACCATCG-1,0,63,39,2406,6340
CTCTTCTGGAAGTTAG-1,0,62,40,2512,6279
ATCTGACATGGAAGGA-1,0,63,41,2406,6219
TACGTACTAGTGCTGA-1,0,62,42,2511,6158
ATGACTATCAGCTGTG-1,0,63,43,2406,6097
CTTTGGGATTGTTGCA-1,0,62,44,2511,6037
AGACTGTTACCGGGTC-1,0,63,45,2406,5976
TCCTAACCGTCGGGCA-1,0,62,46,2511,5915
ACGCAAACTAATAGAT-1,0,63,47,2405,5855
AAGTGAGTCGGGTTTA-1,0,62,48,2511,5794
TAAAGCGGTATTTCCA-1,0,63,49,2405,5733
CTCCTCCAGCTCACAC-1,0,62,50,2511,5673
CGGTCCGTCGCAAGCC-1,0,63,51,2405,5612
CCTATATTTGTCCTGG-1,0,62,52,2511,5551
TCCAATAAAGGCTACC-1,0,63,53,2405,5491
AAAGGCTACGGACCAT-1,0,62,54,2510,5430
CGTGACCAGTCCTCTG-1,0,63,55,2405,5369
GATCTGCTATCTAAGG-1,0,62,56,2510,5309
CGAATGACGCATAATG-1,0,63,57,2405,5248
GCTCAATGTAATACCG-1,0,62,58,2510,5187
CTATGCCCGAATGCAA-1,0,63,59,2404,5127
CACAGGGCCGTTGTCA-1,0,62,60,2510,5066
TCAATACGCCGTCATG-1,0,63,61,2404,5005
AGCGGACACTTCGTAG-1,0,62,62,2510,4945
ATACGTTATGCACGGA-1,0,63,63,2404,4884
GAGTAGATACTAGTTG-1,0,62,64,2510,4823
CCAGCTCGAACGCATT-1,0,63,65,2404,4763
TGCTTCCCAAGCAGTA-1,0,62,66,2509,4702
GTAGACACGCCTGACT-1,0,63,67,2404,4641
CTCACATTTACTAAAT-1,0,62,68,2509,4580
GAATGCGAATCGGTTC-1,0,63,69,2404,4520
TAAGGCCCGTCACCCT-1,0,62,70,2509,4459
GAGTATGCGCGTGCAT-1,0,63,71,2404,4399
ATCCACATCGACAGAA-1,0,62,72,2509,4338
TAGACGAAACGCCAAT-1,0,63,73,2403,4277
CAGCAGTCTGTGCTGC-1,0,62,74,2509,4216
CTCACTGTGATACTTA-1,0,63,75,2403,4156
TTAATTGCTTTGGGTG-1,0,62,76,2509,4095
GTAGTCTACGATATTG-1,0,63,77,2403,4035
TTGCCGCTTTCTAGTA-1,0,62,78,2509,3974
GAACCTTTAACGATCC-1,0,63,79,2403,3913
TGGACCAATCTAAGAT-1,0,62,80,2508,3852
CTAGTAGAAAGGGATT-1,0,63,81,2403,3792
AACCTCGCTTTAGCCC-1,0,62,82,2508,3731
GAGTGTCAACCAGAAA-1,0,63,83,2403,3671
GTGATCCTTGTCATGA-1,0,62,84,2508,3610
CTCAACTAACCCGGAT-1,0,63,85,2402,3549
AGTGGCGTCTGAAGGT-1,0,62,86,2508,3488
GGGAAGGGCTTTCTCA-1,0,63,87,2402,3428
AGGCCTGAGAATCTCG-1,0,62,88,2508,3367
AGCCACAGGTTACCCG-1,0,63,89,2402,3307
TGCAATCTAACACGGT-1,0,62,90,2508,3246
GTTTGGGTTTCGCCCG-1,0,63,91,2402,3185
CCTATGTCCACTCCAC-1,0,62,92,2507,3124
CTGCCTTTCTAGTAAA-1,0,63,93,2402,3064
TTAGTAAACCTGCTCT-1,0,62,94,2507,3003
TTGTGGTGGTACTAAG-1,0,63,95,2402,2943
CCTCCTGTTGTGTCGT-1,0,62,96,2507,2882
ACAAAGCATGACCTAG-1,0,63,97,2401,2821
ATAGCAACTAGGGAAG-1,0,62,98,2507,2760
CCGCTCTTCCGAACTA-1,0,63,99,2401,2700
TAGAATAGCCGATGAA-1,0,62,100,2507,2639
GGTCTCCGTCCAGGTT-1,0,63,101,2401,2578
TAATTACGTCAGTAGA-1,0,62,102,2507,2518
TACGTAAAGCGGAGTG-1,0,63,103,2401,2457
GCTACAATCGAGGATA-1,0,62,104,2507,2396
TCAGCCAATCCGTAAA-1,0,63,105,2401,2336
ATCATAGCCCTATGTA-1,0,62,106,2506,2275
GAGGCCTGTTGATACA-1,0,63,107,2401,2214
ATATACGCTCGTGACG-1,0,62,108,2506,2154
CCCTTTAATGGAGTTC-1,0,63,109,2401,2093
TTACACGATCTGCGAC-1,0,62,110,2506,2032
TCGCATAAAGGGCGCA-1,0,63,111,2400,1972
TGTAGCCATCCCATTC-1,0,62,112,2506,1911
GGGTCTATCGCTTTCC-1,0,63,113,2400,1850
GGAGGGTCAAGTAAGA-1,0,62,114,2506,1790
TACGGCATGGACGCTA-1,0,63,115,2400,1729
CACGTCAATCAATGGA-1,0,62,116,2506,1668
CGCTTGGACGGATAGA-1,0,63,117,2400,1608
CGCGGTACGGTATACA-1,0,62,118,2505,1547
CCTACTCAACACGATT-1,0,63,119,2400,1486
CGTTTGGTGTTGTGGG-1,0,62,120,2505,1426
GTTGTTGCAAGATGGC-1,0,63,121,2400,1365
CATTCGTCGTAGCGGT-1,0,62,122,2505,1304
CAGCCTCGATAGCGGT-1,0,63,123,2399,1244
TCATAAGTCCAAGAAG-1,0,62,124,2505,1183
AAAGTGCCATCAATTA-1,0,63,125,2399,1122
GTTGCAGTCGACAACA-1,0,62,126,2505,1062
TAAATGGGCTACTGAG-1,0,63,127,2399,1001
GGACAAGCCATGATCG-1,0,64,0,2304,8706
TCCAATGCGTCGCCGC-1,0,65,1,2198,8646
AAAGAATGACCTTAGA-1,0,64,2,2303,8585
CCTATTATTCCGGCCG-1,0,65,3,2198,8524
CAGTAAGGGACGTCTC-1,0,64,4,2303,8464
GGGATGGACCCGCGTC-1,0,65,5,2198,8403
GACGCATACCCGTCGG-1,0,64,6,2303,8342
GGGCAGGATTTCTGTG-1,0,65,7,2197,8282
TATCTGAGCCGATATT-1,0,64,8,2303,8221
AATGTATGGCACTGTA-1,0,65,9,2197,8160
GCCTTTGTCAGTGGAC-1,0,64,10,2303,8100
AACCATAGGGTTGAAC-1,0,65,11,2197,8039
AAACTTAATTGCACGC-1,0,64,12,2303,7978
TAGGCGGCTGCAAAGA-1,0,65,13,2197,7918
TCCATCAATACTAATC-1,0,64,14,2302,7857
ACCTCGAACTTATGCT-1,0,65,15,2197,7796
ACAAACCATGCGTCCT-1,0,64,16,2302,7736
ACACCGGTCTGACCGC-1,0,65,17,2197,7675
ATGGCAGCATTACGAT-1,0,64,18,2302,7614
CTGGTGAATGGGCCTA-1,0,65,19,2196,7554
CACAGAGACGAGGACG-1,0,64,20,2302,7493
GCACAAACCCTAGATG-1,0,65,21,2196,7432
ACTATGTCCAGCTGCC-1,0,64,22,2302,7372
AAGCCGCCGTGAAATC-1,0,65,23,2196,7311
ATGGGTGTATACCTCC-1,0,64,24,2302,7250
TAAGCGCGAATCAAAT-1,0,65,25,2196,7190
AGCCCGGCATTAGAGG-1,0,64,26,2301,7129
GTGATCAAGCGTGCAC-1,0,65,27,2196,7068
CTGCCTTTAATACCTT-1,0,64,28,2301,7008
TACCTCCACACCAATG-1,0,65,29,2196,6947
GAGCATCAACAACTTG-1,0,64,30,2301,6886
CATACGAACTAGCTGG-1,0,65,31,2196,6826
GGGAACGGTTTCAGAT-1,0,64,32,2301,6765
AGGGTGCCGTTCTTTA-1,0,65,33,2195,6704
ACGACTGGTCATACTC-1,0,64,34,2301,6644
GGATCTTACTGCCCTT-1,0,65,35,2195,6583
TACTCCTCTAGTTGAC-1,0,64,36,2301,6522
GTAGCTCCGGGAGGCT-1,0,65,37,2195,6462
GGACTCGTGAGTGGTC-1,0,64,38,2301,6401
GTAGTTCGAAGGCGAA-1,0,65,39,2195,6340
CTCAAACCACTGCCCG-1,0,64,40,2300,6280
GAGGGAGTCAGATCGC-1,0,65,41,2195,6219
GCGTCCCTAAGACATA-1,0,64,42,2300,6158
TCTCTTACCGCGAACC-1,0,65,43,2195,6098
GGCTACTATACACTCC-1,0,64,44,2300,6037
CGTTGCCCGCGTGGGA-1,0,65,45,2194,5976
TATAGAGTCGCTTGAA-1,0,64,46,2300,5916
ATGTTGTAGTCTGTTT-1,0,65,47,2194,5855
AGTATACACAGCGACA-1,0,64,48,2300,5794
TGTGGTTGCTAAAGCT-1,0,65,49,2194,5734
TGATTCCCGGTTACCT-1,0,64,50,2300,5673
CACTGACGATTGTGGA-1,0,65,51,2194,5612
AACATTGTGACTCGAG-1,0,64,52,2299,5551
GTCCAATATTTAGCCT-1,0,65,53,2194,5491
GCTCTTTCCGCTAGTG-1,0,64,54,2299,5430
GGGTCAGGAGCTAGAT-1,0,65,55,2194,5370
AGGTGGTGACCTTCGC-1,0,64,56,2299,5309
CCCGGGTCGTTCAGGG-1,0,65,57,2193,5248
AGCCAAGCTTTGTGTC-1,0,64,58,2299,5187
TGTGGCGGGCTTCTGG-1,0,65,59,2193,5127
CGAGGGTATCCAGGTG-1,0,64,60,2299,5066
CGTTCAGACCCGCGAA-1,0,65,61,2193,5006
TCATATGAGCTTTGTT-1,0,64,62,2299,4945
AGTTGACGGTCCTTGC-1,0,65,63,2193,4884
ATAATTAGCTAAGTAG-1,0,64,64,2299,4823
GGTCTTGAGCGCTCTT-1,0,65,65,2193,4763
CGTTGTCGGCAATTGA-1,0,64,66,2298,4702
TCTTGCTCCCGATACT-1,0,65,67,2193,4642
AGCAGAAGGAGAAAGA-1,0,64,68,2298,4581
GAAGCCACTGATTATG-1,0,65,69,2193,4520
TGCTCTTGAGAGTTTG-1,0,64,70,2298,4459
GACATCCGTCGAACTG-1,0,65,71,2192,4399
AGATATAATACGACTA-1,0,64,72,2298,4338
TCGCTACTGGCTTTGA-1,0,65,73,2192,4278
GTGACAGCTTCCCACT-1,0,64,74,2298,4217
GTGACGCAGGTTTCAT-1,0,65,75,2192,4156
GGGAAGACGGTCTGTC-1,0,64,76,2298,4095
CGTCGCATGTGAGCCA-1,0,65,77,2192,4035
AGAAGGTTGTAGGTCG-1,0,64,78,2297,3974
GGCCGGCGTCTGCTAT-1,0,65,79,2192,3914
TTGACCAGGAACAACT-1,0,64,80,2297,3853
AGTCGTATAAAGCAGA-1,0,65,81,2192,3792
GGCGTAGGGAAAGCTG-1,0,64,82,2297,3731
AAACCTAAGCAGCCGG-1,0,65,83,2191,3671
ATTGCCTTTATGTTTG-1,0,64,84,2297,3610
CAGGCAGTCTTACCAG-1,0,65,85,2191,3549
AGCTAAGTACGCAGGC-1,0,64,86,2297,3489
AAATCCGATACACGCC-1,0,65,87,2191,3428
CGAGAGCTTTCACTAC-1,0,64,88,2297,3367
CGCCCAGCGTTTCACG-1,0,65,89,2191,3307
TTAAGTATTGTTATCC-1,0,64,90,2296,3246
AAACGGGCGTACGGGT-1,0,65,91,2191,3185
GTATCCTTTGGTAACC-1,0,64,92,2296,3125
CATAGTCAAATACATA-1,0,65,93,2191,3064
TCTATGCTATAACGAC-1,0,64,94,2296,3003
ACGTTCTGTACAAGTC-1,0,65,95,2191,2943
CGCGAAGTGGCATACT-1,0,64,96,2296,2882
ACCAACCGCACTCCAC-1,0,65,97,2190,2821
GTCATGCGCGAGGGCT-1,0,64,98,2296,2761
TAGGCTAAAGTGGCAC-1,0,65,99,2190,2700
TGGCTACACTCTACCT-1,0,64,100,2296,2639
TGTCCACGGCTCAACT-1,0,65,101,2190,2579
AATTGCAGCAATCGAC-1,0,64,102,2296,2518
GTCAACCAGGCCTATA-1,0,65,103,2190,2457
ATCTTATCGCACACCC-1,0,64,104,2295,2397
GTCTATTGCATGCTCG-1,0,65,105,2190,2336
GCACGTGGTTTACTTA-1,0,64,106,2295,2275
ATTCGCGCCTTGAGAG-1,0,65,107,2190,2215
AGCGATGCGCCTAATA-1,0,64,108,2295,2154
TCTATAGGTGGGTAAT-1,0,65,109,2189,2093
AGATACCAATAGAACC-1,0,64,110,2295,2033
CGTGTATGGGAGCTGA-1,0,65,111,2189,1972
ATGTACATGCGGTGAG-1,0,64,112,2295,1911
TTGGCTCAATATGTGT-1,0,65,113,2189,1851
GTTCGGAGCACTCAAC-1,0,64,114,2295,1790
TCCCTCTTCTCAAGGG-1,0,65,115,2189,1729
TTACGTATCTATGACA-1,0,64,116,2294,1669
CCCATATAGGTCGATT-1,0,65,117,2189,1608
GTCCACGTCGCATTCG-1,0,64,118,2294,1547
AATTGTGGTTGCCAAA-1,0,65,119,2189,1487
AGGAACGAACGACTTC-1,0,64,120,2294,1426
TAATTCCAATGCTTCA-1,0,65,121,2188,1365
AGGGCCCTAATGTTCT-1,0,64,122,2294,1305
AGGTGTTGCCGACCAC-1,0,65,123,2188,1244
CTGAGAGTAGAAATAC-1,0,64,124,2294,1183
TAGAAGAAGGGTTACA-1,0,65,125,2188,1123
GGTGACTGATAGAGAG-1,0,64,126,2294,1062
TACCCTCGGTAACCCT-1,0,65,127,2188,1001
TGTAAGACTGATAAGA-1,0,66,0,2092,8707
GTCACTCATGAGCGAT-1,0,67,1,1987,8646
CGGTTTACTGAACATT-1,0,66,2,2092,8585
GAGATCGATCTTACTC-1,0,67,3,1987,8525
TCTTTCATCCGTCCTT-1,0,66,4,2092,8464
TCGGATCTGGATGACC-1,0,67,5,1986,8403
GTCCTAGGATACCTTA-1,0,66,6,2092,8343
TGTACCCGACCCTAAT-1,0,67,7,1986,8282
AGGTTCTCCTTTCCGG-1,0,66,8,2092,8221
AATTGCGTGGATTACA-1,0,67,9,1986,8161
CGATAGCGATACAGTG-1,0,66,10,2092,8100
CGCCCTAATTGTTCAA-1,0,67,11,1986,8039
ATTATGAGACCCAATT-1,0,66,12,2091,7979
CCTCCTAGCTAGAGTC-1,0,67,13,1986,7918
CGAAGGGTTTCAGATT-1,0,66,14,2091,7857
CACAAGCTAAGAAAGG-1,0,67,15,1986,7797
CACCGGTAGAGACATT-1,0,66,16,2091,7736
ACTCATGGCAGCCTTC-1,0,67,17,1985,7675
CATCCAATATAGTTTG-1,0,66,18,2091,7615
CAGATATGAAGATGAC-1,0,67,19,1985,7554
GCAAAGGGCGTTAGCC-1,0,66,20,2091,7493
CTGTTGTTCAGTCGTA-1,0,67,21,1985,7433
AAAGGCCCTATAATAC-1,0,66,22,2091,7372
AACATTGAAGTTGATC-1,0,67,23,1985,7311
GCTAGCGATAGGTCTT-1,0,66,24,2091,7251
ATTGCCTATTAGACCG-1,0,67,25,1985,7190
GGGCGTTTACATTCAT-1,0,66,26,2090,7129
CCTCTACAAGGATTGG-1,0,67,27,1985,7069
AGTGACTGTGACACAA-1,0,66,28,2090,7008
AGCCCTCCCTGGTGGC-1,0,67,29,1985,6947
CGGTTGAGTATCCTTC-1,0,66,30,2090,6886
CATTATCCCATTAACG-1,0,67,31,1984,6826
AATGTGCTAATCTGAG-1,0,66,32,2090,6765
CTTAGTTGAGGAATCG-1,0,67,33,1984,6705
CTTCTGGGCGTACCTA-1,0,66,34,2090,6644
AGTCAAATGATGTGAT-1,0,67,35,1984,6583
TGAACAAGCAGGGACT-1,0,66,36,2090,6522
AATACCGGAGGGCTGT-1,0,67,37,1984,6462
GTTTGGTGATCGGTGC-1,0,66,38,2089,6401
GACTGCTGGTGAGAAA-1,0,67,39,1984,6341
CGATCCTCGCAACATA-1,0,66,40,2089,6280
CCAACCTTATGTAACT-1,0,67,41,1984,6219
CGTGGTACCCAAAGGC-1,0,66,42,2089,6158
AACCCGACAACCCGTG-1,0,67,43,1983,6098
TATGTAAAGTGCTTAA-1,0,66,44,2089,6037
GCAAGTGTAAAGCATG-1,0,67,45,1983,5977
GTAACTGCCCAAGGAG-1,0,66,46,2089,5916
GGTGCATAAATGATTA-1,0,67,47,1983,5855
TAGTCCCGGAGACCAC-1,0,66,48,2089,5794
CGGCCAGAGCGACCAT-1,0,67,49,1983,5734
TGAATGAGTGTTTCCC-1,0,66,50,2088,5673
TTCACTTCCTAGAACG-1,0,67,51,1983,5613
CGCTTAGTATTGATAC-1,0,66,52,2088,5552
AACGCGACCTTGGGCG-1,0,67,53,1983,5491
GTGCACCAGCTTCAAC-1,0,66,54,2088,5430
TTCTATTAAACGCAGC-1,0,67,55,1983,5370
TGGCAAGCACAAGTCG-1,0,66,56,2088,5309
ATCTGCTGTTATCGCC-1,0,67,57,1982,5249
AATTCCAAGCATGTAC-1,0,66,58,2088,5188
AAACGGTTGCGAACTG-1,0,67,59,1982,5127
GAAGGAGTCGAGTGCG-1,0,66,60,2088,5066
GGCAAGCCCATAGTGG-1,0,67,61,1982,5006
TGACCAAATCTTAAAC-1,0,66,62,2088,4945
TTCGGTACTGTAGAGG-1,0,67,63,1982,4885
ATGTACGATGACGTCG-1,0,66,64,2087,4824
ATCTAGCTTGTGAGGG-1,0,67,65,1982,4763
AGCGGGTCTGACACTC-1,0,66,66,2087,4702
GAGGTACGCGTGTCCC-1,0,67,67,1982,4642
GCACTGCCTACCTTTA-1,0,66,68,2087,4581
GGAGCGAGGCCTACTT-1,0,67,69,1981,4520
AAACTCGGTTCGCAAT-1,0,66,70,2087,4460
GGCGCTTCATTCCCTG-1,0,67,71,1981,4399
TGCTCGGTGGGTCACC-1,0,66,72,2087,4338
AAGCGCAGGGCTTTGA-1,0,67,73,1981,4278
GACCTTCCACGTCTAC-1,0,66,74,2087,4217
GTTAGCCCATGACATC-1,0,67,75,1981,4156
AATTCGATTCGAGGAT-1,0,66,76,2086,4096
AGTCTTTAAAGTGTCC-1,0,67,77,1981,4035
GACTAGGCCGTTAGGT-1,0,66,78,2086,3974
TCCAAGCCTAGACACA-1,0,67,79,1981,3914
GATTGGGAAAGGTTGT-1,0,66,80,2086,3853
GATGAGGAACCTTCGG-1,0,67,81,1980,3792
TGAATACCGACGCGTA-1,0,66,82,2086,3732
AATCGTGAGCCGAGCA-1,0,67,83,1980,3671
GCGAAGAATCTGACGG-1,0,66,84,2086,3610
GAACAACTGGGATGAA-1,0,67,85,1980,3550
TCGCCGACATATTCGC-1,0,66,86,2086,3489
CGTAGAGAGTAATTAT-1,0,67,87,1980,3428
CGATAGTCGTACTGCA-1,0,66,88,2085,3368
CGCATGCCGAATGCGT-1,0,67,89,1980,3307
CTCTAGCCCTCGGAAA-1,0,66,90,2085,3246
TCCAACTCAGCTATCT-1,0,67,91,1980,3186
GTCTAGTGAGCCGCTT-1,0,66,92,2085,3125
TACCGAATAATTGTAA-1,0,67,93,1980,3064
ATATAACACGGGCGCA-1,0,66,94,2085,3004
GCATGCTAATAACGAT-1,0,67,95,1979,2943
TCCGGGCTTGACGGGA-1,0,66,96,2085,2882
ATTATTCAGAGTCACT-1,0,67,97,1979,2822
TAGCAGTATGACTAAA-1,0,66,98,2085,2761
TATGAAGAATTAAGGT-1,0,67,99,1979,2700
CAAGGCCAGTGGTGCA-1,0,66,100,2085,2640
TGCGTACGGCTAATTG-1,0,67,101,1979,2579
CAGATAATGGGCGGGT-1,0,66,102,2084,2518
GAGAACGGTTCTGACT-1,0,67,103,1979,2458
CGCTTCGGTCTAAGAC-1,0,66,104,2084,2397
AGCATTACGAGGCAAG-1,0,67,105,1979,2336
AAGTTGTGATGTTATA-1,0,66,106,2084,2276
TTGCTCATAGTACGTG-1,0,67,107,1978,2215
TACTTAAACATGTACA-1,0,66,108,2084,2154
AGTGAGTCGAATTAAC-1,0,67,109,1978,2094
TAGGCCTATATAGTCT-1,0,66,110,2084,2033
ACTCGCCGTTCGATAA-1,0,67,111,1978,1972
GGTACGTTGCGGCCGG-1,0,66,112,2084,1912
TATTGCCGGGCTTGTA-1,0,67,113,1978,1851
GGTAAACTCTGCGCTG-1,0,66,114,2083,1790
TCCCTTGTCTGAAACT-1,0,67,115,1978,1730
CATGATCGCTTTGAGA-1,0,66,116,2083,1669
GGACGGGCGACCAACC-1,0,67,117,1978,1608
GAGAGGCCTATGTGTA-1,0,66,118,2083,1548
TCGTAACTCCCAAGAC-1,0,67,119,1977,1487
CGTATCTAGAACTAAG-1,0,66,120,2083,1426
GCACCTTCCCGAAGGT-1,0,67,121,1977,1366
TACCTCTTTACCATCC-1,0,66,122,2083,1305
TGACTCTAACTGGTAA-1,0,67,123,1977,1244
GAGAAACTGGATCCCA-1,0,66,124,2083,1183
ATCCGGACCAGCCTGA-1,0,67,125,1977,1123
TTATTTAGGTTCCTTA-1,0,66,126,2083,1062
CGAATTCCCGGTTCAA-1,0,67,127,1977,1002
TAGTTTGATCGGTCGC-1,0,68,0,1881,8707
AGTCGAAACGATTCAG-1,0,69,1,1776,8646
ACGTCGGGCAACTCGG-1,0,68,2,1881,8586
ACTTGCTCTATCTACC-1,0,69,3,1775,8525
ATTACGGGCTACGGTT-1,0,68,4,1881,8464
GCAAACGTAAGCGACC-1,0,69,5,1775,8404
TTCGGACTGGGCATGG-1,0,68,6,1881,8343
GGGCCATTCGTGCTGG-1,0,69,7,1775,8282
GAGTTGTCACCAGTCT-1,0,68,8,1881,8222
AGTAATTTGCAAGCGT-1,0,69,9,1775,8161
GTGGCCGGTTTCTCGG-1,0,68,10,1880,8100
ATCTTAGGGCATTAAT-1,0,69,11,1775,8040
CTACATATCGCGGGAC-1,0,68,12,1880,7979
ATGGTATTTACTGATT-1,0,69,13,1775,7918
CCGTCAACCTCTGGCG-1,0,68,14,1880,7857
GCTTCGACGTTCAATC-1,0,69,15,1775,7797
GACCGATTAAATATGT-1,0,68,16,1880,7736
GTCGAATTTGGGCGCT-1,0,69,17,1774,7676
TCACGGCCCAAGAGAG-1,0,68,18,1880,7615
CTACGATCCTATCCTA-1,0,69,19,1774,7554
TGCAGTGGTAGGGAAC-1,0,68,20,1880,7493
TTGCCTAATCCAAAGT-1,0,69,21,1774,7433
AGCGAGACGTGAAGGC-1,0,68,22,1880,7372
TTCTACCTCAATCGGT-1,0,69,23,1774,7312
TACGCTGCTGTGTTAA-1,0,68,24,1879,7251
TAGTCCTGCACTAAGC-1,0,69,25,1774,7190
AGCACACGTTTAGACT-1,0,68,26,1879,7129
GTTCGACAATTGTATA-1,0,69,27,1774,7069
CCATGTTCATCTATAT-1,0,68,28,1879,7008
CCCTCGATAATACACA-1,0,69,29,1773,6948
ACTGCCCGCCATTCTC-1,0,68,30,1879,6887
CTATATCCAGCCTGGC-1,0,69,31,1773,6826
CGCACGTCTGTTTATG-1,0,68,32,1879,6765
AATCAGGTTTCATTTA-1,0,69,33,1773,6705
AGAGAAACACCAGAAA-1,0,68,34,1879,6644
ACCCGATTGGTTCCGA-1,0,69,35,1773,6584
TACCAGGAATCCCGTC-1,0,68,36,1878,6523
AAGTGCTTCTCTATTG-1,0,69,37,1773,6462
TGCATGTGACCCATAG-1,0,68,38,1878,6401
TAGATTCAAAGTGCGG-1,0,69,39,1773,6341
AGGGTCAGAGCACTCG-1,0,68,40,1878,6280
GTGAGATAACCTTATA-1,0,69,41,1772,6220
GTGTCAGTGTACGTGG-1,0,68,42,1878,6159
CTGTAGTGAGGATCGA-1,0,69,43,1772,6098
GATAGTGCGAGTAAGT-1,0,68,44,1878,6037
AGGGTTCAGACGGTCC-1,0,69,45,1772,5977
GGACTCGACAGCGCAT-1,0,68,46,1878,5916
CACTCTCAAGCATCGA-1,0,69,47,1772,5856
GAGCGGAATGCGGTGT-1,0,68,48,1877,5795
CAGTTCGAGGACCCGA-1,0,69,49,1772,5734
CGTAACTTCGACACTT-1,0,68,50,1877,5673
TGATCACCACACTGAC-1,0,69,51,1772,5613
CATACTTCTTTCTCCG-1,0,68,52,1877,5552
CAAGTAAGTGATAGAC-1,0,69,53,1772,5491
AGCCCGCAACAAGCAG-1,0,68,54,1877,5431
GCTCCATGCAAAGCAA-1,0,69,55,1771,5370
TCGTACCGACGTCAAG-1,0,68,56,1877,5309
ATTATCGGAATGTACG-1,0,69,57,1771,5249
ACCTACTATAAATCTA-1,0,68,58,1877,5188
TATCCTATCAACTGGT-1,0,69,59,1771,5127
GCGCGGTCTAGTAACT-1,0,68,60,1877,5067
CCTTCGTATAGAATCC-1,0,69,61,1771,5006
TGGGCGATACAATAAG-1,0,68,62,1876,4945
TGACATGTAACGTGAC-1,0,69,63,1771,4885
TTGGGAAGACGAGCCG-1,0,68,64,1876,4824
GGTGTAAATCGATTGT-1,0,69,65,1771,4763
GAACTGTGGAGAGACA-1,0,68,66,1876,4703
TCCACATCGTATATTG-1,0,69,67,1770,4642
CCTATGGTCAAAGCTG-1,0,68,68,1876,4581
TCCTTGTCCTTTAATT-1,0,69,69,1770,4521
AAGTTTATGGGCCCAA-1,0,68,70,1876,4460
GTCCGGGTTCACATTA-1,0,69,71,1770,4399
ATGTAGCGCGCGTAGG-1,0,68,72,1876,4339
TACGGAAGCCAAACCA-1,0,69,73,1770,4278
GCCCTGAGGATGGGCT-1,0,68,74,1875,4217
CGGGCGATGGATCACG-1,0,69,75,1770,4157
TGCGGACTTGACTCCG-1,0,68,76,1875,4096
TAATACTAGAACAGAC-1,0,69,77,1770,4035
TCAAATTGTTGTGCCG-1,0,68,78,1875,3975
GGGCAGTCAACGCCAA-1,0,69,79,1769,3914
TCGCTGCCAATGCTGT-1,0,68,80,1875,3853
TACGTGGGCCCAGGGC-1,0,69,81,1769,3793
GCCTACGTTCTGTGCA-1,0,68,82,1875,3732
TTGCGTGTGTAGGCAT-1,0,69,83,1769,3671
TCCTAAAGATTCAGAC-1,0,68,84,1875,3611
TGGGTGCACAAGCCAT-1,0,69,85,1769,3550
GGGAGCGACCGTAGTG-1,0,68,86,1875,3489
CATAGAGGAGATACTA-1,0,69,87,1769,3429
CTTCGATTGCGCAAGC-1,0,68,88,1874,3368
GTGCCTGAGACCAAAC-1,0,69,89,1769,3307
TCATCCTCAGCTGCTT-1,0,68,90,1874,3247
TGCAACTACTGGTTGA-1,0,69,91,1769,3186
ATGTTGATTAGAGACT-1,0,68,92,1874,3125
GTTTCTAGAGGCGCGG-1,0,69,93,1768,3065
TACAAGGGCTTCTTTA-1,0,68,94,1874,3004
ACAGGCACGGATCCTT-1,0,69,95,1768,2943
CCCAAGTCATTACACT-1,0,68,96,1874,2883
ACTCTGACCTAATAGA-1,0,69,97,1768,2822
GGATGGCTTGAAGTAT-1,0,68,98,1874,2761
ACCCTCCCGTCAGGGC-1,0,69,99,1768,2701
AGCTTCTTCTCGAGCA-1,0,68,100,1873,2640
TTGCGCTTGATCAATA-1,0,69,101,1768,2579
TGGGTGTAATAGATTT-1,0,68,102,1873,2519
CATGGTTTATTAATCA-1,0,69,103,1768,2458
TTGCCTTCTCGCCGGG-1,0,68,104,1873,2397
TTAAAGTAAGTCGCCA-1,0,69,105,1767,2337
AGTTGGCAAGGCTAGA-1,0,68,106,1873,2276
CCGCACTTGCAATGAC-1,0,69,107,1767,2215
AATGTTGTCGTGAGAC-1,0,68,108,1873,2154
CCAAGGTTGCCCTTTC-1,0,69,109,1767,2094
TGTGACTAGAGTTTGC-1,0,68,110,1873,2033
TTGTGATCTGTTCAGT-1,0,69,111,1767,1973
GGAGTTGATTCTGTGT-1,0,68,112,1872,1912
GTAGTGAGCAACCTCA-1,0,69,113,1767,1851
AAGACATACGTGGTTT-1,0,68,114,1872,1790
CATCCCGAGATTCATA-1,0,69,115,1767,1730
GGCCGCAGGAACCGCA-1,0,68,116,1872,1669
CCAGAAACTGATGCGA-1,0,69,117,1767,1609
ACCCGTAGTCTAGTTG-1,0,68,118,1872,1548
AGGGTCTGGACGCAGT-1,0,69,119,1766,1487
TTGAAACCCTCATTCC-1,0,68,120,1872,1426
TCAATCCCGCGCCAAA-1,0,69,121,1766,1366
AGGACATCGGCACACT-1,0,68,122,1872,1305
GACAAGACGCCCGTGC-1,0,69,123,1766,1245
GAGTAAATTAAGAACC-1,0,68,124,1872,1184
TAAGTCGGTGAGCTAG-1,0,69,125,1766,1123
CTTACTGACTCCTCTG-1,0,68,126,1871,1062
TTAACTGATCGTTTGG-1,0,69,127,1766,1002
GGGCGATCCATAGGCC-1,0,70,0,1670,8707
CGTATTGTTTGGCGCC-1,0,71,1,1564,8647
CGCGTGGGCCTGTGTT-1,0,70,2,1670,8586
AAATCTGCCCGCGTCC-1,0,71,3,1564,8525
GCTGAAGGGTTCTTGG-1,0,70,4,1670,8464
TAATTGCGCTGATTAC-1,0,71,5,1564,8404
TCGCGCGTTTACATGA-1,0,70,6,1670,8343
TAACTGAAATACGCCT-1,0,71,7,1564,8283
CCTGTCGTGTATGAAG-1,0,70,8,1669,8222
CGGGAACGCCCTGCAT-1,0,71,9,1564,8161
AGTTGCGGTCCTCAAC-1,0,70,10,1669,8100
GGGTCCTTGGAAGAAG-1,0,71,11,1564,8040
CGGGAAGTACCGTGGC-1,0,70,12,1669,7979
ACGGTCACCGAGAACA-1,0,71,13,1564,7919
TAGACTCAGTTGGCCT-1,0,70,14,1669,7858
CCTTCCGCAACGCTGC-1,0,71,15,1563,7797
CAGTGTTAATCTCTCA-1,0,70,16,1669,7736
CAGGCCAGTACCACCT-1,0,71,17,1563,7676
GATCGCTGTGGTGCGT-1,0,70,18,1669,7615
GTATCTCGGGCGCTTT-1,0,71,19,1563,7555
CCGGGCTAAGAATTTC-1,0,70,20,1669,7494
CTTCACGCCCTGGTAC-1,0,71,21,1563,7433
CGGATGAATGCTGTGA-1,0,70,22,1668,7372
CTCTGCAGGCATTCTT-1,0,71,23,1563,7312
TCAAAGTCACGGCGTC-1,0,70,24,1668,7251
TGGGTTTCGGGCGTAC-1,0,71,25,1563,7191
TGCTATGGCAAAGGGA-1,0,70,26,1668,7130
TTCACGGTCGTCACGT-1,0,71,27,1562,7069
CGTAAAGCAAGAAATC-1,0,70,28,1668,7008
CTGATCCCTTTATGCA-1,0,71,29,1562,6948
GAGTATACCCTAATCA-1,0,70,30,1668,6887
CCACGGCAGGTGTAGG-1,0,71,31,1562,6827
ACGTACTTTGGCACGG-1,0,70,32,1668,6766
CCTGAGAATAAATGCA-1,0,71,33,1562,6705
TTGATGCCGCTCGTCG-1,0,70,34,1667,6644
GCCAGGAAAGAACACT-1,0,71,35,1562,6584
TCCGACCGCTAATCAA-1,0,70,36,1667,6523
TATATCAAAGTGATCT-1,0,71,37,1562,6462
CCTCGGTTTCCTTGCC-1,0,70,38,1667,6402
TAAATTTAGTAACACC-1,0,71,39,1561,6341
CTCGTTACGGCTACCA-1,0,70,40,1667,6280
GCCGTCGGTTTCGGGC-1,0,71,41,1561,6220
GTTCCGTCCGCCTGCA-1,0,70,42,1667,6159
CTAGGGATAGGGACAA-1,0,71,43,1561,6098
GTCCAGGCACGTGTGC-1,0,70,44,1667,6038
GAGGAATATCTCTTTG-1,0,71,45,1561,5977
CGTTCAAGGAAACGGA-1,0,70,46,1667,5916
GTGGGAACAAACCGGG-1,0,71,47,1561,5856
GGGCACGTAGTACTGT-1,0,70,48,1666,5795
ACTACAAAGAGAGGTG-1,0,71,49,1561,5734
GGTGTAGGTAAGTAAA-1,0,70,50,1666,5674
CCTGTTCAACCTCGGG-1,0,71,51,1561,5613
TGAGGTGTGTGGCGGA-1,0,70,52,1666,5552
ATTGTCTGTTTCATGT-1,0,71,53,1560,5492
GCCGGTCGTATCTCTC-1,0,70,54,1666,5431
ATATGGGATAGCAACT-1,0,71,55,1560,5370
GATAGAACCCGCTAGG-1,0,70,56,1666,5310
ATCCCATTTCCGTGGG-1,0,71,57,1560,5249
GATGCTACCTTCGATG-1,0,70,58,1666,5188
TGCAAAGTTCGTCTGT-1,0,71,59,1560,5128
GTTCAGTCGCCAAATG-1,0,70,60,1665,5067
GTCTCCGCCTCAATAC-1,0,71,61,1560,5006
AGTAGAAGGCGCCTCA-1,0,70,62,1665,4946
GTTGTAGATTTATGAG-1,0,71,63,1560,4885
CTATTTGCTTGGAGGA-1,0,70,64,1665,4824
AGCCATATAGTATGTG-1,0,71,65,1559,4764
TGTTCCGGCCTGAGCT-1,0,70,66,1665,4703
TGCCGTGGGACCCAAT-1,0,71,67,1559,4642
TTGCAAGAAGACTCCT-1,0,70,68,1665,4582
CCGCTCCAGGGCGATC-1,0,71,69,1559,4521
CAAACCCTCCGGCGGG-1,0,70,70,1665,4460
CGGACCTTTACGTCCC-1,0,71,71,1559,4400
ACGTAGGAGAGTCGCT-1,0,70,72,1664,4339
CTGCGACCTCGCCGAA-1,0,71,73,1559,4278
GGCCCAGCTGGTTTGC-1,0,70,74,1664,4218
GGATTAATCATGGACC-1,0,71,75,1559,4157
GAGATGGCTTTAATCA-1,0,70,76,1664,4096
AGTACAGAAGCTTATA-1,0,71,77,1559,4036
GCGGCTTTAGCAAGTT-1,0,70,78,1664,3975
ACCGAGTCTCCTTATT-1,0,71,79,1558,3914
GACCACACTTCCCTTT-1,0,70,80,1664,3854
TGTAGCCAATTCCGTT-1,0,71,81,1558,3793
CTCGTCTGTGCCTTCG-1,0,70,82,1664,3732
GGACTCTTTGACTAAG-1,0,71,83,1558,3672
TCATCGACGACCGTCG-1,0,70,84,1664,3611
TACTACGTGCAATGCG-1,0,71,85,1558,3550
CCCTACTTGAACAATG-1,0,70,86,1663,3490
GCAGCTGTCAACGCAT-1,0,71,87,1558,3429
ATCTACCATCTGCTCC-1,0,70,88,1663,3368
TCTCAAATCAATCGGG-1,0,71,89,1558,3308
ACTCCGGCCGACCACT-1,0,70,90,1663,3247
TACACCTCTTCGAATC-1,0,71,91,1557,3186
GTGGCTGTTTCTGTTC-1,0,70,92,1663,3125
ACGACTCTAGGGCCGA-1,0,71,93,1557,3065
TCGTTTACGCGACCCT-1,0,70,94,1663,3004
AGGATATCCGACTGCA-1,0,71,95,1557,2944
GACACTTCCAATTACC-1,0,70,96,1663,2883
ACGGTACAGTTCAATG-1,0,71,97,1557,2822
CTTGATGACCATCCAG-1,0,70,98,1662,2761
CTGGTAAAGACTTACA-1,0,71,99,1557,2701
CTTGCCCACCCACGCA-1,0,70,100,1662,2640
CATTACGCAGGAAGGG-1,0,71,101,1557,2580
GGACAACCATGAAGCC-1,0,70,102,1662,2519
GTTATCAAGCTATCGA-1,0,71,103,1556,2458
AGGTGCACGTCCACAT-1,0,70,104,1662,2397
AAAGAATGTGGACTAA-1,0,71,105,1556,2337
ACCAAGTCATCGGCAG-1,0,70,106,1662,2276
AGTAACTATAGCAGCC-1,0,71,107,1556,2216
GGGAAAGAATGCCAAC-1,0,70,108,1662,2155
AATCGGTATAGCCCTC-1,0,71,109,1556,2094
GGCACTGCGGTGGTTT-1,0,70,110,1662,2033
CGTCCTCATCGCGTGC-1,0,71,111,1556,1973
CTTAACTTACAGTATA-1,0,70,112,1661,1912
GTGAGTCGACTAATAG-1,0,71,113,1556,1852
TGTACTTCCGGGCATG-1,0,70,114,1661,1791
CACAAACCGCAGAACT-1,0,71,115,1556,1730
GCTTTACACAACTGGG-1,0,70,116,1661,1669
CACCGATGATGGGTAC-1,0,71,117,1555,1609
TCAATATACAGGAGGC-1,0,70,118,1661,1548
AACGACCTCCTAGCCG-1,0,71,119,1555,1488
GTTACCAAGGCGTACG-1,0,70,120,1661,1427
TAGCTCACTGTGTTTG-1,0,71,121,1555,1366
TCGGCAGGGTTAAGGG-1,0,70,122,1661,1305
TGTTAACAAAGTGACT-1,0,71,123,1555,1245
CAGAGCGATGGATGCT-1,0,70,124,1660,1184
CATAGTGGGCACGCCT-1,0,71,125,1555,1124
AAACGCTGGGCACGAC-1,0,70,126,1660,1063
TGTTCTCATACTATAG-1,0,71,127,1555,1002
TCCGCTGGGTCGATCG-1,0,72,0,1459,8707
TTAGCATCCCTCACGT-1,0,73,1,1353,8647
AGCCTTGTCACTGATA-1,0,72,2,1459,8586
GTTTCTTGTTAGAGCT-1,0,73,3,1353,8526
TCGGAGTCCTGGTTGC-1,0,72,4,1459,8465
ACGGGTTGTGACCTGT-1,0,73,5,1353,8404
TGACAGAAATCTTGCT-1,0,72,6,1459,8343
TAGCCATGATTGCCTA-1,0,73,7,1353,8283
CGAAGCCACAGCATGG-1,0,72,8,1458,8222
ACCCGTAGCAGAGAAT-1,0,73,9,1353,8162
AGCTTGATCAGGGTAG-1,0,72,10,1458,8101
CTATAAGTAGGGTTTG-1,0,73,11,1353,8040
TATAGTTAGGTGTACT-1,0,72,12,1458,7979
TACGCTGATAGTTGTA-1,0,73,13,1352,7919
TTCTCAATTGCTACAA-1,0,72,14,1458,7858
GTTGCCCTAACGGGTG-1,0,73,15,1352,7798
GACATTTCGCCCAGCC-1,0,72,16,1458,7737
GTAACTACGTAGACCT-1,0,73,17,1352,7676
CCAGTGTACAGACCGA-1,0,72,18,1458,7615
GCCCGATGCCCAGTTC-1,0,73,19,1352,7555
CGAACCTCTTTCCTAG-1,0,72,20,1457,7494
CATGCACATGAGAGGC-1,0,73,21,1352,7433
CCAAATCAAAGGGCAA-1,0,72,22,1457,7373
GTAGTTTAAGCACACG-1,0,73,23,1352,7312
TAAGTGAATAGTCTAC-1,0,72,24,1457,7251
GGTCCACGTCTATTTG-1,0,73,25,1351,7191
CCCTCAGATCGAGAAC-1,0,72,26,1457,7130
ACATTCGCGCGGAATA-1,0,73,27,1351,7069
CTATGAACACCTTGCC-1,0,72,28,1457,7009
CGAATGGTAGGTCGTC-1,0,73,29,1351,6948
TCGACATAGCGTAGCG-1,0,72,30,1457,6887
GACGTTGCTCGGCGGC-1,0,73,31,1351,6827
CTCGAGGCAAGTTTCA-1,0,72,32,1456,6766
GCTGGGAGCGCGTCAA-1,0,73,33,1351,6705
GACGATATCACTGGGT-1,0,72,34,1456,6645
CAGCTCTGGGCTCACT-1,0,73,35,1351,6584
TAGTCTGCGGCACATT-1,0,72,36,1456,6523
TGGTCGATATACCTCT-1,0,73,37,1351,6463
TTCAGTTCAAGAGGAG-1,0,72,38,1456,6402
GTCTGTAGGTTGAACA-1,0,73,39,1350,6341
GAGAGTCTCGGGAGAG-1,0,72,40,1456,6281
TTGTTTGTATTACACG-1,0,73,41,1350,6220
GCACAGCACGGGCCGA-1,0,72,42,1456,6159
AAACAGTGTTCCTGGG-1,0,73,43,1350,6099
TGGAGAATAATCGTCC-1,0,72,44,1456,6038
CGCCGCGTTCTGAACG-1,0,73,45,1350,5977
CATGCGTTGAGAGGAG-1,0,72,46,1455,5917
TACGCTCCTAGAACTG-1,0,73,47,1350,5856
CCTTGTGAACGTGGTT-1,0,72,48,1455,5795
TTAAAGGCGATGCTCG-1,0,73,49,1350,5735
TAAAGTGCACGTCTCG-1,0,72,50,1455,5674
TGTCCGCAAACAATTC-1,0,73,51,1349,5613
AGGCCTATCATACCAA-1,0,72,52,1455,5553
ACTGGGATGCCAGTGC-1,0,73,53,1349,5492
CGATCCACCATTGTTG-1,0,72,54,1455,5431
GGGCATGCATGTCGAG-1,0,73,55,1349,5371
TCCAGGCAGGACGATC-1,0,72,56,1455,5310
CAATGACCCTTAATTT-1,0,73,57,1349,5249
ATCAAGATCCCAGGAC-1,0,72,58,1454,5189
CTCAGAGCTAATGTCG-1,0,73,59,1349,5128
CTGCGATTTCGAGATT-1,0,72,60,1454,5067
ATGGTATTGGGAACCG-1,0,73,61,1349,5007
TAGGTTCTGCTGAGAA-1,0,72,62,1454,4946
GCCTGTCCCGGTGCAT-1,0,73,63,1348,4885
GGCCTGCTCTGATGTT-1,0,72,64,1454,4825
TAGAGGGAGTTTATCT-1,0,73,65,1348,4764
CTCTACATCCTGCGTG-1,0,72,66,1454,4703
ACACATTTCCGTAGAC-1,0,73,67,1348,4643
TGGGTGTTAAGTAGAA-1,0,72,68,1454,4582
GAGCTCAACATGAGCG-1,0,73,69,1348,4521
GCACACAGCTATTACC-1,0,72,70,1454,4461
GCGACGGTAGTCTCCT-1,0,73,71,1348,4400
GTATCAAGGTACTTCC-1,0,72,72,1453,4339
GGAAAGGGAATTGAGC-1,0,73,73,1348,4279
TACACAGCCGTGGTGC-1,0,72,74,1453,4218
CGGTTGGGCAGGGTCC-1,0,73,75,1348,4157
GCACGCCGATTCCCGC-1,0,72,76,1453,4096
CGCTTTCCGCCAAGGT-1,0,73,77,1347,4036
TGCCCGATAGTTAGAA-1,0,72,78,1453,3975
TCAGAACGGCGGTAAT-1,0,73,79,1347,3915
CCACTCAGATCCGCAA-1,0,72,80,1453,3854
GAAGGGTCATTAAGAC-1,0,73,81,1347,3793
GCGGTCTTGCTTTCAC-1,0,72,82,1453,3732
GGAAGGACACCGTATA-1,0,73,83,1347,3672
CGCGGGAATTCCTTTC-1,0,72,84,1452,3611
TCTATCCGATTGCACA-1,0,73,85,1347,3551
TACTCGTTTGAATCAA-1,0,72,86,1452,3490
GTCTGCCGACTCGACG-1,0,73,87,1347,3429
TACGGGTAATAACATA-1,0,72,88,1452,3368
CCAGTTCGGTAACTCA-1,0,73,89,1346,3308
CGTGCACACCACTGTA-1,0,72,90,1452,3247
CTTCAGTTGGACAACG-1,0,73,91,1346,3187
TGATCTATCACACTCT-1,0,72,92,1452,3126
TAGCAGATACTTAGGG-1,0,73,93,1346,3065
CACCGGGCATCACAAG-1,0,72,94,1452,3004
AGTGGCCCGCAAATGG-1,0,73,95,1346,2944
CTCGCTAGGTAAGCGA-1,0,72,96,1451,2883
GATAGATAGTACAGTC-1,0,73,97,1346,2823
CGAGACTACTGCTGCT-1,0,72,98,1451,2762
ACATTTGAAACCTAAC-1,0,73,99,1346,2701
GACACAGCCGGGACTG-1,0,72,100,1451,2640
ACGGAACACGAGTGCC-1,0,73,101,1346,2580
ACGCCAGTGCGTTTGC-1,0,72,102,1451,2519
GCACCTAGGCGAGTCC-1,0,73,103,1345,2459
TCACTATCCCTTCGGT-1,0,72,104,1451,2398
TGAGTGTAACAACGGG-1,0,73,105,1345,2337
ATTGGTTGTGCATTAC-1,0,72,106,1451,2276
CTGGCGATTTACATGT-1,0,73,107,1345,2216
TCCACCAAGACATAGG-1,0,72,108,1451,2155
AACGTCGCTGCACTTC-1,0,73,109,1345,2094
GTCTCCCGAGTCCCGT-1,0,72,110,1450,2034
AGCCCGCACTACAATG-1,0,73,111,1345,1973
GGCACGCTGCTACAGT-1,0,72,112,1450,1912
GCTTGAGTGACCTCTG-1,0,73,113,1345,1852
ATAGCCATAACAGTCA-1,0,72,114,1450,1791
TAGGAGGCTCGAGAAC-1,0,73,115,1344,1730
GTCGGGTGAAGTACCG-1,0,72,116,1450,1670
CACCCGCGTTTGACAC-1,0,73,117,1344,1609
TCTCAGGCTACTCGCT-1,0,72,118,1450,1548
TAGATTCTCTAGCAAA-1,0,73,119,1344,1488
CCCATTATTGTATCCT-1,0,72,120,1450,1427
GTTAATAGCGTCATTA-1,0,73,121,1344,1366
TACTCATTGACGCATC-1,0,72,122,1449,1306
TAGTGACAAGCTCTAC-1,0,73,123,1344,1245
ATCGCCGTGGTTCATG-1,0,72,124,1449,1184
CTGCTCTCAACACACC-1,0,73,125,1344,1124
GCATGACACAAAGGAA-1,0,72,126,1449,1063
CAACGATCGATCCAAT-1,0,73,127,1343,1002
ATACAGCGTCCACTGA-1,0,74,0,1248,8708
TCACGATTAATACGTT-1,0,75,1,1142,8647
CGTGAACTGACCCGAT-1,0,74,2,1248,8586
TCGATGTTACGGCCGT-1,0,75,3,1142,8526
GACCGGTGATACTCTC-1,0,74,4,1248,8465
TCTGTTTAGATTGTTC-1,0,75,5,1142,8404
GCTACTCGGACGCAGA-1,0,74,6,1247,8344
AAGAAAGTTTGATGGG-1,0,75,7,1142,8283
CGCCAGTAGTACCTTG-1,0,74,8,1247,8222
CTCCCTTGTATCAAGG-1,0,75,9,1142,8162
ACTTTATACACCACTT-1,0,74,10,1247,8101
AGATCTGGAGAGGATA-1,0,75,11,1141,8040
TCATCCATCTGATCAC-1,0,74,12,1247,7980
AGAACACGGCGATGGT-1,0,75,13,1141,7919
CCGCTCCGGATAAGCT-1,0,74,14,1247,7858
TGGTCGGGTACAGGGC-1,0,75,15,1141,7798
ACGGACGCAGCGACAA-1,0,74,16,1247,7737
ACATGCTTACGGCAGC-1,0,75,17,1141,7676
CAGGGAGATAGGCCAG-1,0,74,18,1246,7616
TCGCCACCCGGATTAC-1,0,75,19,1141,7555
TCTTGGTCAATGATAC-1,0,74,20,1246,7494
CATAGGGACACTTGTG-1,0,75,21,1141,7434
CACGAGCAAACCAGAC-1,0,74,22,1246,7373
GGGATATTGATCGCCA-1,0,75,23,1140,7312
TAATGTCGGTTCATGG-1,0,74,24,1246,7252
CGATTTGTCATTAATG-1,0,75,25,1140,7191
TTAAGATACCCAGAGA-1,0,74,26,1246,7130
CGACCGTTGGTATTCG-1,0,75,27,1140,7070
ACTACCATCCGAGGGC-1,0,74,28,1246,7009
TCTACGCACGATCTCC-1,0,75,29,1140,6948
AAGCCACTTGCAGGTA-1,0,74,30,1246,6888
ACGTTGTCGTTGAAAG-1,0,75,31,1140,6827
ACCGCTAGTCATTGGT-1,0,74,32,1245,6766
CATGAGTCCATCACGG-1,0,75,33,1140,6706
ATGTCTTGTTTGACTC-1,0,74,34,1245,6645
TCCCAAACATCCTCTA-1,0,75,35,1140,6584
CAACGCGATGAGCCAA-1,0,74,36,1245,6524
GACACCCAAAGACGCG-1,0,75,37,1139,6463
ACGTTCACTATGCCGC-1,0,74,38,1245,6402
ATGGACTGCTTAGTTG-1,0,75,39,1139,6342
CCATGGCAAACGCTCA-1,0,74,40,1245,6281
TTGTCTCGGCAAGATG-1,0,75,41,1139,6220
TTCGAACGAAACATGC-1,0,74,42,1245,6160
GGAAAGTCTTGATTGT-1,0,75,43,1139,6099
ATCATAGATCGACGAG-1,0,74,44,1244,6038
GATTAGAAACAAGCGT-1,0,75,45,1139,5978
GCTGCGAAGAATTATT-1,0,74,46,1244,5917
TTCCAGTGGGTTTCGT-1,0,75,47,1139,5856
GCTCATTGATCATATC-1,0,74,48,1244,5796
ATACGAGGTTTGTAAG-1,0,75,49,1138,5735
GTCTATACACGCATGG-1,0,74,50,1244,5674
GATTTGCGCTAACACC-1,0,75,51,1138,5614
TGGTGCCCTGCCTTAC-1,0,74,52,1244,5553
TCGAATCGCAGGGTAG-1,0,75,53,1138,5492
GGTAGGCCAATATCAC-1,0,74,54,1244,5432
CGTAAATAACAAAGGG-1,0,75,55,1138,5371
GACTCTAGAGTTCCAA-1,0,74,56,1243,5310
ACTTGTTACCGGATCA-1,0,75,57,1138,5250
GGCATTGAACATCTCA-1,0,74,58,1243,5189
AACCCGCTGTATTCCA-1,0,75,59,1138,5128
TAACAGGTTCCCTTAG-1,0,74,60,1243,5067
GTTCTTGTAACTCAAT-1,0,75,61,1138,5007
GATTCTGTTAATGAGT-1,0,74,62,1243,4946
GGACACCTCGGTGTTG-1,0,75,63,1137,4886
CGATCGAGAAGCACCA-1,0,74,64,1243,4825
CTGCTCTGACGGCAAA-1,0,75,65,1137,4764
CCCAGGAAGAATTCGA-1,0,74,66,1243,4703
TGTCGTGGGTATAGGC-1,0,75,67,1137,4643
ATATGTCTAGAGCGTG-1,0,74,68,1243,4582
GCGGGCAGACGGGTGA-1,0,75,69,1137,4522
CGAAGATCAGTTTCAT-1,0,74,70,1242,4461
ACGCCACTCGAAACAG-1,0,75,71,1137,4400
CTTAGATGTTTCATCC-1,0,74,72,1242,4339
GCGAATGGACTAGCGA-1,0,75,73,1137,4279
TAAATTGTGGGTAAAG-1,0,74,74,1242,4218
ATTTATACTGGTAAAG-1,0,75,75,1136,4158
GCGTCGTAACATGGTC-1,0,74,76,1242,4097
CGGTATGGGCACTCTG-1,0,75,77,1136,4036
CTATCACAACGCTGGA-1,0,74,78,1242,3975
ACCACACGGTTGATGG-1,0,75,79,1136,3915
TCAGCGCACGCCGTTT-1,0,74,80,1242,3854
AATGTTAAGACCCTGA-1,0,75,81,1136,3794
CTTACATAGATTTCTT-1,0,74,82,1241,3733
AACATAGCGTGTATCG-1,0,75,83,1136,3672
AGCAGTCGAAGCATGC-1,0,74,84,1241,3611
GTACTACGGCCTCGTT-1,0,75,85,1136,3551
TTGGCCAAATTGTATC-1,0,74,86,1241,3490
TCAGAGGACGCGTTAG-1,0,75,87,1135,3430
AGTAATCTAAGGGTGG-1,0,74,88,1241,3369
AATTATACCCAGCAAG-1,0,75,89,1135,3308
CCCTACCCACACCCAG-1,0,74,90,1241,3247
CTCTGTCCATGCACCA-1,0,75,91,1135,3187
TCGCCTCCTTCGGCTC-1,0,74,92,1241,3126
CCTGATTCGCGAAGAA-1,0,75,93,1135,3065
GACTTCAACGCATCAA-1,0,74,94,1240,3005
GCTTCCCGTAAGCTCC-1,0,75,95,1135,2944
AGAACTGTACTTTGTA-1,0,74,96,1240,2883
CCTTAAGTACGCAATT-1,0,75,97,1135,2823
GGCCAATTGTATAGAC-1,0,74,98,1240,2762
AGAATACAGGCTATCC-1,0,75,99,1135,2701
AATACCTGATGTGAAC-1,0,74,100,1240,2641
TAGAGTGTTCCGGGTA-1,0,75,101,1134,2580
GCTTCCATGTAACCGC-1,0,74,102,1240,2519
GGTTCGCATTTGCCGT-1,0,75,103,1134,2459
TCAATCCGGGAAGTTT-1,0,74,104,1240,2398
CCGGAAGTGCAATATG-1,0,75,105,1134,2337
CTCATAAATGTGTATA-1,0,74,106,1240,2277
GACGGGCATCGAATTT-1,0,75,107,1134,2216
GCTAAGCCCAGTATGC-1,0,74,108,1239,2155
GCTATAAGGGCCAGGA-1,0,75,109,1134,2095
GCGGATTACTTGTTCT-1,0,74,110,1239,2034
TACAACAGCGCATACA-1,0,75,111,1134,1973
TCTAACCTAGCCTGCG-1,0,74,112,1239,1913
TCTACCCGCATCATTT-1,0,75,113,1133,1852
GTCTTACCACGCCAAG-1,0,74,114,1239,1791
AATAACGTCGCGCCCA-1,0,75,115,1133,1731
CGTTTCGGTTATATGC-1,0,74,116,1239,1670
TACGCTGCACGGTCGT-1,0,75,117,1133,1609
CGTTAAATACGACCAG-1,0,74,118,1239,1549
TCGACTGACGATGGCT-1,0,75,119,1133,1488
ACGCTACTGAATGGGC-1,0,74,120,1238,1427
AAGGGTTAGCCATGCG-1,0,75,121,1133,1367
ACGTTTCGGTGCACTT-1,0,74,122,1238,1306
TTAACCCGAGGCGTGT-1,0,75,123,1133,1245
GCCCGTCAAGCCCAAT-1,0,74,124,1238,1185
ATTCGTCCCGAGGTTA-1,0,75,125,1132,1124
TCAAATTATGTTCGAC-1,0,74,126,1238,1063
AACGTTCTACCATTGT-1,0,75,127,1132,1003
CTGTCCTGCGCACTAC-1,0,76,0,1037,8708
GCCCAGCGACACAAAG-1,0,77,1,931,8647
TATAGCTATTATCTCT-1,0,76,2,1037,8587
AAGCTATGGATTGACC-1,0,77,3,931,8526
CCGAAACACGACCTCT-1,0,76,4,1036,8465
ATCAGAAGCTGGTTGC-1,0,77,5,931,8405
TGAACCTGAATGTGAG-1,0,76,6,1036,8344
TCAGAGCATGTCAACG-1,0,77,7,931,8283
ATACCCTCCCGGCCAA-1,0,76,8,1036,8223
GCCACCTTATTCGCGA-1,0,77,9,930,8162
CAACGAGCTTATTATG-1,0,76,10,1036,8101
GATCCAACCTTTAAAC-1,0,77,11,930,8041
TTGTGGAGACAGCCGG-1,0,76,12,1036,7980
AGATAATCACACCTAT-1,0,77,13,930,7919
GGTTAGGGATGCTAAT-1,0,76,14,1036,7859
TCATGAAGCGCTGCAT-1,0,77,15,930,7798
CCAGGCGAGATGGTCT-1,0,76,16,1035,7737
CGACTTGCCGGGAAAT-1,0,77,17,930,7677
GTGCCAAACGTTTCGA-1,0,76,18,1035,7616
TGCTCAAAGGATGCAC-1,0,77,19,930,7555
GCCTCAGGTACCGGTC-1,0,76,20,1035,7495
ACAAGTAATTGTAAGG-1,0,77,21,930,7434
TTAGAGTATTGTCGAG-1,0,76,22,1035,7373
GTCATCCCAAACTCAC-1,0,77,23,929,7313
CTCCTAGTAATCGTGA-1,0,76,24,1035,7252
CCCTCATCACAGAGTA-1,0,77,25,929,7191
GGAAACAGAGCTTGGG-1,0,76,26,1035,7131
ACATCGCAATATTCGG-1,0,77,27,929,7070
TTAGCCATAGGGCTCG-1,0,76,28,1035,7009
CGGATTCTGCCTTATG-1,0,77,29,929,6949
TTGTTGGCAATGACTG-1,0,76,30,1034,6888
GGATCTACCGTTCGTC-1,0,77,31,929,6827
GGTGGGATTAGGTCCC-1,0,76,32,1034,6767
AATAGGCACGACCCTT-1,0,77,33,929,6706
GAGGTCCGTTCGCTGT-1,0,76,34,1034,6645
TGACAACTTAAAGGTG-1,0,77,35,928,6585
AGCTAAGCTCCGTCCG-1,0,76,36,1034,6524
CTAGCCCGGGAGACGA-1,0,77,37,928,6463
CCCAGATTCCCGTGAC-1,0,76,38,1034,6402
GCCCGTTCACACAATT-1,0,77,39,928,6342
ACAAACTCCATCAGAG-1,0,76,40,1034,6281
GGTTCCGTACGACTAA-1,0,77,41,928,6221
TTGCGGAAAGCTGCCC-1,0,76,42,1033,6160
GGAACTCGTGAATACG-1,0,77,43,928,6099
GGTTACCGCTCCCTAC-1,0,76,44,1033,6038
AGCGACTTTGAAGACA-1,0,77,45,928,5978
CCGTTTCCTTTCCGTG-1,0,76,46,1033,5917
TGGATGGCATCTTGGA-1,0,77,47,927,5857
CAAGTCGTTGAAATCT-1,0,76,48,1033,5796
TGCAAACGTACTAGTT-1,0,77,49,927,5735
GGCTGTCCTACTGCGG-1,0,76,50,1033,5674
TACTGCATGATTAAAT-1,0,77,51,927,5614
CGGACCTCTGTAGTTA-1,0,76,52,1033,5553
CCCTAGCTCTAAGGTC-1,0,77,53,927,5493
GTAACAGGTTAACGGC-1,0,76,54,1032,5432
CCCGCAAATAATCATC-1,0,77,55,927,5371
AATCCCGCTCAGAGCC-1,0,76,56,1032,5310
AACGTCATCCGGCTTG-1,0,77,57,927,5250
CTCGTGGCACTGAAAG-1,0,76,58,1032,5189
CTTTATCCGACGCATG-1,0,77,59,927,5129
AAATGACTGATCAAAC-1,0,76,60,1032,5068
TTCGTGCATGTTATAG-1,0,77,61,926,5007
ATCAAAGAGCCGTGGT-1,0,76,62,1032,4946
ATGTCATAATAAACGA-1,0,77,63,926,4886
CTTAATCGACTTAGTA-1,0,76,64,1032,4825
CTAAAGGATGAGATAC-1,0,77,65,926,4765
GTGCTATCCAGCTGGA-1,0,76,66,1032,4704
GACAGAGGTCTTCAGT-1,0,77,67,926,4643
TCGATTTACGAAACGA-1,0,76,68,1031,4582
AGGCTTAAGTTGCACA-1,0,77,69,926,4522
TAGGATCTTAACCGCA-1,0,76,70,1031,4461
GACTTTCGAGCGGTTC-1,0,77,71,926,4401
CCCTGGGAGGGATCCT-1,0,76,72,1031,4340
TAGTAGTTGCCGGACA-1,0,77,73,925,4279
GCCCTAAGTGCAGGAT-1,0,76,74,1031,4218
ACTTGGGCTTTCGCCA-1,0,77,75,925,4158
CATGATACGGTGAAAC-1,0,76,76,1031,4097
TCCTGCAGCCGCCAAT-1,0,77,77,925,4036
GTCCGTTAGAGGGCCT-1,0,76,78,1031,3976
GCTTTATTAAGTTACC-1,0,77,79,925,3915
AATCGAGGTCTCAAGG-1,0,76,80,1030,3854
GTGCTGTTAGAACATA-1,0,77,81,925,3794
GGCTTCTCGTGGGTGG-1,0,76,82,1030,3733
CCTACAGTTGAGGGAG-1,0,77,83,925,3672
TATCCCTCGATCTGCA-1,0,76,84,1030,3612
CCGGTATCTGGCGACT-1,0,77,85,924,3551
CTCTAACACCGGCAGC-1,0,76,86,1030,3490
CTTCATCACCAGGGCT-1,0,77,87,924,3430
GGCTGGCAATCCCACG-1,0,76,88,1030,3369
CAAACCATAAGCGTAT-1,0,77,89,924,3308
CATGTGGGCTCATCAC-1,0,76,90,1030,3248
CCCGTGACAGTGCCTT-1,0,77,91,924,3187
GATTATCTTGCATTAT-1,0,76,92,1030,3126
GAGTCCACCAGGTTTA-1,0,77,93,924,3066
TGTACTATCGCTCGTT-1,0,76,94,1029,3005
TTAGCGAATAGATAGG-1,0,77,95,924,2944
ACATACAATCAAGCGG-1,0,76,96,1029,2884
ATTCGTGTACCCATTC-1,0,77,97,924,2823
GCTAGCAACGCACCTA-1,0,76,98,1029,2762
ACCTCAGCGAGGCGCA-1,0,77,99,923,2702
TCCGGGCCACTAACGG-1,0,76,100,1029,2641
TCCCAATATCGACGAC-1,0,77,101,923,2580
GGATTGAAGTAGCCTC-1,0,76,102,1029,2520
GGCGCACAGTTTACCT-1,0,77,103,923,2459
CCCGGCACGTGTCAGG-1,0,76,104,1029,2398
AGTAAGGGACAGAATC-1,0,77,105,923,2338
TTGCGCACAACCACGT-1,0,76,106,1028,2277
CCTGCTACAACCATAC-1,0,77,107,923,2216
CTGGGCTACTGGAGAG-1,0,76,108,1028,2156
AGCTACGAATGGTGGT-1,0,77,109,923,2095
ATTCGTTTATCGTATT-1,0,76,110,1028,2034
GGCATTCCCTCCCTCG-1,0,77,111,922,1974
AGTTATTCAGACTGTG-1,0,76,112,1028,1913
CCACTTTCCTTCTAGG-1,0,77,113,922,1852
CGCAGTTCTATCTTTC-1,0,76,114,1028,1792
AGGAGCGTTTATTATC-1,0,77,115,922,1731
GACAGGTAATCCGTGT-1,0,76,116,1028,1670
TTCCCAAAGTACTGAT-1,0,77,117,922,1610
CTGCAGGGTGACGCTC-1,0,76,118,1027,1549
TCATGGAGGCCTTTGT-1,0,77,119,922,1488
ATGGCCCGAAAGGTTA-1,0,76,120,1027,1428
CGTAATATGGCCCTTG-1,0,77,121,922,1367
AGAGTCTTAATGAAAG-1,0,76,122,1027,1306
GAACGTTTGTATCCAC-1,0,77,123,922,1246
ATTGAATTCCCTGTAG-1,0,76,124,1027,1185
TACCTCACCAATTGTA-1,0,77,125,921,1124
AGTCGAATTAGCGTAA-1,0,76,126,1027,1064
TTGAAGTGCATCTACA-1,0,77,127,921,1003
