barcode,in_tissue,array_row,array_col,pxl_row_in_fullres,pxl_col_in_fullres
ACGCCTGACACGCGCT-1,0,0,0,8815,8438
TACCGATCCAACACTT-1,0,1,1,8710,8378
ATTAAAGCGGACGAGC-1,0,0,2,8815,8317
GATAAGGGACGATTAG-1,0,1,3,8709,8257
GTGCAAATCACCAATA-1,0,0,4,8815,8196
TGTTGGCTGGCGGAAG-1,0,1,5,8709,8136
GCATCCTCTCCTATTA-1,0,0,6,8815,8075
GCGAGGGACTGCTAGA-1,0,1,7,8709,8014
TGGTACCGGCACAGCC-1,0,0,8,8814,7954
GCGCGTTTAAATCGTA-1,0,1,9,8709,7893
TGCCTTGCCCTTACGG-1,0,0,10,8814,7832
GACGACTTTCCAAGAA-1,0,1,11,8709,7772
CCAGTGAGCTCCTTGT-1,0,0,12,8814,7711
ATACCCTGGCTCAAAT-1,0,1,13,8709,7651
GGGTTTCCGGCTTCCA-1,0,0,14,8814,7590
TAACCGTCCAGTTCAT-1,0,1,15,8708,7530
AAACAACGAATAGTTC-1,0,0,16,8814,7469
CAAGGGAGTGTATTTG-1,0,1,17,8708,7408
CCAAGCTTGATCTCCT-1,0,0,18,8814,7348
TTATTTCATCCCAAAC-1,0,1,19,8708,7287
GAGCGCTATGTCAGGC-1,0,0,20,8813,7226
TATGGCAGACTTTCGA-1,0,1,21,8708,7166
CTTCGTGCCCGCATCG-1,0,0,22,8813,7105
AAACGGGTTGGTATCC-1,0,1,23,8708,7045
TGCAAACCCACATCAA-1,0,0,24,8813,6984
GACGGGATGTCTTATG-1,0,1,25,8707,6924
GGCGAGCATCGAGGAC-1,0,0,26,8813,6863
CGCGTGCTATCAACGA-1,0,1,27,8707,6802
TGAAACCTCAACTCAC-1,0,0,28,8813,6742
CACATAAGGCGACCGT-1,0,1,29,8707,6681
TGACCCAACTCACATT-1,0,0,30,8812,6620
ATACGCCGATCTACCG-1,0,1,31,8707,6560
ACTTATCTGATCTATA-1,0,0,32,8812,6499
GTGTGAGCCGAGGTGC-1,0,1,33,8707,6439
GATGATTTGAAACTGG-1,0,0,34,8812,6378
GGGAACCACCTGTTTC-1,0,1,35,8706,6317
GTTCGTTGCGGACCAG-1,0,0,36,8812,6257
TGAGGTTGATCCCAAG-1,0,1,37,8706,6196
GATGCCACACTACAGC-1,0,0,38,8812,6136
AGGCAAAGAGGAATCA-1,0,1,39,8706,6075
AAGTAAGCTTCCAAAC-1,0,0,40,8811,6014
AACGTAGTCTACCCAT-1,0,1,41,8706,5954
GTTTGAGCGGTTATGT-1,0,0,42,8811,5893
GAAGCAAGGCAATGTT-1,0,1,43,8706,5833
TCACTCAGCGCATTAG-1,0,0,44,8811,5772
TACAATGAAACCAGCA-1,0,1,45,8706,5711
GTGCGCTTACAAATGA-1,0,0,46,8811,5651
GCACTCCCACAGTCCC-1,0,1,47,8705,5590
CGAAGACTGCCCGGGA-1,0,0,48,8811,5530
CAGGATCCGCCCGACC-1,0,1,49,8705,5469
CACGATTGGTCGTTAA-1,0,0,50,8810,5408
GGTTGTATCGTGAAAT-1,0,1,51,8705,5348
TCTTATGGGTAGTACC-1,0,0,52,8810,5287
TACAAGCTGTTCACTG-1,0,1,53,8705,5227
GTATCTTGTTGCTCAC-1,0,0,54,8810,5166
ATACCAGGTGAGCGAT-1,0,1,55,8705,5105
CCTAAACAGGGTCCGT-1,0,0,56,8810,5045
ATGGTGCTCAAAGCCA-1,0,1,57,8704,4984
CAAATGCGGAGTGTTC-1,0,0,58,8810,4923
CGTGCCCGACATTTGT-1,0,1,59,8704,4863
GTATCTCCCTAACTGT-1,0,0,60,8810,4802
ATTTGCCTAGTTACGA-1,0,1,61,8704,4742
ACGTCCTAAACGAGAT-1,0,0,62,8809,4681
CTGGGATCGCCCAGAT-1,0,1,63,8704,4621
CTGCAAATGGGCTCCA-1,0,0,64,8809,4560
CATTATAACAGGGTCC-1,0,1,65,8704,4499
ACCTTTCCTTTAGAAG-1,0,0,66,8809,4439
ATAGATTTGCAGTCGG-1,0,1,67,8703,4378
CTCGGGCATCGTCGGG-1,0,0,68,8809,4317
GTGGCGGGCCGTAGCT-1,0,1,69,8703,4257
CAACAGTGCCAAACGG-1,0,0,70,8809,4196
TGCGGGTATTGGGATC-1,0,1,71,8703,4136
GTCTCGCCAACACGCC-1,0,0,72,8808,4075
CTGGGCGGCCAAATGT-1,0,1,73,8703,4015
TAAAGGAGAAACTAGT-1,0,0,74,8808,3954
TCCCACGGAGGGAGCT-1,0,1,75,8703,3893
AGCTTCAATACTTTGA-1,0,0,76,8808,3833
TTCCACATTTCTCGTC-1,0,1,77,8703,3772
ACAAACCGACAAGGCG-1,0,0,78,8808,3711
AGACGGGATTGGTATA-1,0,1,79,8702,3651
AACCTAAAGCCGTCCG-1,0,0,80,8808,3590
TACAAATTGCGGAGGT-1,0,1,81,8702,3530
CCCGCTAGAGGGTTAA-1,0,0,82,8807,3469
CATTGCAAAGCATAAT-1,0,1,83,8702,3409
TGTACGCTATCAGCTT-1,0,0,84,8807,3348
TTCTTCGCAATAGAGC-1,0,1,85,8702,3287
TGTGATTCCAGCGCTT-1,0,0,86,8807,3227
ATTCAGGATCGCCTCT-1,0,1,87,8702,3166
GCCCATGGGTGCAATG-1,0,0,88,8807,3105
TTCCCGACGCTTCACT-1,0,1,89,8701,3045
AGCGGTTGAGATGTAC-1,0,0,90,8807,2984
GCTGTCTGTGATCGAC-1,0,1,91,8701,2924
AAAGACATGAAGTTTA-1,0,0,92,8807,2863
CAACAGAATAACGCTA-1,0,1,93,8701,2803
TGCGGTCTACGAGTAA-1,0,0,94,8806,2742
AAGACTCACGCCCACT-1,0,1,95,8701,2681
CTTTGAAACATATTCC-1,0,0,96,8806,2621
CTGGGCACTAGTCGGA-1,0,1,97,8701,2560
CGCCCTTACATCCACC-1,0,0,98,8806,2499
CACGACCACAGACTTT-1,0,1,99,8700,2439
CAATCCATTATCCGTT-1,0,0,100,8806,2378
GTGGCGTGCACCAGAG-1,0,1,101,8700,2318
CGGAGTCCTAACCTGG-1,0,0,102,8806,2257
GGTCCCATAACATAGA-1,0,1,103,8700,2197
ATCTCATAAACCTACC-1,0,0,104,8805,2136
TGCATGGCAGTCTTGC-1,0,1,105,8700,2075
TTGCAGGTCATGAAGT-1,0,0,106,8805,2015
AGCTGCATTTGAGGTG-1,0,1,107,8700,1954
TAATCAGGAATGCTGC-1,0,0,108,8805,1893
CCATCATAAGAACAGG-1,0,1,109,8699,1833
TCGTATCACCAAGCTA-1,0,0,110,8805,1772
ATTCAGATGAATCCCT-1,0,1,111,8699,1712
AAAGGTCAACGACATG-1,0,0,112,8805,1651
AGCTGCTGTGCCGAAT-1,0,1,113,8699,1591
CTAGCGCCAATCCTAC-1,0,0,114,8804,1530
GCTCGACCGAACTGAA-1,0,1,115,8699,1469
ACAGTGCAGCGCATTT-1,0,0,116,8804,1409
CGGCTGAAGGTTACGC-1,0,1,117,8699,1348
CACCTCTACGAGTGTG-1,0,0,118,8804,1287
ATACGACAGATGGGTA-1,0,1,119,8699,1227
ACTTCCTGTCGTGCGA-1,0,0,120,8804,1166
CGTAACGGAACGATCA-1,0,1,121,8698,1106
AAATCACTCCTAAACG-1,0,0,122,8804,1045
CTCCGAGTAAATCCGC-1,0,1,123,8698,985
ACGCTAGTATCAGTGC-1,0,0,124,8804,924
AGAGTGAACAGACACC-1,0,1,125,8698,863
ACACCCGTAAATCTGT-1,0,0,126,8803,803
GCTTTGCTGCCGGGTA-1,0,1,127,8698,742
ACAGGAGGCGCAGCCG-1,0,2,0,8604,8439
AGGCAATACGGAGGAC-1,0,3,1,8499,8378
TGGTGTGACAGACGAT-1,0,2,2,8604,8318
ATCTATCGATGATCAA-1,0,3,3,8499,8257
CGGTAACAAGATACAT-1,0,2,4,8604,8196
TCGCCGGAGAGTCTTA-1,0,3,5,8498,8136
GGAGGAGTGTGTTTAT-1,0,2,6,8604,8075
TTAGGTGTGACTGGTC-1,0,3,7,8498,8015
CAGGGCTAACGAAACC-1,0,2,8,8604,7954
CCCGTGGGTTAATTGA-1,0,3,9,8498,7893
GACCGACCGCTAATAT-1,0,2,10,8603,7833
GGTATCAAGCATAGAA-1,0,3,11,8498,7772
TGCATGAGTAGATTCG-1,0,2,12,8603,7711
AATTCCAACTTGGTGA-1,0,3,13,8498,7651
TGCCGATGTCATCAAT-1,0,2,14,8603,7590
GCTGGGTCCGCTGTTA-1,0,3,15,8497,7530
TGAACACCCGAAGCAG-1,0,2,16,8603,7469
AACATTGGTCAGCCGT-1,0,3,17,8497,7409
GTGGGTCTTCTTTGCG-1,0,2,18,8603,7348
CATCGAATGGATCTCT-1,0,3,19,8497,7287
GCTACACTGTCCGAAC-1,0,2,20,8602,7227
CGGGTTGTAGCTTTGG-1,0,3,21,8497,7166
CCTAAGTGTCTAACCG-1,0,2,22,8602,7105
TCTGTGACTGACCGTT-1,0,3,23,8497,7045
TTATCATACTCGCAAA-1,0,2,24,8602,6984
AGCGTAGCGCTAGACC-1,0,3,25,8497,6924
TCCCTCCGAAATCGTT-1,0,2,26,8602,6863
AGGTCGCCACTTCGGT-1,0,3,27,8496,6803
CTAGCAACTAATTTAC-1,0,2,28,8602,6742
TTGCTAGCTACCAATC-1,0,3,29,8496,6681
GCCGGTTTGGGCGGAT-1,0,2,30,8601,6621
TGTAACTTGTCAACCT-1,0,3,31,8496,6560
CGAGATGTTGCCTATA-1,0,2,32,8601,6499
GTTACGAAATCCACGC-1,0,3,33,8496,6439
CTTGTCGTACGTGTCA-1,0,2,34,8601,6378
GCGTCCAGCTCGTGGC-1,0,3,35,8496,6318
CCCTTCTCGTACGCGA-1,0,2,36,8601,6257
CCAAAGTCCCGCTAAC-1,0,3,37,8495,6197
CCGCTTCGCGGTTAAC-1,0,2,38,8601,6136
GTTACGGCCCGACTGC-1,0,3,39,8495,6075
CCCGCTTGCCCTCGTC-1,0,2,40,8601,6015
TAGTGAGAAGTGGTTG-1,0,3,41,8495,5954
CGCTACCGCCCTATGA-1,0,2,42,8600,5893
AAACAATCTACTAGCA-1,0,3,43,8495,5833
GCGCGATGGGTCAAGT-1,0,2,44,8600,5772
ATAAACCATTGGACGG-1,0,3,45,8495,5712
TCGGGCACTTCTGGAT-1,0,2,46,8600,5651
TCTGTGGCTACATTTC-1,0,3,47,8494,5591
CTCTGTGCCTGCTATG-1,0,2,48,8600,5530
CACGACTAAAGTTCTG-1,0,3,49,8494,5469
GAGGAGTAATTCCTAC-1,0,2,50,8600,5409
AGAGGTATCTCGGTCC-1,0,3,51,8494,5348
GGCGTACCCTATATAA-1,0,2,52,8599,5287
GCCGGAAACACATCTT-1,0,3,53,8494,5227
AAATGTGGGTGCTCCT-1,0,2,54,8599,5166
ACCAGGAGTGTGATCT-1,0,3,55,8494,5106
TGTGGAGGAAGCTTAA-1,0,2,56,8599,5045
AAGGAGAACTTATAAG-1,0,3,57,8493,4985
CCCTCGGGAGCCTTGT-1,0,2,58,8599,4924
ACTGTTTAGTGTAGGC-1,0,3,59,8493,4863
CGTCAGTTTATCGTCT-1,0,2,60,8599,4803
GCGTGTATGTCGTATT-1,0,3,61,8493,4742
ACAATCGATCTTTATA-1,0,2,62,8598,4681
CAGCCCTCACAGGCAG-1,0,3,63,8493,4621
CGCGTCATATTAAACC-1,0,2,64,8598,4560
GAAGACTTCAATGCCG-1,0,3,65,8493,4500
TTGCGGCGACTCATGC-1,0,2,66,8598,4439
ACCAAACTAGAAATCC-1,0,3,67,8493,4379
TTACTGTTTCTCTACG-1,0,2,68,8598,4318
GACCAGGTCATTCATA-1,0,3,69,8492,4257
TTCTTCCCTTTGATAT-1,0,2,70,8598,4197
ACGCCCAGCTGTCGAT-1,0,3,71,8492,4136
AGTAGCGTGAACGAAC-1,0,2,72,8598,4075
CCTCGACCCACTGCCT-1,0,3,73,8492,4015
AGTTATTGAAAGGTAA-1,0,2,74,8597,3954
TCAGTTACGGAATGAT-1,0,3,75,8492,3894
GAATCTATACTCGGAC-1,0,2,76,8597,3833
TCGGCTAACTTCCCTT-1,0,3,77,8492,3773
ACGTGGTCGAATGTGC-1,0,2,78,8597,3712
ATATCGTGCCAGACCC-1,0,3,79,8491,3651
GTAGCTAGTAAGCGCG-1,0,2,80,8597,3591
ACGCTTAGTGTCTCTC-1,0,3,81,8491,3530
TCCGGCCTGCATCGAT-1,0,2,82,8597,3469
TAGTGGAACTCATACA-1,0,3,83,8491,3409
ATCATCTGCCCAGTGT-1,0,2,84,8596,3348
GTTATTAAATACGACC-1,0,3,85,8491,3288
GCGCTAAGTATGCATG-1,0,2,86,8596,3227
CCTGACGCAACCTTTA-1,0,3,87,8491,3167
CCCAAGAATGCACGGT-1,0,2,88,8596,3106
AACTGGGTTCGAGCCG-1,0,3,89,8490,3045
GGTTCCACCCGCTTCT-1,0,2,90,8596,2985
CATGCACGTGTTACTG-1,0,3,91,8490,2924
AGCGTTCCGATTTAAA-1,0,2,92,8596,2863
CCTACGCGACCTTACA-1,0,3,93,8490,2803
CGAATTACATGGTGTT-1,0,2,94,8595,2742
GAGGTCTTAGTGGGTC-1,0,3,95,8490,2682
GCCGCTAGATACGCAG-1,0,2,96,8595,2621
GTCACCTGTCTATGTC-1,0,3,97,8490,2561
CCGATTGGTCAATGAA-1,0,2,98,8595,2500
CCTGTGCGGATTGTAA-1,0,3,99,8490,2439
TTACGTAGCGCGTGCT-1,0,2,100,8595,2379
GGAGGCGAAGAACCGC-1,0,3,101,8489,2318
GGGTCACGTGCTTATG-1,0,2,102,8595,2257
GCTCCGGACGTTGATA-1,0,3,103,8489,2197
ATGTTTGTAAGATCAT-1,0,2,104,8595,2136
TGACCCAGCATTCCCG-1,0,3,105,8489,2076
TGGTCGTTTGATAGAT-1,0,2,106,8594,2015
TGTAATGCCTTCGGAC-1,0,3,107,8489,1954
TGCTCACACAACAACC-1,0,2,108,8594,1894
TACGATCCAAGCCACT-1,0,3,109,8489,1833
TTGTAACTTCATAGCG-1,0,2,110,8594,1773
AGATTCAAGCGGGTCG-1,0,3,111,8488,1712
CTCAGCAGACTGCCGA-1,0,2,112,8594,1651
GTAACATCAGCTCATC-1,0,3,113,8488,1591
ATGGAACAGAATAAAC-1,0,2,114,8594,1530
GGGCCTATACAACCGG-1,0,3,115,8488,1470
TCAAACAATTAGGACA-1,0,2,116,8593,1409
AAACCACTACACAGAT-1,0,3,117,8488,1348
AAACGACAGTCTTGCC-1,0,2,118,8593,1288
TTGAGGGTCGAACGCG-1,0,3,119,8488,1227
TGTTGATCACTGTTTA-1,0,2,120,8593,1167
AGGGTGTGCTACACGC-1,0,3,121,8487,1106
GTAGTTAGACAATATA-1,0,2,122,8593,1045
AATGGCCGCCAATGCG-1,0,3,123,8487,985
TCGGCGGTATTAGATT-1,0,2,124,8593,924
GGGTCACTGAGTAGTG-1,0,3,125,8487,864
GAATTATGCAACCTAC-1,0,2,126,8592,803
GATCTTAGTGAACGTG-1,0,3,127,8487,742
CTAATGCGCCCAACAA-1,0,4,0,8393,8439
GCCACCCATTCCACTT-1,0,5,1,8288,8379
TACTCACAACGTAGTA-1,0,4,2,8393,8318
GTTCGGTGTGGATTTA-1,0,5,3,8288,8257
TCTTTCGGCGGGACAC-1,0,4,4,8393,8197
GGAGACATTCACGGGC-1,0,5,5,8288,8136
GGGATTATCTCACAAC-1,0,4,6,8393,8075
TAGAACGCCAGTAACG-1,0,5,7,8287,8015
ACGAGTCGCCGGCGTT-1,0,4,8,8393,7954
TGATGGGACTAAGTCA-1,0,5,9,8287,7894
TGCGAGAAACGTTACG-1,0,4,10,8392,7833
TCGCCTCGACCTGTTG-1,0,5,11,8287,7773
AACTCGATAAACACGT-1,0,4,12,8392,7712
AGGAAAGCCTCTGATG-1,0,5,13,8287,7651
GAAGGACTAAATTGAA-1,0,4,14,8392,7591
GTATCGGGACGAGCTG-1,0,5,15,8287,7530
CCTGTGCATAGGAGAC-1,0,4,16,8392,7469
CATACGGGTGCATGAT-1,0,5,17,8286,7409
CCACTAAACTGAATCG-1,0,4,18,8392,7348
AAATTGCGGCGGTTCT-1,0,5,19,8286,7288
AGTCCAGCGGGTACGT-1,0,4,20,8392,7227
CATTCAGGTCAGTGCG-1,0,5,21,8286,7167
CTAAAGTCCGAAGCTA-1,0,4,22,8391,7106
AATCAGACTGCAGGAC-1,0,5,23,8286,7045
AGTATCCATAATAACG-1,0,4,24,8391,6985
CTGGCTGCTAACGTAA-1,0,5,25,8286,6924
GTTCCAAGACAGCGAC-1,0,4,26,8391,6863
AAGACTAACCCGTTGT-1,0,5,27,8285,6803
GATTAATCCTGGCTCA-1,0,4,28,8391,6742
CGCGCAAGGAACTACA-1,0,5,29,8285,6682
CAGTAGCGAGGTAGTA-1,0,4,30,8391,6621
ACGGCGGGTTGCCCTG-1,0,5,31,8285,6561
CTAGGCGGCAGAGAAT-1,0,4,32,8390,6500
GTGCGCAGCTTGCTCC-1,0,5,33,8285,6439
TCACTATCGTGCAATC-1,0,4,34,8390,6379
TATGATTCTGCTTGGT-1,0,5,35,8285,6318
TAAGATTTAGCGGGAG-1,0,4,36,8390,6257
TTACGGTGTCACCGAG-1,0,5,37,8284,6197
CTACACTAGCTTGTTC-1,0,4,38,8390,6136
TGAGCAGTCGTGAAGT-1,0,5,39,8284,6076
CGCTGAGGACGTCCAA-1,0,4,40,8390,6015
GTGTATGACTTTAAAG-1,0,5,41,8284,5955
CTAAACGGGTGTAATC-1,0,4,42,8389,5894
TGTACTGTGCCAAAGT-1,0,5,43,8284,5833
GGCCACAAGCGATGGC-1,0,4,44,8389,5773
GTCAATTGTACTGAAG-1,0,5,45,8284,5712
AGGGACAGCACGGCGG-1,0,4,46,8389,5651
AGCTTATAGAGACCTG-1,0,5,47,8284,5591
AACTAGCGTATCGCAC-1,0,4,48,8389,5530
AACTTTAGCTGCTGAG-1,0,5,49,8283,5470
CCCAAGACAGAGTATG-1,0,4,50,8389,5409
GGCATCAACGAGCACG-1,0,5,51,8283,5349
ATGCATTCCGTGATGG-1,0,4,52,8389,5288
TTATAGATGCACATTA-1,0,5,53,8283,5227
GAACCATCTGGGAGAC-1,0,4,54,8388,5167
TGCTATACAAACGGAC-1,0,5,55,8283,5106
ACTTGCCATATTGTAC-1,0,4,56,8388,5045
TATTCCGGCAGTCCTA-1,0,5,57,8283,4985
GACGGACCGCGTTCCT-1,0,4,58,8388,4924
ATGTGTAGTTTAGTCA-1,0,5,59,8282,4864
ATACCAGCAAATTGCT-1,0,4,60,8388,4803
AAGTTTACTAATGGCA-1,0,5,61,8282,4742
CTCTCGATGTGCGCCT-1,0,4,62,8388,4682
GATTGACACTCTGCTC-1,0,5,63,8282,4621
TATCACAGCACGGGCA-1,0,4,64,8387,4561
ACCGTTCCCGCTCTGA-1,0,5,65,8282,4500
CCGCCACCACAATCCA-1,0,4,66,8387,4439
CATTCACTGACAGCTA-1,0,5,67,8282,4379
CGGCTGCAAGATTAAG-1,0,4,68,8387,4318
CATGAACCTCTTATCA-1,0,5,69,8281,4258
TTAATGCGAGGTAACT-1,0,4,70,8387,4197
AATAAGTCCTCGAGAC-1,0,5,71,8281,4136
ACCAGCCCGGTCTTTG-1,0,4,72,8387,4076
CTACGAACTAGGTCGA-1,0,5,73,8281,4015
ACATCTCAACGCGTAA-1,0,4,74,8386,3955
CACTACTCAGTTCTGT-1,0,5,75,8281,3894
CCGACTCGCATAGTCT-1,0,4,76,8386,3833
CATTTATCGTTCAAGA-1,0,5,77,8281,3773
CAAACGTGGTCTTGCG-1,0,4,78,8386,3712
TAGAAACCACTAAGTA-1,0,5,79,8281,3652
ACTGATTTAGTGATTC-1,0,4,80,8386,3591
TCGTATTTCGTCCGGA-1,0,5,81,8280,3530
CGGAAATTTCACATCC-1,0,4,82,8386,3470
ATCCACGCTAAATGTT-1,0,5,83,8280,3409
GTTCAATCTATGTCAA-1,0,4,84,8386,3348
ATAAAGGTCAAGTACG-1,0,5,85,8280,3288
CAACTCCAACGTTTAG-1,0,4,86,8385,3227
TAGGAACAGCCTCCAG-1,0,5,87,8280,3167
ATGGGAACGGAAGCGG-1,0,4,88,8385,3106
CACACGTTTCAATGGG-1,0,5,89,8280,3046
GGTGTTCTGTTTCTAC-1,0,4,90,8385,2985
AGTAACGTTCATCCTG-1,0,5,91,8279,2924
GTATAGTGGCCCATGT-1,0,4,92,8385,2864
TCTACACGTTCATGCA-1,0,5,93,8279,2803
AATCTGGGTAGACCCT-1,0,4,94,8385,2742
TCGGTTAGCCATGTAG-1,0,5,95,8279,2682
TGCCATGGCTTATAAG-1,0,4,96,8384,2621
TAAGTAAATGTGCCGC-1,0,5,97,8279,2561
GTGTCCGATAAGGCAT-1,0,4,98,8384,2500
TGGCACGAGCTCGAGT-1,0,5,99,8279,2440
ACCGGTCTGAGTACGG-1,0,4,100,8384,2379
GAACTTAGCGCCCGGT-1,0,5,101,8278,2318
AGTAGCTAGACGCCGA-1,0,4,102,8384,2258
ATAGGAATCTAAGCTT-1,0,5,103,8278,2197
CTTCCTGCATATTTAC-1,0,4,104,8384,2136
CAATATGTAGATTTAC-1,0,5,105,8278,2076
ACAAGGCCTACCAGCC-1,0,4,106,8383,2015
TTATAGTCCAAGGTGC-1,0,5,107,8278,1955
AAACGCCCGAGATCGG-1,0,4,108,8383,1894
CCTCGTTACGCCTGTT-1,0,5,109,8278,1834
GAACGGTGTAAAGCAG-1,0,4,110,8383,1773
ACGCATAAATGACATG-1,0,5,111,8278,1712
GGTTCGATGCTGAGTT-1,0,4,112,8383,1652
CTTTGGCAGACAGAGT-1,0,5,113,8277,1591
TTCGTGGGCTGGAAGC-1,0,4,114,8383,1530
CAAAGGTTAAATTCAG-1,0,5,115,8277,1470
GTTTGGCGTCAGGCAC-1,0,4,116,8382,1409
GCTTTCTATCTCAACT-1,0,5,117,8277,1349
TGCATCTCCGGATCTT-1,0,4,118,8382,1288
CTGAAACGGCCCTCAG-1,0,5,119,8277,1228
TAGCAGTAAATACGCG-1,0,4,120,8382,1167
CGGGCTACTTAAATTG-1,0,5,121,8277,1106
ATTATGCTCAGTATTG-1,0,4,122,8382,1046
TGATGCTCACGTAGTC-1,0,5,123,8276,985
GTCTAAGATGCCCAGC-1,0,4,124,8382,924
AACCCGATAGGGCTTC-1,0,5,125,8276,864
CGCTATCGTGGCTTTA-1,0,4,126,8382,803
CGTCTCTCGCCGAGGC-1,0,5,127,8276,743
AGTGGGAGTATACACG-1,0,6,0,8183,8439
GGTCTTGGTGTTAACT-1,0,7,1,8077,8379
GGCTGGCAGCTTTATG-1,0,6,2,8182,8318
CGCCAATTATTGCGTT-1,0,7,3,8077,8258
GGTAACCGGCAAAGGT-1,0,6,4,8182,8197
TGGGACCATTGGGAGT-1,0,7,5,8077,8137
CTGCAGGTGCTCGGCC-1,0,6,6,8182,8076
CCGGTGCGAGTGATAG-1,0,7,7,8076,8015
GGGTACACTCTGGAGG-1,0,6,8,8182,7955
TAGCCAGAGGGTCCGG-1,0,7,9,8076,7894
CTTGTGAGGACAGCGG-1,0,6,10,8182,7833
GAAGGGCATAACCATG-1,0,7,11,8076,7773
CAACATGGCCTGATAA-1,0,6,12,8181,7712
CAATTTGACCGGGAAG-1,0,7,13,8076,7652
TCTGACTGTAATGGTT-1,0,6,14,8181,7591
TTCATAGCCTTGTAAC-1,0,7,15,8076,7531
TGGAAACGGAGTGAAC-1,0,6,16,8181,7470
ATCGCACGATTGTTCA-1,0,7,17,8075,7409
CGCCACCCGCATTAAC-1,0,6,18,8181,7349
TGGACCACGGCGTTGA-1,0,7,19,8075,7288
GTATATGTTACGGCGG-1,0,6,20,8181,7227
GTATTCTTACCGTGCT-1,0,7,21,8075,7167
TTCAGAGTAACCTGAC-1,0,6,22,8180,7106
GCGGTAACCCAAATGA-1,0,7,23,8075,7046
CTACGTGTTGCCACCA-1,0,6,24,8180,6985
CTAGATAAACTCCTCG-1,0,7,25,8075,6924
TCCATTAGTTGGATAG-1,0,6,26,8180,6864
CTGGCTCCTGCGGGAT-1,0,7,27,8075,6803
CAGTCTCTCGGCTAAT-1,0,6,28,8180,6743
GTATGACGTGGGAAAC-1,0,7,29,8074,6682
AGTCACTCCGCCTCAT-1,0,6,30,8180,6621
GCAGCGGTGGGCATTA-1,0,7,31,8074,6561
TATGGAGTTTCTCGTT-1,0,6,32,8180,6500
ACTCAACGAATGTATT-1,0,7,33,8074,6440
AACACGCGGCCGCGAA-1,0,6,34,8179,6379
CGATATTAGCCGCAGG-1,0,7,35,8074,6318
AGCGTCTGAACCCGCA-1,0,6,36,8179,6258
GATGTCCGGATCACAT-1,0,7,37,8074,6197
GGTCACGTTAGATTCA-1,0,6,38,8179,6137
TTAAGGATACGGAGGT-1,0,7,39,8073,6076
GTGCGGGACCATCGGC-1,0,6,40,8179,6015
CCATCTTGTTCACAAT-1,0,7,41,8073,5955
TCCGAGAAGGCTAAGC-1,0,6,42,8179,5894
TGGCGGTGTGCGATTG-1,0,7,43,8073,5834
ATCCTGCTGCAGATAG-1,0,6,44,8178,5773
TTATGCGTCCCGGTCC-1,0,7,45,8073,5712
CATAATGAGCGGGCGA-1,0,6,46,8178,5652
AGACATAGATCCTTCC-1,0,7,47,8073,5591
GGTGAAACCGGGAATG-1,0,6,48,8178,5530
AACTGGTGTGGGCCTT-1,0,7,49,8072,5470
GTAGCGCTGTTGTAGT-1,0,6,50,8178,5409
TTGTTTGTGTAAATTC-1,0,7,51,8072,5349
GGATCAAAGGACGAGG-1,0,6,52,8178,5288
CGTAGCGCCGACGTTG-1,0,7,53,8072,5228
CAAGTGAACTTTGGTT-1,0,6,54,8177,5167
GTAGACAACCGATGAA-1,0,7,55,8072,5106
CAATGGTCGGCCTGGG-1,0,6,56,8177,5046
ACAGATTAGGTTAGTG-1,0,7,57,8072,4985
GTTATCACCTTCTGAA-1,0,6,58,8177,4924
TGGTATCGGTCTGTAT-1,0,7,59,8072,4864
GGAATAACCTCAAGAA-1,0,6,60,8177,4803
ATTATCTCGACAGATC-1,0,7,61,8071,4743
CCGAGGGATGTTAGGC-1,0,6,62,8177,4682
TGAGATCAAATACTCA-1,0,7,63,8071,4622
AAACGAAGAACATACC-1,0,6,64,8176,4561
CTGGTCCTAACTTGGC-1,0,7,65,8071,4500
TGCACGAGTCGGCAGC-1,0,6,66,8176,4440
ATAGTCTTTGACGTGC-1,0,7,67,8071,4379
TGGAGCTAAAGTTCCC-1,0,6,68,8176,4318
GGGTGGTCCAGCCTGT-1,0,7,69,8071,4258
CATGCATGGAGACCCT-1,0,6,70,8176,4197
ACACGGCACTATGCAT-1,0,7,71,8070,4137
CCCTGGTATGGGCGGC-1,0,6,72,8176,4076
GGAGGATTGAAAGGAG-1,0,7,73,8070,4016
CCGCTGGTGCCATTCA-1,0,6,74,8176,3955
GTTAGAGTGTGCCGCT-1,0,7,75,8070,3894
TCGGAATGACCATCAA-1,0,6,76,8175,3834
TTCAATTAGCCATAAT-1,0,7,77,8070,3773
GATGTGTTGTCACAAG-1,0,6,78,8175,3712
TCTTTCTCTTAAGGAG-1,0,7,79,8070,3652
ACCCTTTAGTTCTCCA-1,0,6,80,8175,3591
ACCACAACTCAGAACA-1,0,7,81,8069,3531
TATGATAAATCTAACG-1,0,6,82,8175,3470
GATCCTCTTGCGCTTA-1,0,7,83,8069,3410
TTCTACCTTTATGTTG-1,0,6,84,8175,3349
GAAATACCTGCTGGCT-1,0,7,85,8069,3288
ATTCTGAGTATGAACT-1,0,6,86,8174,3228
GGATTAAGCTAAGGTC-1,0,7,87,8069,3167
AGTACGTGGCCTGTCT-1,0,6,88,8174,3106
TCAGGGTGCACGAAAC-1,0,7,89,8069,3046
AAATTTACCGAAATCC-1,0,6,90,8174,2985
TTGAGGCATTTAACTC-1,0,7,91,8069,2925
AACCAGTATCACTCTT-1,0,6,92,8174,2864
CACCGGAGATATCTCC-1,0,7,93,8068,2804
GACTGGGCGCCGCAAC-1,0,6,94,8174,2743
CACGTCTATGATGTGG-1,0,7,95,8068,2682
TTAAGACGAACGAACC-1,0,6,96,8173,2622
TGACCAGCTTCAAAGT-1,0,7,97,8068,2561
AGAGTTAGAGACCGAT-1,0,6,98,8173,2500
TTCGGACTGATGCCTT-1,0,7,99,8068,2440
CTCGAATGGAACGTAT-1,0,6,100,8173,2379
GGACGGCTTGCGCAAC-1,0,7,101,8068,2319
CTAAGTACAGGGCTAC-1,0,6,102,8173,2258
ACAAATTCAGATCTGA-1,0,7,103,8067,2198
CATGGAAATGGGACCA-1,0,6,104,8173,2137
GGTGGACCACGTGTTA-1,0,7,105,8067,2076
CACGACGTAATAGTAA-1,0,6,106,8173,2016
CGGGTTCGGCACGTAT-1,0,7,107,8067,1955
CTGGGCTATCCTTTGG-1,0,6,108,8172,1894
GTATTAGGGTTCGCGT-1,0,7,109,8067,1834
TCATTCGTATAATTTG-1,0,6,110,8172,1773
AATAGCAAGCCTCCTG-1,0,7,111,8067,1713
CATCTACCCGAGAACG-1,0,6,112,8172,1652
GCTTCAGTGGGATTAC-1,0,7,113,8066,1592
TCTGTGATGGAGGTTG-1,0,6,114,8172,1531
ATCCACTTTCAGACTA-1,0,7,115,8066,1470
ATGGTTACGAAACATG-1,0,6,116,8172,1410
GGCCCAATCTAGAGGG-1,0,7,117,8066,1349
GATGGTGAAATAACCC-1,0,6,118,8171,1288
AGAGGGACAATTGTCC-1,0,7,119,8066,1228
CGCGTACATTCTGGAA-1,0,6,120,8171,1167
CAAGAAACCCTAAACT-1,0,7,121,8066,1107
TTGGTGCGGTGTTGAA-1,0,6,122,8171,1046
GGTTCCCTAGTGTCTC-1,0,7,123,8065,986
CGATAACCAATTTGAG-1,0,6,124,8171,925
GCCCACTGGTCCACAA-1,0,7,125,8065,864
GAGGGCCGGCAGAGTC-1,0,6,126,8171,804
CGACACGGATGCCCAC-1,0,7,127,8065,743
CTGTCTGTGGCTGGCT-1,0,8,0,7972,8440
ATATTATCCCGTATTT-1,0,9,1,7866,8379
GCGCTGGCGGAAAGTC-1,0,8,2,7971,8318
ATCTAACGTCCCTATG-1,0,9,3,7866,8258
GTCAGACAGCGTTGGA-1,0,8,4,7971,8197
GCCAGGCTTAGTGGTA-1,0,9,5,7866,8137
ATTCAAAGTACCTGTT-1,0,8,6,7971,8076
TGGACGTAGGCGAATC-1,0,9,7,7866,8016
ACACATTGACGCAACA-1,0,8,8,7971,7955
GATATCAGTATGTATC-1,0,9,9,7865,7894
TGGGCCTTGCCTGCAT-1,0,8,10,7971,7834
CAAAGTCAGGTTAGCT-1,0,9,11,7865,7773
GGATCCCTACCAGCTA-1,0,8,12,7971,7712
ATCGTCCAATCGAGTC-1,0,9,13,7865,7652
ACATGGCTCAATTTAG-1,0,8,14,7970,7591
AGGCCCAGTGACTGGT-1,0,9,15,7865,7531
GCTTCCAGCTTAGATT-1,0,8,16,7970,7470
TGCTTGAAACCATGCA-1,0,9,17,7865,7410
CAATATTGGACTAGTG-1,0,8,18,7970,7349
CGTGCTGGCCTAGTCG-1,0,9,19,7864,7288
CCTGCGATAGAACTGT-1,0,8,20,7970,7228
GGGTAATGCTGTGTTT-1,0,9,21,7864,7167
AACGCGAACGGCAACA-1,0,8,22,7970,7106
TGTCGGCATGGTGGAA-1,0,9,23,7864,7046
AGCGTACGAGAGCTAG-1,0,8,24,7969,6985
ATACTCTCGCCACTCT-1,0,9,25,7864,6925
AATCCATGCAAGGGTG-1,0,8,26,7969,6864
TTAAACAGAGTCCCGC-1,0,9,27,7864,6804
CCACAGCTGAAATCAT-1,0,8,28,7969,6743
CGGTTCCGGCTTCTTG-1,0,9,29,7863,6682
GACGTGAGACTCCATG-1,0,8,30,7969,6622
TCGTTGGCTCGTCAAT-1,0,9,31,7863,6561
GGTGAACGGGCTAGCC-1,0,8,32,7969,6500
GCACTGTGCAAATGTA-1,0,9,33,7863,6440
ACGAGAACCCATCACG-1,0,8,34,7968,6379
CCAGCTACGCCTCATA-1,0,9,35,7863,6319
TCCCGGTCAGGAATTT-1,0,8,36,7968,6258
TCGCATTCAATGACTT-1,0,9,37,7863,6198
CTGGTTCAACGCATCA-1,0,8,38,7968,6137
GGTGATTTCATCTTGT-1,0,9,39,7863,6076
CACCCTTTCCTCGCTC-1,0,8,40,7968,6016
CAACTTGTAGTGGGCA-1,0,9,41,7862,5955
AATATCAAGGTCGGAT-1,0,8,42,7968,5894
ACTCAGACCTGCTTCT-1,0,9,43,7862,5834
TTGGAGTCTCCCTTCT-1,0,8,44,7967,5773
GGATACTCATGAATTG-1,0,9,45,7862,5713
TGGGCACAAACAGAAC-1,0,8,46,7967,5652
GAGCCACGGTAGTAGG-1,0,9,47,7862,5592
TCGATAGGCTAGTCGC-1,0,8,48,7967,5531
TAACCGCCCGCAGTGC-1,0,9,49,7862,5470
GCCTATTTGCTACACA-1,0,8,50,7967,5410
TTGACGATTCAGCACG-1,0,9,51,7861,5349
TTAAACCGGTAGCGAC-1,0,8,52,7967,5288
ACCGAAAGGGCCCTGC-1,0,9,53,7861,5228
ACGTTCCGCGCTCCGT-1,0,8,54,7967,5167
ATACCAGGCTAATAGA-1,0,9,55,7861,5107
CGGCTTTGTATGATAA-1,0,8,56,7966,5046
CTTGACCCGAAAGATA-1,0,9,57,7861,4986
CGCAGAAACATTTGCG-1,0,8,58,7966,4925
GACCCGTCGCCGGCTA-1,0,9,59,7861,4864
AATCGGGACACTACGA-1,0,8,60,7966,4804
GTCACAAAGTTTCCAA-1,0,9,61,7860,4743
TATATTCGCGTCGATA-1,0,8,62,7966,4682
CCTCCCGACAATCCCT-1,0,9,63,7860,4622
CGACATGCGATCTTCT-1,0,8,64,7966,4561
AACACGACTGTACTGA-1,0,9,65,7860,4501
CCCAACCACACTAACA-1,0,8,66,7965,4440
CACCGCCGACCAGCGA-1,0,9,67,7860,4380
TGGTATCGCATCCCAA-1,0,8,68,7965,4319
CAGAGTGATTTAACGT-1,0,9,69,7860,4258
AACCCTGGTGGAACCA-1,0,8,70,7965,4198
GTCAGTTGTGCTCGTT-1,0,9,71,7859,4137
ATTGACGTAACTCGGT-1,0,8,72,7965,4076
GATGTCGGTCAACTGC-1,0,9,73,7859,4016
AGGGCAGCGGCGTGGT-1,0,8,74,7965,3955
ACATCGTTAACCTAGT-1,0,9,75,7859,3895
TCCATTGTGACCTCGT-1,0,8,76,7964,3834
TGTTTAATACTTCATC-1,0,9,77,7859,3774
TTGCTGGCCGGGCTTC-1,0,8,78,7964,3713
CATATTATTTGCCCTA-1,0,9,79,7859,3652
CTGCCTAGCCACCAAG-1,0,8,80,7964,3592
ACGAGATATTTGCTTA-1,0,9,81,7859,3531
GACTACAATTGCTCGT-1,0,8,82,7964,3470
AACGTGATGAAGGACA-1,0,9,83,7858,3410
ACTCTCTTATACACGA-1,0,8,84,7964,3349
CGCATCATGGCTTCAG-1,0,9,85,7858,3289
CGGCTCTTCGTCGAAC-1,0,8,86,7964,3228
ATTCTTCGTACTTATG-1,0,9,87,7858,3168
AGTGAGGGTTTCTGAC-1,0,8,88,7963,3107
GCCAGGCGTTCGCATG-1,0,9,89,7858,3046
GACTAACACAGCACCT-1,0,8,90,7963,2986
CAATGGAATCTACATA-1,0,9,91,7858,2925
GTGGTCAGCGAAGTAT-1,0,8,92,7963,2864
ATGGCTGGAAATGGCC-1,0,9,93,7857,2804
ATCAGGTCGCCATTGC-1,0,8,94,7963,2743
TATCACCATGTAAAGT-1,0,9,95,7857,2683
AGCGCTTATGGGCAAG-1,0,8,96,7963,2622
AAGCGGCGTCATGGGT-1,0,9,97,7857,2561
ACTAATACGTCAGGCG-1,0,8,98,7962,2501
GGCTGAGCATCGTAAG-1,0,9,99,7857,2440
CGGTTGGGTTCAAGTT-1,0,8,100,7962,2380
GACTGATTGGTCACAA-1,0,9,101,7857,2319
AGACGGGCCGATTTAA-1,0,8,102,7962,2258
ACCAGTGCCCGGTCAA-1,0,9,103,7856,2198
GTCCTTTAATGACTTC-1,0,8,104,7962,2137
CCTACAAGTCCGGAAT-1,0,9,105,7856,2077
GCCTGCTACACTGAGA-1,0,8,106,7962,2016
GACTCGGTCGGCGGAT-1,0,9,107,7856,1955
CTAGACATATATGTAG-1,0,8,108,7961,1895
TCGCCCAACTGACTCC-1,0,9,109,7856,1834
AAACTAACGTGGCGAC-1,0,8,110,7961,1774
AACTGAGGTCAGCGTC-1,0,9,111,7856,1713
ACAATGATTCTTCTAC-1,0,8,112,7961,1652
ATAAGTACCCGATTGT-1,0,9,113,7856,1592
ATTGGGAGTTCTGTAA-1,0,8,114,7961,1531
CGAACATAGTCAGAAA-1,0,9,115,7855,1471
TAGCTCAGATCCTAGT-1,0,8,116,7961,1410
GTGTCGTATTCACCTT-1,0,9,117,7855,1349
CTCACCGATCCAAACT-1,0,8,118,7961,1289
ATATGTGCACAAACCA-1,0,9,119,7855,1228
CAGTCCAACGCCTTCT-1,0,8,120,7960,1167
TCGTCCGGGTACACTC-1,0,9,121,7855,1107
GCAGAAACGTAATCCA-1,0,8,122,7960,1046
TTCGAGCCGGCGCTAC-1,0,9,123,7855,986
GGAAGATAAGACTGTA-1,0,8,124,7960,925
ATAAGCAAACACCGAG-1,0,9,125,7854,865
GCATAAATTGAACGCC-1,0,8,126,7960,804
CGCCGGTGTCGCAGTA-1,0,9,127,7854,743
GACCTGGTCTGGGCGT-1,0,10,0,7761,8440
AGCCGCTTGATTAGCG-1,0,11,1,7655,8380
CCCGGCTAGGTGAGAA-1,0,10,2,7761,8319
CGAGCCGAGCACTCGA-1,0,11,3,7655,8258
TAGTGCTTGAATCCTT-1,0,10,4,7760,8198
CAACCGCACCTAGACA-1,0,11,5,7655,8137
ACCACTGTTCAAGAAG-1,0,10,6,7760,8076
AGATGCTATAACGAGC-1,0,11,7,7655,8016
AATTACTCGTACGCTC-1,0,10,8,7760,7955
CGTCAATCTTTAACAT-1,0,11,9,7654,7895
CCAAAGCAGTTGGTTG-1,0,10,10,7760,7834
CCATATTGGATCATGA-1,0,11,11,7654,7774
CGTACCGAAAGTCTAG-1,0,10,12,7760,7713
CTCGAGATCCAAAGCA-1,0,11,13,7654,7652
TGGATAGAGTAACAGA-1,0,10,14,7759,7592
TCACAGATCCTCAAAC-1,0,11,15,7654,7531
AGAGCTACGAAAGCAT-1,0,10,16,7759,7470
TGCGTGATTGGGTGTC-1,0,11,17,7654,7410
CACATGTTTGGACATG-1,0,10,18,7759,7349
TTCGCATCCGGAAGCA-1,0,11,19,7654,7289
CCCTAGTGTCAGGTGT-1,0,10,20,7759,7228
TTACCGCCTTAGGGAA-1,0,11,21,7653,7168
CCAGTCCATTATTCGA-1,0,10,22,7759,7107
CGTAAACGCTTGAGTG-1,0,11,23,7653,7046
ATTCCTTCCAGGCGGT-1,0,10,24,7758,6986
TTCCTTTCTGTGTTGC-1,0,11,25,7653,6925
AGTTGACATCGGCTGG-1,0,10,26,7758,6864
AACTCGATGGCGCAGT-1,0,11,27,7653,6804
GATAAGGCAGATGCAA-1,0,10,28,7758,6743
GGCTGGCTAGCTTAAA-1,0,11,29,7653,6683
CCTCATGCAGCTACGA-1,0,10,30,7758,6622
GACGCCTGTTGCAGGG-1,0,11,31,7652,6562
TAATTAGATGGATATG-1,0,10,32,7758,6501
GAGGGCATCGCGTATC-1,0,11,33,7652,6440
CTTGTGAGTCTTTGAC-1,0,10,34,7758,6380
TCAACACATTGGGTAA-1,0,11,35,7652,6319
ACTGTATACGCGAGCA-1,0,10,36,7757,6258
GTGAAACGTGCTCCAC-1,0,11,37,7652,6198
CGAGTGCTATAGTTCG-1,0,10,38,7757,6137
GTACTGCATGAAGCGT-1,0,11,39,7652,6077
GTAACTTGCGGCAGTC-1,0,10,40,7757,6016
GAATCGCCGGACACGG-1,0,11,41,7651,5956
GGGAGTAATGGCTGGC-1,0,10,42,7757,5895
CATGAACCGACATTTG-1,0,11,43,7651,5834
TCTGTCATACAAGAGC-1,0,10,44,7757,5774
GTCGTCAATTATAAGG-1,0,11,45,7651,5713
TAAAGAGCCCGAAACC-1,0,10,46,7756,5652
GTACTGAGGTCGTAAC-1,0,11,47,7651,5592
AAAGACCCAAGTCGCG-1,0,10,48,7756,5531
CGTCAGTGCGCACAAG-1,0,11,49,7651,5471
TGTATCCTTATTCCAT-1,0,10,50,7756,5410
ATTCTCGTCTCTTTAG-1,0,11,51,7650,5350
AAAGTCACTGATGTAA-1,0,10,52,7756,5289
TGTCTACAGTTTCTGT-1,0,11,53,7650,5228
TTAACGTCGCAAGACC-1,0,10,54,7756,5168
CTATGTCTATTGAAAC-1,0,11,55,7650,5107
TCGGGTGAAACTGCTA-1,0,10,56,7755,5046
TGTCCCGACATAGCAC-1,0,11,57,7650,4986
ACAGCATAGAGCCAGT-1,0,10,58,7755,4925
ATATTCCCACAGGTCA-1,0,11,59,7650,4865
TTGGATCGACTTCTGG-1,0,10,60,7755,4804
CACCATCGGAGGAGAC-1,0,11,61,7650,4743
TCGTTCGTTATTATGT-1,0,10,62,7755,4683
CTTAACTTCGAAGTAC-1,0,11,63,7649,4622
GCACAAGTGTCGGAAG-1,0,10,64,7755,4562
TACCAGCTAGGTTTAA-1,0,11,65,7649,4501
ACGTACAGATTTCTCT-1,0,10,66,7755,4440
AATTTGGTTCCAAAGA-1,0,11,67,7649,4380
GTAAGGATTTGTCGGA-1,0,10,68,7754,4319
CATCATCTACCCGGAC-1,0,11,69,7649,4259
ACGATGGATCCGATGC-1,0,10,70,7754,4198
CACTCAGCTCTTGAGG-1,0,11,71,7649,4137
TAGATCCGAAGTCGCA-1,0,10,72,7754,4077
TGAAACTTATGCAAGC-1,0,11,73,7648,4016
GCGATTCTGGAAGCAG-1,0,10,74,7754,3955
CAAACTATTGAGCTTC-1,0,11,75,7648,3895
TAGAATTAAGGGCAAC-1,0,10,76,7754,3834
CGAAACATAGATGGCA-1,0,11,77,7648,3774
GATGGTGCCCTAGGCA-1,0,10,78,7753,3713
CCCGCAGGGCCCAAAG-1,0,11,79,7648,3653
ACAGCGCACCCGCAGC-1,0,10,80,7753,3592
GGTAAATGTGCGTTAC-1,0,11,81,7648,3531
GTCCTTCTAGTGGGTT-1,0,10,82,7753,3471
GGAAGCTCGCTTACAG-1,0,11,83,7647,3410
CACCGATACACCGAGC-1,0,10,84,7753,3349
CAGCCGGGCCCTCTAT-1,0,11,85,7647,3289
CGGAGCTTATAACACC-1,0,10,86,7753,3228
ATTACAACTACCGGCC-1,0,11,87,7647,3168
TCCTCTGGCCCATTAG-1,0,10,88,7752,3107
CGGCACCGTTAGCGCC-1,0,11,89,7647,3047
TCGGTCCCTGACTCCA-1,0,10,90,7752,2986
TGGTTGGAGGATCCTG-1,0,11,91,7647,2925
CTGCGGTAGTCACGTG-1,0,10,92,7752,2865
GTGCCTCAGTGTACGG-1,0,11,93,7647,2804
ATCGTTCACTTTCGCC-1,0,10,94,7752,2743
ACTTACCGGGCGCGCA-1,0,11,95,7646,2683
CTAGACTGCATTTCGT-1,0,10,96,7752,2622
TTGCCGGTGATCCCTC-1,0,11,97,7646,2562
CTGTCACGCCAGGCGC-1,0,10,98,7752,2501
CGGTATAGGTATTAGC-1,0,11,99,7646,2441
CCAACGCTTGCCAGGG-1,0,10,100,7751,2380
CGTTGAGTAATTGCGT-1,0,11,101,7646,2319
TGTATTTACCTAATGC-1,0,10,102,7751,2259
TAAATGCCGTCTCATG-1,0,11,103,7646,2198
CGGTTTATGAAGGAAC-1,0,10,104,7751,2137
GCAAGATGTGTTCGCG-1,0,11,105,7645,2077
AAAGGTAAGCTGTACC-1,0,10,106,7751,2016
GTACGTCACGTATTAA-1,0,11,107,7645,1956
AGTACCTTCGAGTGCT-1,0,10,108,7751,1895
ATTGTGACTTCGCTGC-1,0,11,109,7645,1835
TGTATCAGACTGAAGC-1,0,10,110,7750,1774
GAGACCCTGCAACGCC-1,0,11,111,7645,1713
TGGGTGGGATGTCATT-1,0,10,112,7750,1653
GGCTAATGATTGAAAT-1,0,11,113,7645,1592
ATAACGTTACCTCCAC-1,0,10,114,7750,1531
TGCGAGATGGCGGCCA-1,0,11,115,7644,1471
CACACTTGTATTGCGA-1,0,10,116,7750,1410
GCTGGTGACTCGTAGT-1,0,11,117,7644,1350
CGACACCGCTTAAGGA-1,0,10,118,7750,1289
GTAACAACTGACCTTG-1,0,11,119,7644,1229
CAACTGAGGGTATGAC-1,0,10,120,7749,1168
CTAATTATGAAGCGTA-1,0,11,121,7644,1107
CCGATCTTAAGAGGCT-1,0,10,122,7749,1047
CGACTCGGTACACGGT-1,0,11,123,7644,986
TGCTGCGTCAGAGTTA-1,0,10,124,7749,925
AGAGTTGCAGGCCTCC-1,0,11,125,7644,865
ACTGGCGAACCTGCGT-1,0,10,126,7749,804
ACTAAGGACGCACACC-1,0,11,127,7643,744
CGTCCAGATGGCTCCA-1,0,12,0,7550,8440
ACTATCGCCGGCTAAA-1,0,13,1,7444,8380
GATAGCGTACCACGCG-1,0,12,2,7550,8319
AGGACTTATAGGAGAA-1,0,13,3,7444,8259
TAGTCGGGATTCTTCG-1,0,12,4,7549,8198
ACCATTAAGGGTGTCA-1,0,13,5,7444,8138
TTAATGTGTTTGCAGG-1,0,12,6,7549,8077
TCCGCAGCCACCTAGC-1,0,13,7,7444,8016
GAGGAGATCCTCATGC-1,0,12,8,7549,7956
GGTCCTTCATACGACT-1,0,13,9,7444,7895
CCCTGTTGGCAAAGAC-1,0,12,10,7549,7834
GTGCCTAGCTATGCTT-1,0,13,11,7443,7774
GTCATCTCCTACAGCT-1,0,12,12,7549,7713
GCGAGAAACGGGAGTT-1,0,13,13,7443,7653
CGTCGCGGCGGGATTT-1,0,12,14,7549,7592
CATTGTGTGCTAGATC-1,0,13,15,7443,7531
CGCGGCAGTATTACGG-1,0,12,16,7548,7471
GAAATGGGATGTAAAC-1,0,13,17,7443,7410
CATTCCCTAAGTACAA-1,0,12,18,7548,7350
AGTTCTGCGTTGTATC-1,0,13,19,7443,7289
ACCCTATAGGACTGAG-1,0,12,20,7548,7228
TTAGATAGGTCGATAC-1,0,13,21,7442,7168
ATTGATAGCAACGAGA-1,0,12,22,7548,7107
TCTCGGCTCCAGGACT-1,0,13,23,7442,7047
CTTGAGGTTATCCCGA-1,0,12,24,7548,6986
AAGAAGGATCAGTTAG-1,0,13,25,7442,6925
GTACGACGGCGCTGCG-1,0,12,26,7547,6865
CTTATGTTGACTACCA-1,0,13,27,7442,6804
CGGCACTCAAGAAAGT-1,0,12,28,7547,6744
GTCAAAGTTTACATAG-1,0,13,29,7442,6683
CTCCTAAGTTATGTCT-1,0,12,30,7547,6622
ACTGTGCTAGTAGATC-1,0,13,31,7441,6562
GTTTGGCCGCTCAGCG-1,0,12,32,7547,6501
TTATCCAATCGAACTC-1,0,13,33,7441,6441
CCGTACCCAAGCGCCA-1,0,12,34,7547,6380
CATACAAAGCCGAACC-1,0,13,35,7441,6319
GGTCGGTAATTAGACA-1,0,12,36,7546,6259
AGCGGGAAGGGTCCAT-1,0,13,37,7441,6198
GCCCACCAAGGCTGTC-1,0,12,38,7546,6137
GTAGACGTCGTTACAT-1,0,13,39,7441,6077
GAGCATCATCCCTGGG-1,0,12,40,7546,6016
AGGTAACCTCCTATTC-1,0,13,41,7441,5956
GGTTTGAGTGCTGGAA-1,0,12,42,7546,5895
GCACTAGTCGCGCTAT-1,0,13,43,7440,5835
GGTAACTATGTATCTG-1,0,12,44,7546,5774
GCGGTCCCTAGACGCA-1,0,13,45,7440,5713
CGAGCGTTGATCAGCC-1,0,12,46,7546,5653
AATCCAAGGGCCTGAG-1,0,13,47,7440,5592
CCGTGCCCATGACGGC-1,0,12,48,7545,5531
GAAATTCACATCGCTG-1,0,13,49,7440,5471
CTCTGCGAAGCAAGCA-1,0,12,50,7545,5410
AGTAGGTAACATACAT-1,0,13,51,7440,5350
ATTGGGAATATCTTGG-1,0,12,52,7545,5289
TAGAGCTACGAAGAAC-1,0,13,53,7439,5229
TGCGGCATAGTTCAAC-1,0,12,54,7545,5168
CCGCCGGTCAACACAC-1,0,13,55,7439,5107
TCGTATAGTGCAATTA-1,0,12,56,7545,5047
TAGTTTATTCTTGCTT-1,0,13,57,7439,4986
GATATCTCATGCAATA-1,0,12,58,7544,4925
CGTTTAAGCGGAGCAC-1,0,13,59,7439,4865
CATGCTGGCTCCAATT-1,0,12,60,7544,4804
GAAACAGCCATGCAGT-1,0,13,61,7439,4744
AGTTTCGCAGGTCGGA-1,0,12,62,7544,4683
CTCATGGCTCACAATC-1,0,13,63,7438,4623
AACCGTTGTGTTTGCT-1,0,12,64,7544,4562
ACCCTTCATCTGCGAA-1,0,13,65,7438,4501
TGCGGTGAAATTTCAT-1,0,12,66,7544,4441
CAAATTGTCAGCAAGC-1,0,13,67,7438,4380
GAGGTACATCCATCTT-1,0,12,68,7543,4319
AAATGGCATGTCTTGT-1,0,13,69,7438,4259
TCATCCCAGAGGGTGG-1,0,12,70,7543,4198
CGTAGCGAATTGTCAG-1,0,13,71,7438,4138
CCTAGTTAGTCGCATG-1,0,12,72,7543,4077
GAAACTCTAATGAAGG-1,0,13,73,7438,4017
TTGTATCACACAGAAT-1,0,12,74,7543,3956
TTCAAGCCGAGCTGAG-1,0,13,75,7437,3895
AGGTACGATATTGCCA-1,0,12,76,7543,3835
TTAAGCCGACAACTTC-1,0,13,77,7437,3774
GTCTTAGTACAGCCGG-1,0,12,78,7542,3713
TGGGTAAGGTTCCCGC-1,0,13,79,7437,3653
CTACGCCATTTCCGAT-1,0,12,80,7542,3592
GACCGTCAGGTCGTGA-1,0,13,81,7437,3532
TAGTTAAGATAGGATA-1,0,12,82,7542,3471
GAATATTCGGAGTCCC-1,0,13,83,7437,3411
CAAACTACGATAGAGA-1,0,12,84,7542,3350
CAGGAAGACTTTATAT-1,0,13,85,7436,3289
TTCGTAATCCCAGCGG-1,0,12,86,7542,3229
GTGAGGAGCGGTTGAG-1,0,13,87,7436,3168
CAATCCCTATACCAGC-1,0,12,88,7542,3107
AGGGAAACGAGGTACT-1,0,13,89,7436,3047
TCCTGCCAACTGGAGA-1,0,12,90,7541,2986
AATTTGGGACATAGTA-1,0,13,91,7436,2926
AACTCCTAATCCCATG-1,0,12,92,7541,2865
GCTCATTACTGCATGT-1,0,13,93,7436,2805
TCTCGAACGAGGTCAC-1,0,12,94,7541,2744
TCACTACGACCAATGC-1,0,13,95,7435,2683
GTGATGCACAACATCT-1,0,12,96,7541,2623
CCGACGTAAACACAAC-1,0,13,97,7435,2562
TGGGATGCACTCATTC-1,0,12,98,7541,2501
TTCCATCATGCGGTGA-1,0,13,99,7435,2441
TGCACAGTGAAGTTAT-1,0,12,100,7540,2380
CTATTGTGTTTGGTCA-1,0,13,101,7435,2320
TGCGAGCCCTTCCGCG-1,0,12,102,7540,2259
TTGAAAGGTGTAAAGG-1,0,13,103,7435,2199
GGTGCAGAGCCTATCG-1,0,12,104,7540,2138
ACTATATGCTGTGTTC-1,0,13,105,7435,2077
TCCTGGCGCTGCCTGG-1,0,12,106,7540,2017
GAGCCGAGCGTTTATT-1,0,13,107,7434,1956
AGAATGCGGGTTCGGA-1,0,12,108,7540,1895
ATGCGACAATTGGTCC-1,0,13,109,7434,1835
TTCCGGCTCGACTTCT-1,0,12,110,7539,1774
TGATTATGGCACGCAG-1,0,13,111,7434,1714
GGTTTGACAAGAAGCT-1,0,12,112,7539,1653
GCAGCTATGGACAGGT-1,0,13,113,7434,1593
CACCATGATCGCAAAG-1,0,12,114,7539,1532
GTCGGAAGGATACCAG-1,0,13,115,7434,1471
GGCCCAGTTATCAGCA-1,0,12,116,7539,1411
GGGCCTATTTAAGTAT-1,0,13,117,7433,1350
GTTGTTACATTGCGCT-1,0,12,118,7539,1289
CAACTCCGTAACTTGC-1,0,13,119,7433,1229
GATCTTTGCTCAAAGA-1,0,12,120,7539,1168
TCGCTTAATTACGAAG-1,0,13,121,7433,1108
CGATCATTAGAGGCAC-1,0,12,122,7538,1047
TGTTCTCTACTCCCTA-1,0,13,123,7433,987
GCTTAGGGAAGCGGTA-1,0,12,124,7538,926
CAGGTTTAGTACTACA-1,0,13,125,7433,865
AAGCGGAGTGCGCGCA-1,0,12,126,7538,805
TCAGATGGAGACGTAG-1,0,13,127,7432,744
TCGCACTAACGTTTGT-1,0,14,0,7339,8441
CACGTCGGGTTCTAGA-1,0,15,1,7233,8380
GGAGTACACATGAGCT-1,0,14,2,7339,8319
GTGTGTCGACGTCGCT-1,0,15,3,7233,8259
GAAGCTCTTTGCTTAG-1,0,14,4,7339,8198
ACACCGAGCGCTCTTT-1,0,15,5,7233,8138
CGTAATAATTACGAGT-1,0,14,6,7338,8077
CATCAACACCTACTAA-1,0,15,7,7233,8017
CCAAGTTTCTACAGAT-1,0,14,8,7338,7956
ACGGGTCATGTGACTT-1,0,15,9,7233,7895
AGTGTGCTAAGATCGC-1,0,14,10,7338,7835
GGCGGTTTGCCGGTGC-1,0,15,11,7232,7774
GTATAATCTCCCGGAT-1,0,14,12,7338,7713
TAGTCCGTATGCATAA-1,0,15,13,7232,7653
CACTTCGTCTTATCTC-1,0,14,14,7338,7592
CATCCGCAGGCCCGAA-1,0,15,15,7232,7532
CCCTGATGTAACTCGT-1,0,14,16,7337,7471
CCATAGTCAGTAACCC-1,0,15,17,7232,7411
CGGGCCATAGCCGCAC-1,0,14,18,7337,7350
CTCCGGCTTGTAGACA-1,0,15,19,7232,7289
AACTTGCGTTCTCGCG-1,0,14,20,7337,7229
AATGAGTTCGCATATG-1,0,15,21,7232,7168
CGAGGCCAGGCATTGG-1,0,14,22,7337,7107
TCTGCGTCCGGTTTCT-1,0,15,23,7231,7047
CAATCCTGCCGTGGAG-1,0,14,24,7337,6986
CTGAGCAAGTAACAAG-1,0,15,25,7231,6926
GGGTACCCACGGTCCT-1,0,14,26,7337,6865
ACGGAATTTAGCAAAT-1,0,15,27,7231,6805
GGGCGGTCCTATTGTC-1,0,14,28,7336,6744
ATGTTACGAGCAATAC-1,0,15,29,7231,6683
AACCATGGGATCGCTA-1,0,14,30,7336,6623
TCGCATCCCTAAGTGT-1,0,15,31,7231,6562
ACTTAGTACGACAAGA-1,0,14,32,7336,6501
GAGCTCTCGGACCTAA-1,0,15,33,7230,6441
TCTATTACGCTGGCGA-1,0,14,34,7336,6380
AGATACGACTTCATAT-1,0,15,35,7230,6320
CGCTATACCGCCCACT-1,0,14,36,7336,6259
CAGTGTCCGCAGAATG-1,0,15,37,7230,6199
CCATCCATACCAAGTC-1,0,14,38,7335,6138
AACCCAGAGACGGAGA-1,0,15,39,7230,6077
GAAGAACGGTGCAGGT-1,0,14,40,7335,6017
GATAAATCGGTGGATG-1,0,15,41,7230,5956
CAGCTCGTGCTTGTGT-1,0,14,42,7335,5895
GAGTACGGGTATACAA-1,0,15,43,7229,5835
CATCGCCCGCGGCCAA-1,0,14,44,7335,5774
TCTTACAGAGGTACCG-1,0,15,45,7229,5714
TGGAAGACGAACACCA-1,0,14,46,7335,5653
GTTGTCGTGTTAGTTG-1,0,15,47,7229,5593
CCAAGGAACAGAGAGG-1,0,14,48,7334,5532
CTGCACCTGGAACCGC-1,0,15,49,7229,5471
CGCTTTCATACCGGTG-1,0,14,50,7334,5411
GTTCTTCCCTCGATGT-1,0,15,51,7229,5350
ATTTAACTCGTATTAC-1,0,14,52,7334,5289
AACGATAGAAGGGCCG-1,0,15,53,7229,5229
TATCCTGCATGGGAAT-1,0,14,54,7334,5168
AGGCCCATTGTACAGG-1,0,15,55,7228,5108
CCGGCGCATATTGGAT-1,0,14,56,7334,5047
ATCTGTAATTGTACCC-1,0,15,57,7228,4987
GAGCGAGGGAGTACCG-1,0,14,58,7333,4926
TTATTAGGGAAGCATC-1,0,15,59,7228,4865
CTTCTTACGTCGTATA-1,0,14,60,7333,4805
GAAGTGCTGGATAGCT-1,0,15,61,7228,4744
GTGCAACAAATGTGGC-1,0,14,62,7333,4683
CATGCGTTAGACAGAA-1,0,15,63,7228,4623
ACACACTTTCTACACG-1,0,14,64,7333,4562
AGCCCTAAGCGAAGTT-1,0,15,65,7227,4502
ATTAATTCGGTCACTC-1,0,14,66,7333,4441
AACAGGAAATCGAATA-1,0,15,67,7227,4381
ACGTTTAGTTGTGATC-1,0,14,68,7333,4320
TCCTTCAGTGGTCGAA-1,0,15,69,7227,4259
CGAACGCCCAGTGCCG-1,0,14,70,7332,4199
CCTCGAAGTGGACGGG-1,0,15,71,7227,4138
CTCTGTTTGAGGATTC-1,0,14,72,7332,4077
TGGGCACGTTCTATGG-1,0,15,73,7227,4017
ACTATTCGTCCGTGGT-1,0,14,74,7332,3956
CCTCTGGCCTAGACGG-1,0,15,75,7226,3896
CCATAAACAACCCGAC-1,0,14,76,7332,3835
CATAGTACATTGAGAG-1,0,15,77,7226,3775
ATTTCATTATTTCGCG-1,0,14,78,7332,3714
CAACTATATCGAATGC-1,0,15,79,7226,3653
CTAGTATTCGGAATTA-1,0,14,80,7331,3593
GTGGAACCTACATGCG-1,0,15,81,7226,3532
CCTAAAGGCTGACGCT-1,0,14,82,7331,3471
CGTGACATTGGGTCGT-1,0,15,83,7226,3411
CCAATCGGTAGATCGA-1,0,14,84,7331,3350
ATTGTCGCAATACCTT-1,0,15,85,7225,3290
AAATTACACGACTCTG-1,0,14,86,7331,3229
CACTCCTCTCGGTCGG-1,0,15,87,7225,3168
AAATAACCATACGGGA-1,0,14,88,7331,3108
AGTTACTCTATCGTGG-1,0,15,89,7225,3047
CGTTAGCTCACAACTG-1,0,14,90,7330,2987
GAATGTATGGCAGGTC-1,0,15,91,7225,2926
GCAACCACCAGACCGG-1,0,14,92,7330,2865
TCACTCGTGCAACGGC-1,0,15,93,7225,2805
AAACAGAGCGACTCCT-1,0,14,94,7330,2744
CAGCCTCTCCTCAAGA-1,0,15,95,7225,2684
TTGCGTGAACGCTTAG-1,0,14,96,7330,2623
CCGCCTGCGAATTGGT-1,0,15,97,7224,2562
AGATGAGGGTTGCGAT-1,0,14,98,7330,2502
CGGTGGGCTCCAGCCT-1,0,15,99,7224,2441
GGCAGCGGTAATCCTA-1,0,14,100,7330,2381
GCTAGCAGGGAGTGGG-1,0,15,101,7224,2320
CTCAAGACATTAGCGC-1,0,14,102,7329,2259
CACGGCGCGCCAAAGG-1,0,15,103,7224,2199
TGCAATTTGGGCACGG-1,0,14,104,7329,2138
ATGCCAATCGCTCTGC-1,0,15,105,7224,2078
GCTGGACCCAAAGTGG-1,0,14,106,7329,2017
ATTCCTAAGACGTGGA-1,0,15,107,7223,1956
TCCGGAGGAAGGGCTG-1,0,14,108,7329,1896
TCGGTGACCGCTCCGG-1,0,15,109,7223,1835
TCCGAAGTAGTCACCA-1,0,14,110,7329,1774
CATGTAGGAGCGCCAA-1,0,15,111,7223,1714
CACAAGAAAGATATTA-1,0,14,112,7328,1653
AGGGTCAGTAACCCTA-1,0,15,113,7223,1593
TAAGCCCTTACGACCA-1,0,14,114,7328,1532
ATACCGTCATCCATAA-1,0,15,115,7223,1472
GGACGTCCATAGTTGG-1,0,14,116,7328,1411
CATCAAACTGGCGCCC-1,0,15,117,7222,1350
AAACGTGTTCGCCCTA-1,0,14,118,7328,1290
AAATTGGTGAGAAGCA-1,0,15,119,7222,1229
GGTCATTGTAGTCATA-1,0,14,120,7328,1168
TGCAGTGAGGCTCGGG-1,0,15,121,7222,1108
GAACATTAGTATGTTA-1,0,14,122,7327,1047
GGTTTGCGAACACGTA-1,0,15,123,7222,987
ACACAAATATTCCTAG-1,0,14,124,7327,926
TTGGGTTTATTCAGCG-1,0,15,125,7222,866
ATTCGCAGAGGACACT-1,0,14,126,7327,805
GATTTAGTGCGTACTG-1,0,15,127,7222,744
TAGAAACACAATAGTG-1,0,16,0,7128,8441
CAGTAGATGATGTCCG-1,0,17,1,7023,8381
TCTTAACTCGGATGTA-1,0,16,2,7128,8320
TACATCTTGTTTCTTG-1,0,17,3,7022,8259
TTCATAGGGTGTCCAT-1,0,16,4,7128,8199
TGAAGTAGCTTACGGA-1,0,17,5,7022,8138
GCACAAGTGGATCATA-1,0,16,6,7127,8077
GGGCGAATTTCTCCAC-1,0,17,7,7022,8017
ATGTTCCTGCCCACCT-1,0,16,8,7127,7956
GCTCAACCTCTTAGAG-1,0,17,9,7022,7896
ATAGCTGCTCTTGTTA-1,0,16,10,7127,7835
CGTCAGCTATTTACTC-1,0,17,11,7022,7775
ATCTGATAGTGTCTTA-1,0,16,12,7127,7714
TGCACTATGTGAGTGC-1,0,17,13,7021,7653
CCGACAAACACATGAG-1,0,16,14,7127,7593
GCCTTGTATATGCAGT-1,0,17,15,7021,7532
ATAATACCGTTAGCCG-1,0,16,16,7127,7471
ACACTCCAATGTCACT-1,0,17,17,7021,7411
AGTTGCTGACTGATAT-1,0,16,18,7126,7350
GGCGCTCCTCATCAAT-1,0,17,19,7021,7290
TGCCTGACATCGGTCA-1,0,16,20,7126,7229
TTGGCCATCTTGCGCT-1,0,17,21,7021,7169
CAGTGGTTGCACATGA-1,0,16,22,7126,7108
AGAATTGTTTGACATA-1,0,17,23,7020,7047
AAATGCTCGTTACGTT-1,0,16,24,7126,6987
CACCTAATAGAGTCGT-1,0,17,25,7020,6926
CATTTCTAGCAGACTA-1,0,16,26,7126,6865
CCGAAAGTGGTGAGCA-1,0,17,27,7020,6805
AGTCAGCCACCGCCTG-1,0,16,28,7125,6744
TCATCACTCGAGCTCG-1,0,17,29,7020,6684
CTCAGGACTCACCTGT-1,0,16,30,7125,6623
CGGTGTACTTGATCCC-1,0,17,31,7020,6563
CCTACGGCTCAGTCGA-1,0,16,32,7125,6502
GTACTTGGGCACTTCT-1,0,17,33,7020,6441
TGATTTCCTCCTGACG-1,0,16,34,7125,6381
CCTCACCAATCTTGAC-1,0,17,35,7019,6320
GGTGAGATGCAGATAA-1,0,16,36,7125,6259
GCTAGTTTCATTGAGG-1,0,17,37,7019,6199
AGGACATCGCACGTCG-1,0,16,38,7124,6138
GTGGACGTGCTGAGAC-1,0,17,39,7019,6078
TAAGGAACTTGTGGGA-1,0,16,40,7124,6017
TCGCTGTGCGTAAATC-1,0,17,41,7019,5957
GCATCCCTAACTTTGA-1,0,16,42,7124,5896
CACCCACACGTCACCC-1,0,17,43,7019,5835
CCCTCATTCTGGAATT-1,0,16,44,7124,5775
AGGGCGTGATCGGCTA-1,0,17,45,7018,5714
GGTGCGGATAAGTGGC-1,0,16,46,7124,5653
TAATATTGAAATTCGC-1,0,17,47,7018,5593
CTTACACTGGGAAATA-1,0,16,48,7124,5532
ACCAAGAACGCGTGTC-1,0,17,49,7018,5472
GCCTTCAGCCCTACCG-1,0,16,50,7123,5411
GATGCTACAAGCGCCT-1,0,17,51,7018,5350
CCGGGACCCGCAGAGA-1,0,16,52,7123,5290
GTTCCAGTCTGACCAT-1,0,17,53,7018,5229
ATGATCGGGAATAGAC-1,0,16,54,7123,5169
TTGGATTGGGTACCAC-1,0,17,55,7017,5108
TACCTCACGCTTGTAC-1,0,16,56,7123,5047
CATGGCAGGAAGATCG-1,0,17,57,7017,4987
ATGACGCCGGCTCTAA-1,0,16,58,7123,4926
AGCGACATCCCATTCA-1,0,17,59,7017,4866
AGTAATGTCTTGCCGC-1,0,16,60,7122,4805
TTCTTAGTGGCTCAGA-1,0,17,61,7017,4744
CGTCTGGAAGGGCCCG-1,0,16,62,7122,4684
ACGTGCGCCTCGTGCA-1,0,17,63,7017,4623
AGAGCGGGCTAATCAT-1,0,16,64,7122,4562
GCGTCGAAATGTCGGT-1,0,17,65,7016,4502
AACTGATATTAGGCCT-1,0,16,66,7122,4441
CGAGCTGGGCTTTAGG-1,0,17,67,7016,4381
GGGTGTTTCAGCTATG-1,0,16,68,7122,4320
TTAATTTCAGACGCGG-1,0,17,69,7016,4260
ACTGCCGTCGTAACTC-1,0,16,70,7121,4199
GTGCACGAAAGTGACT-1,0,17,71,7016,4138
ATCTCCCTGCAATCTA-1,0,16,72,7121,4078
ACGCCAGATGATTTCT-1,0,17,73,7016,4017
AGCTATTTAATCCAAC-1,0,16,74,7121,3956
CCACGAGAAGAGAATC-1,0,17,75,7016,3896
GATTCCGCGTTTCCGT-1,0,16,76,7121,3835
GTCGGATGTAGCGCGC-1,0,17,77,7015,3775
TATTTATACCGAGTAG-1,0,16,78,7121,3714
GTAGGTGATCCGTGTA-1,0,17,79,7015,3654
AGTTAAGCGGTCCCGG-1,0,16,80,7121,3593
CTGGCGACATAAGTCC-1,0,17,81,7015,3532
TTGGCCTAGAATTTCG-1,0,16,82,7120,3472
GGCATATCGGTTCTGC-1,0,17,83,7015,3411
GGGCGTCCACTGGCTC-1,0,16,84,7120,3350
TTACCCATTGCCGGGT-1,0,17,85,7015,3290
TTAGACACGATCGTTG-1,0,16,86,7120,3229
GCGCTGATCCAGACTC-1,0,17,87,7014,3169
TTCGGCAACCCGCTGA-1,0,16,88,7120,3108
GATATTTCCTACATGG-1,0,17,89,7014,3048
CTGCGTTACGATATAA-1,0,16,90,7120,2987
TAATAAACAAGGAGAT-1,0,17,91,7014,2926
AACCTTTACGACGTCT-1,0,16,92,7119,2866
AGTCCCGCCTTTAATT-1,0,17,93,7014,2805
TGAGATTAGGCCCTAA-1,0,16,94,7119,2744
AGTGTATTGCGCATTG-1,0,17,95,7014,2684
GTTGGATTCAGTGGCT-1,0,16,96,7119,2623
TAAAGCTGCAATAGGG-1,0,17,97,7013,2563
AGTAGGAAGGAAGTTG-1,0,16,98,7119,2502
TATCACTTCGAGTAAC-1,0,17,99,7013,2442
TGATCTACGCTGATCT-1,0,16,100,7119,2381
GGATCATCCCGTACGC-1,0,17,101,7013,2320
TGACACTTCTCTTTGC-1,0,16,102,7118,2260
AGCCCTTCTAATCCGA-1,0,17,103,7013,2199
CACCGCGTCCACTCTA-1,0,16,104,7118,2138
TAATTGGAATCGGGAA-1,0,17,105,7013,2078
TCGTAAGCTCCGAGGA-1,0,16,106,7118,2017
TATATTACAAATGTCG-1,0,17,107,7013,1957
CGCGAGAGGGACTTGT-1,0,16,108,7118,1896
GGACCTACGGTAACGT-1,0,17,109,7012,1836
GAAATATGCTTGAATG-1,0,16,110,7118,1775
CCGTATTAGCGCAGTT-1,0,17,111,7012,1714
AGGCGTCTATGGACGG-1,0,16,112,7118,1654
AACATCGATACGTCTA-1,0,17,113,7012,1593
TGAATATGCTATAAAC-1,0,16,114,7117,1532
ACCAAACACCCAGCGA-1,0,17,115,7012,1472
TGGCTTGTACAAGCTT-1,0,16,116,7117,1411
GAATGAAGGTCTTCAG-1,0,17,117,7012,1351
AGATACCAGCACTTCA-1,0,16,118,7117,1290
GCGGTCCCGGTGAAGG-1,0,17,119,7011,1230
GAGGCATTTGCAGCAG-1,0,16,120,7117,1169
GGCAAGCCAGGGATAG-1,0,17,121,7011,1108
TCTACGGGCTCAGTTG-1,0,16,122,7117,1048
TCTGCGAATCGTTCGC-1,0,17,123,7011,987
AGCTCGTTGATGGAAA-1,0,16,124,7116,926
TGAATGAGATACAGCA-1,0,17,125,7011,866
ACCCTTGCCTGGGTCG-1,0,16,126,7116,805
GGCGAACCGTTCTGAT-1,0,17,127,7011,745
GCGATGTCTGTGCTTG-1,0,18,0,6917,8441
ATTAACACCTGAGATA-1,0,19,1,6812,8381
GAAATCTGACCAAGTT-1,0,18,2,6917,8320
CCTGACAAACTCGCGC-1,0,19,3,6811,8260
ATGTCATTTCCCATTG-1,0,18,4,6917,8199
GCGGTGCGGAGCATCG-1,0,19,5,6811,8138
CGGAAAGCAAATGTGC-1,0,18,6,6917,8078
GCTGAGCAACGGTTCT-1,0,19,7,6811,8017
TCACTCTTCGTCTGTC-1,0,18,8,6916,7957
GATCTTCATTGTCCTC-1,0,19,9,6811,7896
ACTCGATGTATTTCAT-1,0,18,10,6916,7835
TGAAGAGCGGTCCTAG-1,0,19,11,6811,7775
TAAACGTCGTCAATGA-1,0,18,12,6916,7714
ACGTTATTGGTCACTC-1,0,19,13,6810,7654
ATAGCCTCAGTACCCA-1,0,18,14,6916,7593
CGGGAGTATACCGCCG-1,0,19,15,6810,7532
GTCCTACAGGCGGCTC-1,0,18,16,6916,7472
CGGATAAGCGGACATG-1,0,19,17,6810,7411
AACTTCTGCGTCTATC-1,0,18,18,6915,7351
GGGTTCAGACGAACAA-1,0,19,19,6810,7290
AGTCTGGACATCCTTG-1,0,18,20,6915,7229
TTGAACGAATCCTTTG-1,0,19,21,6810,7169
GAAATACTAAACGTTT-1,0,18,22,6915,7108
CCCGCGCAATGCACCC-1,0,19,23,6810,7048
TTCGGCTAGAGATGGT-1,0,18,24,6915,6987
GACACGAGTTAGAGGA-1,0,19,25,6809,6926
GAGGTCCCAAAGATCT-1,0,18,26,6915,6866
TAACTCCATGGAGGCT-1,0,19,27,6809,6805
CTTGTTTATGTAGCCA-1,0,18,28,6915,6744
GATGGCGCACACATTA-1,0,19,29,6809,6684
ATAATAGTGTAGGGAC-1,0,18,30,6914,6623
CGCTATTCAATGTATG-1,0,19,31,6809,6563
ATATTGCTGTCAAAGT-1,0,18,32,6914,6502
GGATTCAGTACGGTGG-1,0,19,33,6809,6442
TTCTTAGTGAACGGTG-1,0,18,34,6914,6381
AATGGTTCTCACAAGC-1,0,19,35,6808,6320
TATACACGCAAAGTAT-1,0,18,36,6914,6260
CTTCATAGCTCAAGAA-1,0,19,37,6808,6199
CAACGGTTCTTGATAC-1,0,18,38,6914,6138
ACACCCGAGAAATCCG-1,0,19,39,6808,6078
TCTATCATGCAGTTAC-1,0,18,40,6913,6017
CCCGCCATGCTCCCGT-1,0,19,41,6808,5957
CGCTTCCACTGAAATC-1,0,18,42,6913,5896
CACTGTCCAAGTGAGA-1,0,19,43,6808,5836
ATTACTAGCCTCTTGC-1,0,18,44,6913,5775
CATAGTAGCATAGTAG-1,0,19,45,6807,5714
CAACTCCTTGATCCCG-1,0,18,46,6913,5654
AAGTAGAAGACCGGGT-1,0,19,47,6807,5593
GCGGGAACCAGGCCCT-1,0,18,48,6913,5532
ATTAGATTGATAGCGG-1,0,19,49,6807,5472
CTCGGTCCGTAGCCTG-1,0,18,50,6912,5411
TGGCTTTGGGTAGACA-1,0,19,51,6807,5351
TATCCATATCATGCGA-1,0,18,52,6912,5290
GGAGTGCCGCCCTGGA-1,0,19,53,6807,5230
TGAGAATGCTTTACCG-1,0,18,54,6912,5169
TTAACCAACCCTCCCT-1,0,19,55,6807,5108
TGTTTCGGTACTTCTC-1,0,18,56,6912,5048
TTGCTGAAGGAACCAC-1,0,19,57,6806,4987
TATTTAGTCTAGATCG-1,0,18,58,6912,4926
CTCCGGCCTAATATGC-1,0,19,59,6806,4866
TTGTGGCCCTGACAGT-1,0,18,60,6912,4805
TCGCCGGTCGATCCGT-1,0,19,61,6806,4745
CCATAGGTTGGCGTGG-1,0,18,62,6911,4684
GAACGACCGAATGATA-1,0,19,63,6806,4624
TCCGATAATTGCCATA-1,0,18,64,6911,4563
CATTACGTCGGCCCGT-1,0,19,65,6806,4502
CAAGCACCAAATGCCT-1,0,18,66,6911,4442
TGCATGGATCGGATCT-1,0,19,67,6805,4381
GAAATCGCGCGCAACT-1,0,18,68,6911,4320
CTGAAAGAGATCCGAC-1,0,19,69,6805,4260
CACCTCGATGGTGGAC-1,0,18,70,6911,4199
ATTTGTTCCAGGGCTC-1,0,19,71,6805,4139
TGGGCCACAAGAGCGC-1,0,18,72,6910,4078
CCTTCTTGATCCAGTG-1,0,19,73,6805,4018
CCTCGCCAGCAAATTA-1,0,18,74,6910,3957
TTCATGGCGCAACAGG-1,0,19,75,6805,3896
TTAATCAGTACGTCAG-1,0,18,76,6910,3836
CCTATCTATATCGGAA-1,0,19,77,6804,3775
ATTATACTTTGCTCGT-1,0,18,78,6910,3714
ATGGATCCGGCGTCCG-1,0,19,79,6804,3654
CGCCCGCTTCCGTACA-1,0,18,80,6910,3593
GGATTCCGCTATACCC-1,0,19,81,6804,3533
CGGTCTATCAACCCGT-1,0,18,82,6909,3472
ATGCCGGTTGATGGGA-1,0,19,83,6804,3412
TCATGCAGGTTCTCAT-1,0,18,84,6909,3351
TGAGCTTTAATGACGC-1,1,19,85,6804,3290
TCCCTTAGATTACTCG-1,0,18,86,6909,3230
ATATCTCCCTCGTTAA-1,1,19,87,6804,3169
AGCTCTTCCCAGTGCA-1,0,18,88,6909,3108
TCGCTAAACCGCTATC-1,1,19,89,6803,3048
CACATTCTTTCGATGG-1,0,18,90,6909,2987
GATATGCGGTAGCCAA-1,1,19,91,6803,2927
CGTTTCACTTCGGGCG-1,0,18,92,6908,2866
CCAATTACGGGTCGAG-1,1,19,93,6803,2806
GCAGGTAGAGTATGGT-1,0,18,94,6908,2745
GTCGTATTGGCGTACA-1,0,19,95,6803,2684
GAAATTAGCACGGATA-1,0,18,96,6908,2624
AATGCACCAAGCAATG-1,0,19,97,6803,2563
AGGACGCTCGATGTTG-1,0,18,98,6908,2502
GGCTAAAGGGCGGGTC-1,0,19,99,6802,2442
CATCTATCCCGTGTCT-1,0,18,100,6908,2381
CAGTAACTATTTATTG-1,0,19,101,6802,2321
CATATACTACTGATAA-1,0,18,102,6908,2260
GCGTTCGGAGACCGGG-1,0,19,103,6802,2200
AAGTTCAGTCTGCGTA-1,0,18,104,6907,2139
CGAAGCTATAAATTCA-1,0,19,105,6802,2078
CGCGGTCACAAACCAA-1,0,18,106,6907,2018
GGGAATGAGCCCTCAC-1,0,19,107,6802,1957
ACGGAGCGCAAATTAC-1,0,18,108,6907,1896
CGTTCTTCGCACACCT-1,0,19,109,6801,1836
GAATAGCCCTGCGGTC-1,0,18,110,6907,1775
AATAGCTACCGCGTGC-1,0,19,111,6801,1715
CCGAGCTGTGCTTGTC-1,0,18,112,6907,1654
GATGACGATGATCGCG-1,0,19,113,6801,1594
GCCTATGCTGGGCCTT-1,0,18,114,6906,1533
TTACTGTCTAGAGCTC-1,0,19,115,6801,1472
AGCGGTTGCCGCTCTG-1,0,18,116,6906,1412
GCTTGCAGCACAATTG-1,0,19,117,6801,1351
CCGGAGGTCTTATGGT-1,0,18,118,6906,1290
ACAGTATACCGTGGGA-1,0,19,119,6801,1230
GGGATCCCAATACAAA-1,0,18,120,6906,1169
ATTACGACTCCACAGT-1,0,19,121,6800,1109
CTCACACGCAAGCCTA-1,0,18,122,6906,1048
CCAGATGTAAATGGGT-1,0,19,123,6800,987
GAACTTGTGCACGGGA-1,0,18,124,6905,927
AAGCCGCTTTACCTTG-1,0,19,125,6800,866
TCCATTCCCACTAGAG-1,0,18,126,6905,806
AGAGCGCTTGTAACGG-1,0,19,127,6800,745
TGGGTTCCCGGACGGA-1,0,20,0,6706,8442
GCTGCGCCTCCCACGT-1,0,21,1,6601,8381
CTGTTGGCTCTTCTGA-1,0,20,2,6706,8320
TTGTTCTAGATACGCT-1,0,21,3,6601,8260
CCCTCAAGCTCTTAGT-1,0,20,4,6706,8199
TGGTCTAGCTTACATG-1,0,21,5,6600,8139
ATGCACCTTCCTTAAT-1,0,20,6,6706,8078
GGGATACGGTAATAAT-1,0,21,7,6600,8018
AGTTCACCGGTTGGAC-1,0,20,8,6706,7957
GACATACTGTCGCAGA-1,0,21,9,6600,7896
TGGACACCGTTGCTTG-1,0,20,10,6705,7836
TGCGATGCTAATGGCT-1,0,21,11,6600,7775
TTCTGTTTCCTGTCGC-1,0,20,12,6705,7714
CGTTGTAAACGTCAGG-1,0,21,13,6600,7654
GATCGGCGATAAGTCG-1,0,20,14,6705,7593
AGCCTTAAAGCGGAAG-1,0,21,15,6599,7533
TCCGTAACCACAATCC-1,0,20,16,6705,7472
GAATGCCGAAATGACC-1,0,21,17,6599,7412
TATACTCATGCGGCAA-1,0,20,18,6705,7351
TAGTGTCAGAAACGGC-1,0,21,19,6599,7290
CGTCATACCATATCCA-1,0,20,20,6704,7230
TAGTACCTTAGTGGTC-1,0,21,21,6599,7169
CTGGCGGGAATAAGTA-1,0,20,22,6704,7108
AGTGTGGTCTATTGTG-1,0,21,23,6599,7048
GCTATCGCGGCGCAAC-1,0,20,24,6704,6987
CAGTAATCCCTCCCAG-1,0,21,25,6598,6927
GTATTAAGGCGTCTAA-1,0,20,26,6704,6866
CTAATTTCAACAACAC-1,0,21,27,6598,6806
TTAGCAACATGGATGT-1,0,20,28,6704,6745
ATGCTCAGTGTTGCAT-1,0,21,29,6598,6684
GATGTTTGTGCGAGAT-1,0,20,30,6703,6624
CACTTCGCCACAGGCT-1,0,21,31,6598,6563
CTGTATGGTGTAGAAA-1,0,20,32,6703,6502
TACGTGCACTATGCTG-1,0,21,33,6598,6442
GTATCAGCTTGGGTTC-1,0,20,34,6703,6381
TAACAAAGGGAGAAGC-1,0,21,35,6598,6321
TTACATCGTGGCCTGG-1,0,20,36,6703,6260
TCTGAACCGGTCGGCT-1,0,21,37,6597,6200
GGCTCGTGCCACCAGC-1,0,20,38,6703,6139
TATAAGTGAGGATAGC-1,0,21,39,6597,6078
GCCCGCGCGTTTGACA-1,0,20,40,6703,6018
TGCTGGTTGGACAATT-1,0,21,41,6597,5957
GCCTAGCGATCTGACC-1,0,20,42,6702,5896
CCATGCTCTGCAGGAA-1,0,21,43,6597,5836
TATAAATCCACAAGCT-1,0,20,44,6702,5775
CGCTCGACATAATGAT-1,0,21,45,6597,5715
CCAATTGAATGTTAAT-1,0,20,46,6702,5654
GCTAATACCGAATGCC-1,0,21,47,6596,5594
TTCAACGACCCGACCG-1,0,20,48,6702,5533
TTCCTCGAGGGTGTCT-1,0,21,49,6596,5472
CAACGACCCGTTTACA-1,0,20,50,6702,5412
CTTGTACTTGTTGACT-1,0,21,51,6596,5351
TCTCTAATAGCTGGTA-1,0,20,52,6701,5290
ATTATGCCATAGGGAG-1,0,21,53,6596,5230
GACAACGCAGCTTACG-1,0,20,54,6701,5169
AGATGACTCGCCCACG-1,0,21,55,6596,5109
GTGCGGGTCTCCAAAT-1,0,20,56,6701,5048
GTACGAGATTGCGACA-1,0,21,57,6595,4988
GTATAGGACTCAGTAG-1,0,20,58,6701,4927
TTGCACGGAGCAGCAC-1,0,21,59,6595,4866
CACAGCTAGGGAGTGA-1,0,20,60,6701,4806
ATACTAGCATGACCCT-1,0,21,61,6595,4745
CCAAGACTTCTGCGAA-1,0,20,62,6700,4684
ACATAATAAGGCGGTG-1,0,21,63,6595,4624
TAATACACAGTAGTAT-1,0,20,64,6700,4563
TCTTGGTAACACCAAA-1,0,21,65,6595,4503
AACTGGGTCCCGACGT-1,0,20,66,6700,4442
ATCACTTCATCCTCGC-1,0,21,67,6595,4382
TGGAAGGATAAAGATG-1,0,20,68,6700,4321
CATGATGCACAATTCT-1,0,21,69,6594,4260
TGCCTGATCAAACGAT-1,0,20,70,6700,4200
ATAGGGATATCCTTGA-1,0,21,71,6594,4139
CACCTAATCAGTTTAC-1,0,20,72,6699,4078
TGTGACTACGCCAGTC-1,1,21,73,6594,4018
CCCGACCATAGTCCGC-1,1,20,74,6699,3957
CGCGCCCGACTTAATA-1,1,21,75,6594,3897
TGCCACCTGGCGAAAC-1,1,20,76,6699,3836
CTGCCAAGGTTGGAAG-1,1,21,77,6594,3775
TCTCCAACGTAGGTTA-1,1,20,78,6699,3715
TTCTTGGAGTAATGAG-1,1,21,79,6593,3654
GTCTCGATCTGCTTTC-1,1,20,80,6699,3594
TACTCTCCGAACAAAT-1,0,21,81,6593,3533
ATCACATTAGAATATC-1,1,20,82,6699,3472
TACGGGATGCTAGCAG-1,0,21,83,6593,3412
AGCTGAAGTAAACCAA-1,1,20,84,6698,3351
CATGGGTCGGGTGTGG-1,1,21,85,6593,3291
CACCCACGAGGCAATT-1,1,20,86,6698,3230
TGCCATTACTAAAGAA-1,1,21,87,6593,3169
CCGTTACGTTAGAACA-1,1,20,88,6698,3109
GCCAGGAGTAACCGAT-1,1,21,89,6592,3048
GGAAAGTGCCCATGCC-1,0,20,90,6698,2988
TCTTACCGGAACTCGT-1,1,21,91,6592,2927
TATGTCAAGACCGACT-1,1,20,92,6698,2866
CCTAACTAAGGCTCTA-1,1,21,93,6592,2806
GCGGTGAACTGCGCTC-1,1,20,94,6697,2745
CCTCGCGCGATATAGG-1,1,21,95,6592,2685
ATCGGCAAGCAGTCCA-1,0,20,96,6697,2624
AGATCGTGCATAAGAT-1,0,21,97,6592,2563
ATTCAGGACCTATTTC-1,0,20,98,6697,2503
AGCTAGAAGCAGAAGT-1,0,21,99,6591,2442
TTCGCTATCTGACGTG-1,0,20,100,6697,2381
TTCCGCAGAGAAATAT-1,0,21,101,6591,2321
CAGTACATTCTCTAAA-1,0,20,102,6697,2260
GTGAAGATTTCAAGTG-1,0,21,103,6591,2200
AACGCATGATCTGGGT-1,0,20,104,6696,2139
CCCAGAGGAGGGCGTA-1,0,21,105,6591,2079
GGAAACCTTGTTGAAT-1,0,20,106,6696,2018
GTGAAGCCGTATAGTC-1,0,21,107,6591,1957
GAGCTGTCGTCTCGGA-1,0,20,108,6696,1897
TGTCATTTGTTGGGAA-1,0,21,109,6591,1836
ACCAACACCACACACT-1,0,20,110,6696,1775
AAATGATTCGATCAGC-1,0,21,111,6590,1715
CTGCTTTATGTCCGCG-1,0,20,112,6696,1654
GCGAGAGGCCATGTAA-1,0,21,113,6590,1594
ATTGACCGGCGATGAC-1,0,20,114,6696,1533
ACCCTGGTAACGCCCT-1,0,21,115,6590,1473
GTTGGACCGCATCAGG-1,0,20,116,6695,1412
CGTTTACAAGGCAGCT-1,0,21,117,6590,1351
CGGTCCATGAGACTCC-1,0,20,118,6695,1291
GTTCGTCTGGGTCCCT-1,0,21,119,6590,1230
TGTACTACTCTCACGG-1,0,20,120,6695,1169
AGTGAAGATGGTGTCC-1,0,21,121,6589,1109
GAGGGCCATAATATTA-1,0,20,122,6695,1048
ACTCCCGTAGACTAGG-1,0,21,123,6589,988
CGTCAAATGGTCGCAG-1,0,20,124,6695,927
AAGTCTAGTAGCTGCC-1,0,21,125,6589,867
AAGAAATCACCAGATT-1,0,20,126,6694,806
GAGTGCACGGACAACA-1,0,21,127,6589,745
GTTCAAATCAGATGTC-1,0,22,0,6495,8442
CATGGCTCCCTATGTC-1,0,23,1,6390,8382
GGCCACACGAAAGCCT-1,0,22,2,6495,8321
GAAGCCGGGTAAGCTC-1,0,23,3,6390,8260
TTGCGCTCTCTCGCTT-1,0,22,4,6495,8200
TACATGACCTTATCCG-1,0,23,5,6389,8139
GTCCTTCTACAACCCA-1,0,22,6,6495,8078
TATATGCTGGGTTGCC-1,0,23,7,6389,8018
GTTTATGGGATTTAGA-1,0,22,8,6495,7957
GGAACCCGAACAAGAA-1,0,23,9,6389,7897
AACGTTATCAGCACCT-1,0,22,10,6494,7836
CATCGTCCGGTTACTA-1,0,23,11,6389,7776
AGACAGCTCAGAATCC-1,0,22,12,6494,7715
GCAGATCCTCGCAAAT-1,0,23,13,6389,7654
GGGTCATGCGTACCAT-1,0,22,14,6494,7594
CTGGTCATTCCAATCC-1,0,23,15,6389,7533
TCAGGGCGCAAACTCG-1,0,22,16,6494,7472
GATGCCAGCAGAAGGC-1,0,23,17,6388,7412
GTTATTAACGTGGGAG-1,0,22,18,6494,7351
AATACAATGTTTCAGG-1,0,23,19,6388,7291
TTGCTGCACCTATCCA-1,0,22,20,6493,7230
CCAGAGACAAAGCCGG-1,0,23,21,6388,7170
CCGAAGTATATTGTTC-1,0,22,22,6493,7109
GCTAAACCTGAGGTGA-1,0,23,23,6388,7048
TCATACTTACAGATCC-1,0,22,24,6493,6988
CGAGCACTTCAAGTTT-1,0,23,25,6388,6927
TAGCAACCTGTCACAA-1,0,22,26,6493,6866
TGGGAAATGCCTTTCC-1,0,23,27,6387,6806
AGACCATGGGATACAA-1,0,22,28,6493,6745
TAAATGAATCCGTTTC-1,0,23,29,6387,6685
ACAACGGTCCCTGCGA-1,0,22,30,6493,6624
GTCACTCTCCAAATCT-1,0,23,31,6387,6564
TTCTACTTGCGAGGGC-1,0,22,32,6492,6503
CGCAATTACTTTCGGT-1,0,23,33,6387,6442
CTGTTCATCTCACGGG-1,0,22,34,6492,6382
TTCTTGTAACCTAATG-1,0,23,35,6387,6321
GCTTGATGATAATCAG-1,0,22,36,6492,6260
TTGGCTCGCATGAGAC-1,0,23,37,6386,6200
GCCCAGTTGGTATGCC-1,0,22,38,6492,6139
ATTCCTCCGCCAGTGC-1,0,23,39,6386,6079
TCGTCCGCTGGCGTCT-1,0,22,40,6492,6018
GGAGAAGTCATTGGCA-1,0,23,41,6386,5957
TTGTTAGCAAATTCGA-1,0,22,42,6491,5897
TCTAGCATCTTCGATG-1,0,23,43,6386,5836
TTCTAGGCCAATTGTG-1,0,22,44,6491,5776
TCACGGTCATCGCACA-1,0,23,45,6386,5715
ATGAAGCCAAGGAGCC-1,0,22,46,6491,5654
AATGACTGTCAGCCGG-1,0,23,47,6386,5594
CCAAACAGAACCCTCG-1,0,22,48,6491,5533
TATCGATGATTAAACG-1,0,23,49,6385,5473
GAACACACATCAACCA-1,0,22,50,6491,5412
CCCGTCAGCGTCTGAC-1,0,23,51,6385,5351
AGCATCGTCGATAATT-1,0,22,52,6490,5291
GACTAAGATCATGCAC-1,0,23,53,6385,5230
TAGGGTGTTTCAAGAG-1,0,22,54,6490,5169
TGGTTCGTAGCAAAGG-1,0,23,55,6385,5109
CTGTTCACTGCCTGTG-1,0,22,56,6490,5048
ATGTGCATCCGACGCA-1,0,23,57,6385,4988
TTGTCGTTCAGTTACC-1,0,22,58,6490,4927
CGGGATCAATGTAAGA-1,0,23,59,6384,4867
TTATCTGTATCATAAC-1,0,22,60,6490,4806
ATCGACTCTTTCCGTT-1,0,23,61,6384,4745
CTCATTTGATGGGCGG-1,0,22,62,6490,4685
GTAAGCGGGCAGTCAG-1,0,23,63,6384,4624
TCTATCGGTCGCAACA-1,0,22,64,6489,4563
AACGCGGTCTCCAGCC-1,0,23,65,6384,4503
ATTAATACTACGCGGG-1,0,22,66,6489,4442
CTTTAACTTTCAAAGG-1,0,23,67,6384,4382
CGTACCTGATAGGCCT-1,0,22,68,6489,4321
GAATGTTGGGTAATCT-1,1,23,69,6383,4261
TGCGGAGTAAAGGTGC-1,1,22,70,6489,4200
CCTGAATATTTACATA-1,1,23,71,6383,4139
TTGCTCCCATACCGGA-1,1,22,72,6489,4079
CCTCTAATCTGCCAAG-1,0,23,73,6383,4018
AGGTTGAGGCACGCTT-1,0,22,74,6488,3957
TCCCGTCAGTCCCGCA-1,1,23,75,6383,3897
TCCGATGACTGAGCTC-1,1,22,76,6488,3836
CAGCCTCCTGCAGAGG-1,1,23,77,6383,3776
CTTAGCCTTCCACATG-1,1,22,78,6488,3715
ATTAATGAACCAGTCG-1,1,23,79,6382,3655
ACGATACATAGAACTA-1,0,22,80,6488,3594
AGCCACTCCCGTGCTT-1,1,23,81,6382,3533
ATACGGGTTTCGATTG-1,1,22,82,6488,3473
CTGTCAAATGGCTCGG-1,1,23,83,6382,3412
GCTCGGAATTTAAAGC-1,1,22,84,6487,3351
TAGGCATGTTACGCCA-1,1,23,85,6382,3291
TGGCAACTCGCGCGCC-1,1,22,86,6487,3230
ATCAGTAGGCAGGGAT-1,1,23,87,6382,3170
TATCGATCTATGCATA-1,1,22,88,6487,3109
CGACTCAGGATGTTAT-1,1,23,89,6382,3049
GCCATATTGCACACAG-1,0,22,90,6487,2988
AATTCATAAGGGATCT-1,1,23,91,6381,2927
CGGTAGAGGTGCAGGT-1,1,22,92,6487,2867
AATGATGATACGCTAT-1,1,23,93,6381,2806
CTTGTGCTCACCGATT-1,1,22,94,6487,2745
TTCCAATCAGAGCTAG-1,1,23,95,6381,2685
CGATGGACCCTACGCC-1,1,22,96,6486,2624
GGTCGGATAAACGGCG-1,1,23,97,6381,2564
TTAGCTAATACGATCT-1,1,22,98,6486,2503
CTCGATATTTGCGAGC-1,1,23,99,6381,2443
ATTACTTACTGGGCAT-1,0,22,100,6486,2382
CTAGCCGATGTTATGA-1,0,23,101,6380,2321
TACTGCAATCAATTAC-1,0,22,102,6486,2261
TAGTCTGTGACGTTGC-1,0,23,103,6380,2200
CTCGTTTCTAATGTTT-1,0,22,104,6486,2139
TTCGTTCAACGAAGTT-1,0,23,105,6380,2079
CTGAATTTATTGCCAG-1,0,22,106,6485,2018
TGGAATATCCTTGACC-1,0,23,107,6380,1958
CAGATCATTTAAAGTC-1,0,22,108,6485,1897
CTCCTTTACGCAAGTC-1,0,23,109,6380,1837
TCCCAAACAGACAACG-1,0,22,110,6485,1776
ATCGCTGCGTGCAGCA-1,0,23,111,6379,1715
TTAGTTCAAGTGTTCG-1,0,22,112,6485,1655
AAACTCGTGATATAAG-1,0,23,113,6379,1594
TTAACGAACAAGCAGT-1,0,22,114,6485,1533
GTTATATCAGGAGCCA-1,0,23,115,6379,1473
CAAATTGGATTATGCC-1,0,22,116,6484,1412
CGAGGAGCTTCCATAT-1,0,23,117,6379,1352
GGAGACCAATGTGCTT-1,0,22,118,6484,1291
CATTGATGAACACGCC-1,0,23,119,6379,1231
GTCAATGCTATAATTT-1,0,22,120,6484,1170
ACCACCCTCTCTTCTA-1,0,23,121,6379,1109
TGGAGGGAAACACCTC-1,0,22,122,6484,1049
CACGGACGTGGATGGC-1,0,23,123,6378,988
AACTTTCTCGATCATG-1,0,22,124,6484,927
CGTATTGTTTCCTAAT-1,0,23,125,6378,867
CCTACTGCGGCGGCCA-1,0,22,126,6484,806
CTTAGGTCCCAATCGT-1,0,23,127,6378,746
CGCAATCGATCATTAG-1,0,24,0,6284,8442
TGGTTATGCTTGCGGT-1,0,25,1,6179,8382
GGCTTGGCTCTCACCT-1,0,24,2,6284,8321
ATTGGTAGGATCCGCT-1,0,25,3,6179,8261
TCAGGGCGACTTCCTT-1,0,24,4,6284,8200
TCTGCAGATTCGAGTC-1,0,25,5,6179,8139
CTCTCGCTGTACTATG-1,0,24,6,6284,8079
AATAGTCGCGAGTCGG-1,0,25,7,6178,8018
AGTTACCCTTAAGACT-1,0,24,8,6284,7958
CTTAAATAAGACCCAT-1,0,25,9,6178,7897
GGTTGTGCTCTTGTCC-1,0,24,10,6284,7836
GTGAGTCTAAGACGGA-1,0,25,11,6178,7776
CGCGACACTGCGCAGC-1,0,24,12,6283,7715
GCTCGCGGTTCCGCTC-1,0,25,13,6178,7655
TTAACTCACGCGTGGA-1,0,24,14,6283,7594
GGAACGGCCTGCAGCC-1,0,25,15,6178,7533
GTAGAAACGGGTGGAG-1,0,24,16,6283,7473
TAATGAAAGACCCTTG-1,0,25,17,6177,7412
AGGCTTGCTAGACACC-1,0,24,18,6283,7351
TTGCGTAGTTTGAGGA-1,0,25,19,6177,7291
CGCCCTTGAAGGCTGA-1,0,24,20,6283,7230
CCCGGTGGAAGAACCT-1,0,25,21,6177,7170
TTAACACCTCGAACAT-1,0,24,22,6282,7109
GATTCCTATACGGCGC-1,0,25,23,6177,7049
TTACCCTAACAGTCCT-1,0,24,24,6282,6988
ACCCACCTACATGCTC-1,0,25,25,6177,6927
AAAGGGCAGCTTGAAT-1,0,24,26,6282,6867
CACACAGGGATAGATT-1,0,25,27,6176,6806
AGAGCGTACAAGCTCG-1,0,24,28,6282,6745
TCTTACGGCATCCGAC-1,0,25,29,6176,6685
GCCTATTCCGATATAG-1,0,24,30,6282,6624
GAAAGTGACTAACTGC-1,0,25,31,6176,6564
CCGGAATGGTTTCAGT-1,0,24,32,6281,6503
AGTATAATACTAGGCA-1,0,25,33,6176,6443
TAACTATCGAAGGTCC-1,0,24,34,6281,6382
ATGAGGAGTGTTAATC-1,0,25,35,6176,6321
TGTGTCGCGAGTTGCA-1,0,24,36,6281,6261
ATCCAACGCAGTCATA-1,0,25,37,6176,6200
AAGGCGCGTAAAGCTT-1,0,24,38,6281,6139
AGTCGGCCCAAACGAC-1,0,25,39,6175,6079
AACGTCAGACTAGTGG-1,0,24,40,6281,6018
ACTACCAGCTCTCTGG-1,0,25,41,6175,5958
GCAAGTGCACAGAGAA-1,0,24,42,6281,5897
ACACCTTAAGTAGGGC-1,0,25,43,6175,5837
TTCGACGGGAAGGGCG-1,0,24,44,6280,5776
TTCGCACTCGCGTGCT-1,0,25,45,6175,5715
TATTTGTTACCCTTTA-1,0,24,46,6280,5655
CGCTGTGACGCCGCAC-1,0,25,47,6175,5594
GTTGCACGGAGTTTCG-1,0,24,48,6280,5533
GTTTCCTGGAGGGTGA-1,0,25,49,6174,5473
ACACCCAGCATGCAGC-1,0,24,50,6280,5412
TCAACCATGTTCGGGC-1,0,25,51,6174,5352
TTACAACTACGCATCC-1,0,24,52,6280,5291
TCCGATGGTGCGACAT-1,0,25,53,6174,5231
GGGCGTACATTTATAT-1,0,24,54,6279,5170
AGCGACCAACGATATT-1,0,25,55,6174,5109
ACACAAAGACGGGTGG-1,0,24,56,6279,5049
ATCGCACGCCGGGAGA-1,0,25,57,6174,4988
GCTCTAAACCCTGACG-1,0,24,58,6279,4927
AATGCAACCGGGTACC-1,0,25,59,6173,4867
TCAAACAACCGCGTCG-1,0,24,60,6279,4806
TATGCTCCCTACTTAC-1,0,25,61,6173,4746
AAAGGGATGTAGCAAG-1,0,24,62,6279,4685
ACGATCATACATAGAG-1,0,25,63,6173,4625
TTGTTCAGTGTGCTAC-1,0,24,64,6278,4564
ATGCATGATCCAGGAT-1,0,25,65,6173,4503
AGTCTTCTCCTCAAAT-1,0,24,66,6278,4443
GATTCCCTTGTCGCAG-1,0,25,67,6173,4382
CTCGCACCTATATAGT-1,1,24,68,6278,4321
ACTCAATAAAGGCACG-1,0,25,69,6173,4261
AACCGAGCTTGGTCAT-1,1,24,70,6278,4200
TAAGGCAACATAAGAT-1,1,25,71,6172,4140
CACGCACAGCGCAGCT-1,1,24,72,6278,4079
GGTTTACAATCTCAAT-1,1,25,73,6172,4019
TGCAGGATCGGCAAAG-1,1,24,74,6278,3958
ATAACGGAGTCCAACG-1,1,25,75,6172,3897
AACGATATGTCAACTG-1,1,24,76,6277,3837
GACAACGACCATTGAA-1,0,25,77,6172,3776
TTGACCATGTTCTCCG-1,1,24,78,6277,3715
AGTACGGGCACCTGGC-1,1,25,79,6172,3655
CGCCATCCGATTATGA-1,1,24,80,6277,3594
AAGGTATCCTAATATA-1,1,25,81,6171,3534
TGTTGTCAAGAAGTCT-1,1,24,82,6277,3473
CAGTGAATAAATGACT-1,1,25,83,6171,3413
CACCTTGCGAAACTCG-1,1,24,84,6277,3352
CATTTAGCGGACCATG-1,1,25,85,6171,3291
CCAGTCTAGACGGCGC-1,1,24,86,6276,3231
TCGCTTTAAACGTTTG-1,1,25,87,6171,3170
GTGAAACGGCGCCACC-1,1,24,88,6276,3109
GGGCTCATCGAACCCA-1,1,25,89,6171,3049
TTGATGTGTAGTCCCG-1,1,24,90,6276,2988
CAGTAGCCCACGCGGT-1,1,25,91,6170,2928
AGCGCGGGTGCCAATG-1,1,24,92,6276,2867
TAATCGATCCGTACGT-1,1,25,93,6170,2807
AGTGGCGGCAATTTGA-1,1,24,94,6276,2746
CCTTTCAATGAAGAAA-1,1,25,95,6170,2685
CTCAGTCACGACAAAT-1,1,24,96,6275,2625
ATAGGCTAGCTTCGCA-1,1,25,97,6170,2564
CGGTTCAAGTAGGTGT-1,1,24,98,6275,2503
CAGTCGAGGATGCAAT-1,1,25,99,6170,2443
TATCACCCAACCGACC-1,1,24,100,6275,2382
AATGATGCGACTCCTG-1,1,25,101,6170,2322
TGGAACCACTGACACA-1,0,24,102,6275,2261
GCCAATAGGGCATCTC-1,0,25,103,6169,2201
TTCTTTGGTCGCGACG-1,0,24,104,6275,2140
ATTAGATTCCTCAGCA-1,0,25,105,6169,2079
CCGTGGAACGATCCAA-1,0,24,106,6274,2019
GGGTCGTGGCAAGTGT-1,0,25,107,6169,1958
TCGCTCGGCACCAGCG-1,0,24,108,6274,1897
ACGCAATCACTACAGC-1,0,25,109,6169,1837
CTCTAATGCATTGATC-1,0,24,110,6274,1776
GTCTCGACTAAGTTTG-1,0,25,111,6169,1716
TGGTTTAAACGTGGGT-1,0,24,112,6274,1655
CGCAGATCTTCACCCG-1,0,25,113,6168,1594
TCCAGATGTACGCCAA-1,0,24,114,6274,1534
CATTGCGGGTCAATTC-1,0,25,115,6168,1473
GACGTTCGTAAATACA-1,0,24,116,6274,1413
TACACCGTCGTTAGTC-1,0,25,117,6168,1352
ACGGGCGTATGCGACA-1,0,24,118,6273,1291
GAAGGCTACCATTGTT-1,0,25,119,6168,1231
TAAATCTTTACACCTC-1,0,24,120,6273,1170
AGTTTATGTAAAGACA-1,0,25,121,6168,1110
AGGAGACATCCACAGT-1,0,24,122,6273,1049
CAACCTGAACCTGCCA-1,0,25,123,6167,988
AGTCCCTCGCAGAAAG-1,0,24,124,6273,928
TGTATACGGATGATGA-1,0,25,125,6167,867
TTGTGGTATAGGTATG-1,0,24,126,6273,807
TCTGCACCATTAGTAA-1,0,25,127,6167,746
AAATGTATCTTATCCC-1,0,26,0,6074,8443
ACTCTAAACCTGGGAT-1,0,27,1,5968,8382
GCTGGCAGGTGCCGTG-1,0,26,2,6073,8321
CTCATTCGTGAACATC-1,0,27,3,5968,8261
TCGCCGGATGGGCAAG-1,0,26,4,6073,8200
GGACTAAGTCAGGAGT-1,0,27,5,5968,8140
TATCAAAGGTCTGTAA-1,0,26,6,6073,8079
TTCAGTTTGTGGCAGC-1,0,27,7,5967,8019
TGTTCATAAATGTGCT-1,0,26,8,6073,7958
CTTAGCCCGGATAGTG-1,0,27,9,5967,7897
GATGCGAATGGTATTA-1,0,26,10,6073,7837
TCTAACTGTATGTAAA-1,0,27,11,5967,7776
TTAAACCTGGTTCCTT-1,0,26,12,6072,7715
GCTAAGTAAAGGCGAT-1,0,27,13,5967,7655
AGTTACCGCACATGGT-1,0,26,14,6072,7594
GACTGCGGCACGTGTA-1,0,27,15,5967,7534
TGGTGATCGTATTTGT-1,0,26,16,6072,7473
TTATCGCCTGCGAAGC-1,0,27,17,5967,7413
TGGAATTAGACGCTTT-1,0,26,18,6072,7352
TCGTCACACTGTTAGC-1,0,27,19,5966,7291
TTATGTTTGCGATAGA-1,0,26,20,6072,7231
GGTGCTGATCACAAAG-1,0,27,21,5966,7170
CATAGCCGCCCGGGAT-1,0,26,22,6072,7109
GGTTAGTTACGGCGCC-1,0,27,23,5966,7049
ATTCCCACATAAACAA-1,0,26,24,6071,6988
ATTCAGTAGCAGGGTC-1,0,27,25,5966,6928
CAGTTCCGCGGGTCGA-1,0,26,26,6071,6867
AAGAGATGAATCGGTA-1,0,27,27,5966,6807
CGCAATTCTACAATAA-1,0,26,28,6071,6746
TAACGCTTTGAGAGCG-1,0,27,29,5965,6685
AGGCTATGGTTAGCTT-1,0,26,30,6071,6625
GAGGAATGGAGAGGTT-1,0,27,31,5965,6564
TCCTCTACGAGATGGC-1,0,26,32,6071,6503
TTGATTATGCAGATGA-1,0,27,33,5965,6443
TCAGTACTGACCCGCG-1,0,26,34,6070,6382
TTATGACAAACTGGAT-1,0,27,35,5965,6322
GTAAGTAGGGTATACC-1,0,26,36,6070,6261
CGCAAACACGAGTTAC-1,0,27,37,5965,6201
TGGCCGTATATTGACC-1,0,26,38,6070,6140
ACTGTAGCACTTTGGA-1,0,27,39,5964,6079
GCTCTATGTTACGTGC-1,0,26,40,6070,6019
TGCGCGATTAACGGAG-1,0,27,41,5964,5958
GAATCGACATGGTCAC-1,0,26,42,6070,5897
GACTAAGTAGGCTCAC-1,0,27,43,5964,5837
ATCTTGACCTGCAACG-1,0,26,44,6069,5776
ATGCACTACCGCATTG-1,0,27,45,5964,5716
CAGATACTAACATAGT-1,0,26,46,6069,5655
GATCGACACTATCTGA-1,0,27,47,5964,5595
ATAGAGTACTGGGACA-1,0,26,48,6069,5534
CCTACTGCTTACACTT-1,0,27,49,5964,5473
CCTGCTATTTGAGAAG-1,0,26,50,6069,5413
CGCGTTCATGAAATAC-1,0,27,51,5963,5352
CATTATGCTTGTTGTG-1,0,26,52,6069,5291
CCAGGGACGTGGCCTC-1,0,27,53,5963,5231
TATGGATGTGCTACGC-1,0,26,54,6069,5170
GTACTAAGATTTGGAG-1,0,27,55,5963,5110
AGACCCGCCCTCCTCG-1,0,26,56,6068,5049
CGCATTAGCTAATAGG-1,0,27,57,5963,4989
GCTCTCGGGTACCGAA-1,0,26,58,6068,4928
CACCGCCAGAAGGTTT-1,0,27,59,5963,4867
TCCCAAAGACGAAGGA-1,0,26,60,6068,4807
ATGGATTGACCAAACG-1,0,27,61,5962,4746
GTCATGGACATGACTA-1,0,26,62,6068,4685
CTACTGCCACCTGACC-1,0,27,63,5962,4625
TTATATTTGGCAATCC-1,0,26,64,6068,4564
AGCACCAGTACTCACG-1,0,27,65,5962,4504
CATGGTCTAGATACCG-1,0,26,66,6067,4443
TCTACCGTCCACAAGC-1,1,27,67,5962,4382
CTAGTTGGGCCCGGTA-1,1,26,68,6067,4322
TCCCGCGTACTCCTGG-1,1,27,69,5962,4261
CAGAGCATGAGCTTGC-1,0,26,70,6067,4201
ACACGGGAACTTAGGG-1,1,27,71,5961,4140
GGCTCTGCTCCAACGC-1,1,26,72,6067,4079
AGAACGTGGTACATTC-1,1,27,73,5961,4019
CAATAAACCTTGGCCC-1,1,26,74,6067,3958
ACTTCGCCATACGCAC-1,1,27,75,5961,3898
ATCTGGTTAAGACTGT-1,1,26,76,6066,3837
TCGTAAGACGACATTG-1,1,27,77,5961,3776
GTGTACCTTGGCTACG-1,1,26,78,6066,3716
GCCCGTAATACCTTCT-1,1,27,79,5961,3655
CGGTCAAGTGGGAACC-1,1,26,80,6066,3595
TTGTAAGGCCAGTTGG-1,1,27,81,5961,3534
GGAGCACCAAGAACTA-1,1,26,82,6066,3473
TAATAGTGACGACCAG-1,1,27,83,5960,3413
CTAAATCCTATTCCGG-1,1,26,84,6066,3352
CGAGTTCTGTCCCACC-1,1,27,85,5960,3292
AGGCAGATGCGTAAAC-1,1,26,86,6065,3231
AAGGATGAGGGACCTC-1,1,27,87,5960,3170
AGAGAACCGTCTAGGA-1,1,26,88,6065,3110
GAGGGCGCAGCTCTGC-1,1,27,89,5960,3049
AAGATTGGCGGAACGT-1,1,26,90,6065,2988
CCAGTAGTCTGATCCA-1,1,27,91,5960,2928
AAGGGACAGATTCTGT-1,1,26,92,6065,2867
ATAGAGTTATCAACTT-1,1,27,93,5959,2807
AAATTACCTATCGATG-1,1,26,94,6065,2746
GATCCTAAATCGGGAC-1,1,27,95,5959,2686
TTACAGACCTAAATGA-1,1,26,96,6065,2625
CCTCACCTTAGCATCG-1,1,27,97,5959,2564
CATGCGACCAGTTTAA-1,1,26,98,6064,2504
AACATATCAACTGGTG-1,0,27,99,5959,2443
CTATAAGAGCCAATCG-1,1,26,100,6064,2382
AATATCGAGGGTTCTC-1,0,27,101,5959,2322
GTACTCCTGGGTATGC-1,0,26,102,6064,2261
ATAAGTAGGATTCAGA-1,0,27,103,5958,2201
AGGTCGCGGAGTTACT-1,0,26,104,6064,2140
CTAATTCTCAGATATT-1,0,27,105,5958,2080
GCCAACCATTTCCGGA-1,0,26,106,6064,2019
TGATCCCAGCATTAGT-1,0,27,107,5958,1958
CGTTGTAAGATTGATT-1,0,26,108,6063,1898
GAAACCATGGTGCGCT-1,0,27,109,5958,1837
AATCTATGCCGGAGCC-1,0,26,110,6063,1776
GACTCCCAGAATAAGG-1,0,27,111,5958,1716
TATGATCCGGCACGCC-1,0,26,112,6063,1655
CCGCTTGCTGACATGG-1,0,27,113,5957,1595
TGGTTAAGGGCGCTGG-1,0,26,114,6063,1534
TTGATAGTCAATACAT-1,0,27,115,5957,1474
GGTTTAATTGAGCAGG-1,0,26,116,6063,1413
CATTACATAGATTGTG-1,0,27,117,5957,1352
GGTACACCAGATTTAT-1,0,26,118,6062,1292
GGCCCGTATACCATGC-1,0,27,119,5957,1231
ATCTTTCGTATAACCA-1,0,26,120,6062,1170
GAGATGACAATCCTTA-1,0,27,121,5957,1110
AAAGCTTGCCTACATA-1,0,26,122,6062,1049
GAACGATAAGTTAAAG-1,0,27,123,5957,989
TAATAGCTAAATGATG-1,0,26,124,6062,928
TATGGCTAGGCTAATT-1,0,27,125,5956,868
AGGAGAGTCTGGCTAC-1,0,26,126,6062,807
TGCTCTGCCGGTTCAC-1,0,27,127,5956,746
CCAATAGATTTCATCT-1,0,28,0,5863,8443
GGGCACGAATTGGCCG-1,0,29,1,5757,8383
TCGTTGACAGGGTCCC-1,0,28,2,5863,8322
ATCGTATTCCGAGAAC-1,0,29,3,5757,8261
GGGAATTCTGTCCAGT-1,0,28,4,5862,8201
ACGCGTTTCTTAAGAG-1,0,29,5,5757,8140
GAGAGCGCAGTCCCTG-1,0,28,6,5862,8079
GTCCTATTGTTGTGGT-1,0,29,7,5757,8019
CATCTGCAGGATCATT-1,0,28,8,5862,7958
GAGTCGACAGACCCTC-1,0,29,9,5756,7898
AAGTGCAAAGGTAGAC-1,0,28,10,5862,7837
AGGGTGGATAGTGCAT-1,0,29,11,5756,7777
TGATAGCGGGATTCTA-1,0,28,12,5862,7716
GTCAGTTTGGTAGTCG-1,0,29,13,5756,7655
GCATTCGAAATGAACA-1,0,28,14,5861,7595
AAAGACTGGGCGCTTT-1,0,29,15,5756,7534
TAACAATATTTGTTGC-1,0,28,16,5861,7473
CCAGCTTCCGCCCGCA-1,0,29,17,5756,7413
GATATGGATTACGCGG-1,0,28,18,5861,7352
AGAGCAGTTATGAGAC-1,0,29,19,5755,7292
TCACATCTTATCTGAT-1,0,28,20,5861,7231
TATGAAGACAGGTGCG-1,0,29,21,5755,7171
TACCTGCTGCACTGTG-1,0,28,22,5861,7110
TAGGTCCAAGTAAGGA-1,0,29,23,5755,7049
GAAACTCGTGCGATGC-1,0,28,24,5860,6989
AACAATTACTCTACGC-1,0,29,25,5755,6928
CCGCACGTGACCTCGG-1,0,28,26,5860,6867
AACTTGCCCGTATGCA-1,0,29,27,5755,6807
GGGTATGTATGCACTT-1,0,28,28,5860,6746
TTCGTACTCCAGAACG-1,0,29,29,5755,6686
GAATTTCTCGCTGCAG-1,0,28,30,5860,6625
AACAGGATGGGCCGCG-1,0,29,31,5754,6564
GACGTGTAGGGATTAT-1,0,28,32,5860,6504
TAGGTGAGCCCTACTC-1,0,29,33,5754,6443
CTAATTCGCACGCGCT-1,0,28,34,5859,6383
GAAGCTTGCTGACCGC-1,0,29,35,5754,6322
GGTTAGGCTTGGAGAA-1,0,28,36,5859,6261
ACAAGGACAAGAGGTT-1,0,29,37,5754,6201
AGGCCACCCGTTATGA-1,0,28,38,5859,6140
GTGGGCTTAGACACAC-1,0,29,39,5754,6080
CGTGTCCCATTCGCGA-1,0,28,40,5859,6019
TGGAGTGATGCGATGA-1,0,29,41,5753,5958
AACAACTGGTAGTTGC-1,0,28,42,5859,5898
CCTGGCTAGACCCGCC-1,0,29,43,5753,5837
CGCAATTAGGGTAATA-1,0,28,44,5859,5776
TCGAAATTTAGGACCA-1,0,29,45,5753,5716
AGACTAGCCTTCCAGA-1,0,28,46,5858,5655
TTGATCTAACTTTGTC-1,0,29,47,5753,5595
AAGGAGCGGTTGGTGC-1,0,28,48,5858,5534
ACTTGGGACCCGGTGG-1,0,29,49,5753,5474
TGATCTCCGGCGCCAG-1,0,28,50,5858,5413
CAGTTCAAATTGACAC-1,0,29,51,5752,5352
GTCCGGCTGAATTGCG-1,0,28,52,5858,5292
CTGGAAATGGATGCTT-1,0,29,53,5752,5231
TGATCGGTTTGACCCT-1,0,28,54,5858,5170
TAGAGTCTAAGCGAAC-1,0,29,55,5752,5110
GAGACTGATGGGTAGA-1,0,28,56,5857,5049
TAGCTAAGTCCGGGAG-1,0,29,57,5752,4989
GGGCGATATGTGTGAA-1,0,28,58,5857,4928
CTCGAGGTCGAACAGT-1,0,29,59,5752,4868
GATCCCTTTATACTGC-1,0,28,60,5857,4807
GTCATGCACCTCCGTT-1,0,29,61,5752,4746
ACTTTCCTATAGCTTC-1,0,28,62,5857,4686
TCGCTCGATATATTCC-1,0,29,63,5751,4625
ATAGGTTGGGCAGATG-1,0,28,64,5857,4564
CAATTAAGGGTGATGA-1,0,29,65,5751,4504
ACCGACTGAGTCCCAC-1,0,28,66,5856,4443
CCTGTCACCCGGGCTC-1,0,29,67,5751,4383
GATCGGTGGCCATAAC-1,1,28,68,5856,4322
CCTATGGGTTACCGTC-1,1,29,69,5751,4262
TTGGGACACTGCCCGC-1,1,28,70,5856,4201
CGAGGCTAAATATGGC-1,1,29,71,5751,4140
TCAGGGTGTAACGTAA-1,1,28,72,5856,4080
CGAGAGATGTGAACCT-1,1,29,73,5750,4019
TCGCTGGGCGGATTGT-1,1,28,74,5856,3958
AGATCTCAGGTGTGAT-1,1,29,75,5750,3898
TGGCCAAACTGAAGTA-1,1,28,76,5856,3837
GCTTCCGTCCCTAGAC-1,1,29,77,5750,3777
CAGCAGCCCGTTCCTT-1,1,28,78,5855,3716
TGTATAACAGATCCTG-1,1,29,79,5750,3656
CGCGGGAATTAGGCAG-1,1,28,80,5855,3595
TGCATGTGGTAATCTA-1,1,29,81,5750,3534
ACAATTTGAGCAGTGG-1,1,28,82,5855,3474
GAGCTAAGGGCATATC-1,1,29,83,5749,3413
CCAGATAGTTGAGTGA-1,1,28,84,5855,3352
CCACAATGTACGTCTT-1,1,29,85,5749,3292
CAATGGATCTCTACCA-1,1,28,86,5855,3231
TGTGGCAAAGCGTATG-1,1,29,87,5749,3171
TAAAGCGTTAGGAGAA-1,1,28,88,5854,3110
TCCGTTTAGCCTTGAA-1,1,29,89,5749,3050
CAGCTCGACAAGTTAA-1,1,28,90,5854,2989
GCCTATAGTGTCAGGG-1,1,29,91,5749,2928
ATAGACAACGGGACCT-1,1,28,92,5854,2868
CTACTATCTTTCAGAG-1,1,29,93,5748,2807
GCGCTGCTTTGCATTT-1,1,28,94,5854,2746
GCGCATCCAGTCAGCA-1,1,29,95,5748,2686
GACTCGCGGGAATGAC-1,1,28,96,5854,2625
CTGGTAACGAGCTCTT-1,1,29,97,5748,2565
TCCGGCCTAGCGTACA-1,0,28,98,5853,2504
TCTAGGTGGCGACGCT-1,0,29,99,5748,2444
ACGCTAGTGATACACT-1,0,28,100,5853,2383
ATCTGCACCTCTGCGA-1,0,29,101,5748,2322
CCTCACCTGAGGGAGC-1,0,28,102,5853,2262
AGTGAGCCTCGCCGCC-1,0,29,103,5748,2201
ACGAGTACGGATGCCC-1,0,28,104,5853,2140
GGTACCATTAAGACGG-1,0,29,105,5747,2080
TTCTGCTAGACTCCAA-1,0,28,106,5853,2019
TAACTATTACGCCAAA-1,0,29,107,5747,1959
GCATTCAAGGCAACGC-1,0,28,108,5853,1898
AGTACATCATTTATCA-1,0,29,109,5747,1838
GTCGTGTCTGGTCATC-1,0,28,110,5852,1777
AGTCTAAAGTATACTC-1,0,29,111,5747,1716
CGGCCCAACCTGTAGT-1,0,28,112,5852,1656
AGGGAGACATACTTCG-1,0,29,113,5747,1595
TCCCTAGATCAATAGG-1,0,28,114,5852,1534
TCCCGTCGCGTCATAG-1,0,29,115,5746,1474
CGCATCCATCAGCCAG-1,0,28,116,5852,1413
CTGCACCTAGTCCACA-1,0,29,117,5746,1353
CGAGGATCGGGAACGA-1,0,28,118,5852,1292
CAATGAGGTTCGACTA-1,0,29,119,5746,1232
TCTGACGGGCTAACCC-1,0,28,120,5851,1171
TTCTATGCCTTTCGCA-1,0,29,121,5746,1110
AGAGTATAGTGTTACG-1,0,28,122,5851,1050
CCATTGTTTCCTCCAT-1,0,29,123,5746,989
CTCATCACTTAGTGAT-1,0,28,124,5851,928
CCGAAGGGCGTACCGC-1,0,29,125,5745,868
TCAAGCTGCCTTGAAA-1,0,28,126,5851,807
CTCATTAACGTTGCCC-1,0,29,127,5745,747
GTCTTCCTCACCTAAG-1,0,30,0,5652,8443
GGTGATGAAGGAAGTG-1,0,31,1,5546,8383
TCAATACAATTGCTGC-1,0,30,2,5652,8322
GCAACCCAAGTTGTTT-1,0,31,3,5546,8262
ATGAAGTGGACCCAGC-1,0,30,4,5651,8201
GAGAATCTCACGATCA-1,0,31,5,5546,8140
TATATCATTGATCAGT-1,0,30,6,5651,8080
AACTTTACGGGAGCTT-1,0,31,7,5546,8019
TTCTTGTGTCCATCAG-1,0,30,8,5651,7958
ACAATTTAGGAGGCTC-1,0,31,9,5546,7898
ATACTTGTTCTCGAGC-1,0,30,10,5651,7837
CACGGGATTGAGGGTT-1,0,31,11,5545,7777
GTTAATGTCTATCTTA-1,0,30,12,5651,7716
GCGTTATATTTGGAAC-1,0,31,13,5545,7656
CGTCAAGGCTATAAAT-1,0,30,14,5650,7595
TTAGCTCTGTAATCCG-1,0,31,15,5545,7534
AATGGTCCACCGTTCA-1,0,30,16,5650,7474
GTCATTGCATTGACCC-1,0,31,17,5545,7413
TGTCCGTGGCGCCTTT-1,0,30,18,5650,7352
TCAACTAACGTATAAC-1,0,31,19,5545,7292
TCCTCTCCAGTTGTCC-1,0,30,20,5650,7231
TGTGTTCGTATCCAAG-1,0,31,21,5544,7171
CCGCGTAGGTAAGGGC-1,0,30,22,5650,7110
CTGCGGGTGAAATGTT-1,0,31,23,5544,7050
TATCTACAGAGGTAAT-1,0,30,24,5650,6989
CTACTCTAGGCCCGGC-1,0,31,25,5544,6928
ACAAGCAGTGCCTAGC-1,0,30,26,5649,6868
TACAAGTCTCGTGCAT-1,0,31,27,5544,6807
TCGGAATGCGCTCTGA-1,0,30,28,5649,6746
TCGCGTCCAGAAGGTC-1,0,31,29,5544,6686
TATGGCCCGGCCTCGC-1,0,30,30,5649,6625
GCTGGCATATTCACCT-1,0,31,31,5543,6565
GTCAGAATAGTCTATG-1,0,30,32,5649,6504
GGCGTCCTATCCGCTG-1,0,31,33,5543,6444
CGGAGTTTGAGAGACA-1,0,30,34,5649,6383
AGCACTTAAGGACGCC-1,0,31,35,5543,6322
TCCACAATGGTTTACG-1,0,30,36,5648,6262
CCAACGATGCACTGAT-1,0,31,37,5543,6201
ATTTACAGTTTACTGG-1,0,30,38,5648,6140
CCCTGAAATGAGTTGA-1,0,31,39,5543,6080
CAAACGGTCGCACTTT-1,0,30,40,5648,6019
TGATTCGTCTATCACT-1,0,31,41,5542,5959
TCAGGTTCTTTGAGAA-1,0,30,42,5648,5898
CACGCAGCGAGGCTTT-1,0,31,43,5542,5838
TTAAGCGCCTGACCCA-1,0,30,44,5648,5777
CTTACACGGTATTCCA-1,0,31,45,5542,5716
AAGGCTGTGCTCATCG-1,0,30,46,5647,5656
GACCAGAGCCCTGTAG-1,0,31,47,5542,5595
TCCCAGGCTTAGCTAA-1,0,30,48,5647,5534
ATTGAAGATCTTAGTG-1,0,31,49,5542,5474
AGTTCCTACAGAATTA-1,0,30,50,5647,5413
GGGCTGGTTAGTCGCG-1,0,31,51,5542,5353
GAAATGGCGGTGTTAG-1,0,30,52,5647,5292
TACGAACACGACTTCA-1,0,31,53,5541,5232
ACCACAAGTTTCTATC-1,0,30,54,5647,5171
ATATTTAACCCTCAAG-1,0,31,55,5541,5110
GATCATTCCAAACATT-1,0,30,56,5647,5050
TCCAGGCGAGTACGGT-1,0,31,57,5541,4989
GTTTGACCAAATCCTA-1,0,30,58,5646,4928
CACAGCACCCACGGCA-1,0,31,59,5541,4868
TGCAAGAATGACGTAA-1,0,30,60,5646,4807
GCGAAGCCATACCCGT-1,0,31,61,5541,4747
TCCTTTCTTACGCTTA-1,0,30,62,5646,4686
GCTGCTCTCCGGACAC-1,0,31,63,5540,4626
ACTGTCTTCTTTAGAA-1,0,30,64,5646,4565
TCAAACTTAGATTGTT-1,0,31,65,5540,4504
CTATGTCACTAGCCCA-1,0,30,66,5646,4444
TGCGCAAAGCATTTGG-1,0,31,67,5540,4383
TTAATGTAGACCAGGT-1,1,30,68,5645,4322
GGCGGTAGGATCATTG-1,1,31,69,5540,4262
GGCAATAGTCAATGAG-1,1,30,70,5645,4201
ACACGAGACTCCTTCT-1,1,31,71,5540,4141
GACACAAGGGAAGAAA-1,1,30,72,5645,4080
TCAGCAAATGCATCTC-1,1,31,73,5539,4020
GAGATCTGTCACTCCG-1,1,30,74,5645,3959
ATGCCGGTCTTGCATA-1,1,31,75,5539,3898
TTGGGCGGCGGTTGCC-1,1,30,76,5645,3838
TTGTTGTGTGTCAAGA-1,1,31,77,5539,3777
ACTGTACGATACACAT-1,1,30,78,5644,3716
TCCACTTTATCTAGGT-1,1,31,79,5539,3656
GGTCTGAGAATCTGGA-1,1,30,80,5644,3595
TAGAAAGGTGGCGCTA-1,1,31,81,5539,3535
TATGTCTCATTGTGCC-1,1,30,82,5644,3474
GGATTTCACTTCTATA-1,1,31,83,5539,3414
TGAGTGGTCCGTGACG-1,1,30,84,5644,3353
CGCTTTCTTGCATTCG-1,1,31,85,5538,3292
ACCCAACGCCCGTGGC-1,1,30,86,5644,3232
GAACGTCTCATGGTCG-1,1,31,87,5538,3171
AGGGTTCCCTTTGGTT-1,1,30,88,5644,3110
GTAGCTTCCTCTTGTT-1,1,31,89,5538,3050
GCATGAGGGACGCGGC-1,1,30,90,5643,2989
CTACCCTAAGGTCATA-1,1,31,91,5538,2929
TCACCGCTCGGCACTC-1,1,30,92,5643,2868
GGCTCGCGTTGAGGTA-1,1,31,93,5538,2808
CTAACGAAACTTGCTG-1,1,30,94,5643,2747
TTAAACTCGAATTCAT-1,1,31,95,5537,2686
TACTTTACTGAGCCGG-1,1,30,96,5643,2626
GCTTGGATCGATTAGG-1,1,31,97,5537,2565
CGGTTATCCAACAGTG-1,1,30,98,5643,2504
CAGACCTGTAAGTGTT-1,0,31,99,5537,2444
GACGGTCAATAGAAGC-1,0,30,100,5642,2383
CTGACTGCGCAGCTCG-1,0,31,101,5537,2323
CCATACCTTTACTTGT-1,0,30,102,5642,2262
GTAATAAAGGGCTCCC-1,0,31,103,5537,2201
GTGAACTCCCATTCGA-1,0,30,104,5642,2141
GTGGTTACTTCTTTCG-1,0,31,105,5536,2080
TCAGAACCTCCACAGG-1,0,30,106,5642,2020
TCCCACTCTCTTCCGG-1,0,31,107,5536,1959
ATCTTGACTTGTCCAA-1,0,30,108,5642,1898
TCGGGAACGTGCCTAG-1,0,31,109,5536,1838
GTTAGCCGTAAATCAA-1,0,30,110,5641,1777
ATTTACTAAGTCCATT-1,0,31,111,5536,1717
GGGTGCATATGAAAGC-1,0,30,112,5641,1656
TCCGAATGGTCCTGAG-1,0,31,113,5536,1595
TGATGGCTGTTTCTGA-1,0,30,114,5641,1535
AAATAAGGTAGTGCCC-1,0,31,115,5536,1474
CCACTATCCGGGTCAC-1,0,30,116,5641,1414
ACACCACATAATTAGC-1,0,31,117,5535,1353
CGCGGTAAGTCTAGCT-1,0,30,118,5641,1292
GCGGGCATTACGATGC-1,0,31,119,5535,1232
AGGATTGCTTACGACA-1,0,30,120,5640,1171
CTCGGGATAACACCTA-1,0,31,121,5535,1111
GTCGTCTGGTTGGCTA-1,0,30,122,5640,1050
GCAATTAGTCGCACCG-1,0,31,123,5535,989
GTGACCTAAAGAATAA-1,0,30,124,5640,929
CTGAGCGAGACTTATT-1,0,31,125,5535,868
CAAGACTCAGAAGCGC-1,0,30,126,5640,807
ACTTCGCTAGCGAGTG-1,0,31,127,5534,747
CCATACTCGCCTCTCC-1,0,32,0,5441,8444
ACGATACCTATCCTGA-1,0,33,1,5335,8383
CTCACCAGTACAAGTG-1,0,32,2,5441,8322
CGAAGACGGTGAGTGC-1,0,33,3,5335,8262
AAATTAATAAGCGCGA-1,0,32,4,5441,8201
GGGCCCTTATCTATAC-1,0,33,5,5335,8141
CTGCCCACGAAGCGTT-1,0,32,6,5440,8080
GGACAAGTTGCAGTGA-1,0,33,7,5335,8020
GTCCGAGAGCAATCAT-1,0,32,8,5440,7959
ATGGCAGCCGAGAAAC-1,0,33,9,5335,7898
CCTCGGATGCTACCTG-1,0,32,10,5440,7838
ATACGGTGAAGATGCA-1,0,33,11,5334,7777
ACATCAGCTGGGACGC-1,0,32,12,5440,7716
GGTTGTGTAGCCTGGC-1,0,33,13,5334,7656
CCTGCGTTCTACGCTT-1,0,32,14,5440,7595
GAACGTTAGGAAGACG-1,0,33,15,5334,7535
CTGATAGTGTATCTCA-1,0,32,16,5439,7474
TTCTGCGAGCGCCCTT-1,0,33,17,5334,7414
CTTTGGCGCTTTATAC-1,0,32,18,5439,7353
TCCGAACTTGGCTTAC-1,0,33,19,5334,7292
TAGATTCCTGGTTATT-1,0,32,20,5439,7232
CCGACAAAGGGAGTGC-1,0,33,21,5333,7171
CCATGGCCCTTGTACC-1,0,32,22,5439,7110
GAAATATCACCATCAG-1,0,33,23,5333,7050
ACGAAATGGGCGGCAC-1,0,32,24,5439,6989
GTGAGCGTGCTGCACT-1,0,33,25,5333,6929
CCGCGGGTACGAAGAA-1,0,32,26,5438,6868
TCCCTGGCTCGCTGGA-1,0,33,27,5333,6808
CAGCTTAGTAGGTAGC-1,0,32,28,5438,6747
CACGAAAGTTAGTCCC-1,0,33,29,5333,6686
ACCTAATCGACTTCCT-1,0,32,30,5438,6626
AAGTAGTGACGCGAGG-1,0,33,31,5333,6565
TCCGATTACATTGCCG-1,0,32,32,5438,6504
CCTCCGACAATTCAAG-1,0,33,33,5332,6444
GTTCACAGGAGTCTAG-1,0,32,34,5438,6383
CGAAGTTGCTCTGTGT-1,0,33,35,5332,6323
GTCGGATATCTCAGAC-1,0,32,36,5438,6262
CGCTCTCCGTAGATTA-1,0,33,37,5332,6202
CAAGCAACGTCGGAGT-1,0,32,38,5437,6141
CCATTCCCTGCCCACA-1,0,33,39,5332,6080
CTTTGGCTTTAGTAAA-1,0,32,40,5437,6020
GGCTATTAAGTTGTAT-1,0,33,41,5332,5959
CCATTAGCGATAATCC-1,0,32,42,5437,5898
TGTTCTTCCATTGACT-1,0,33,43,5331,5838
AGATAACTTCAGGGCC-1,0,32,44,5437,5777
ATAGACGAAGAGAAAG-1,0,33,45,5331,5717
GGCGGAGTAATATTAG-1,0,32,46,5437,5656
TGACCCACGTTAGACA-1,0,33,47,5331,5596
TCACAGGTTATTGGGC-1,0,32,48,5436,5535
TCACGCATTGTAGATC-1,0,33,49,5331,5474
TTGAAGAATTCCCAGG-1,0,32,50,5436,5414
AAATGGTCAATGTGCC-1,0,33,51,5331,5353
TAGTGCCCTCCAGAGT-1,0,32,52,5436,5292
GGTATTGCCGAGTTTA-1,0,33,53,5330,5232
CGTATTAAGAGATCTA-1,0,32,54,5436,5171
ACTGTCCAGGATTATA-1,0,33,55,5330,5111
CGGGCAGCTAAACCGC-1,0,32,56,5436,5050
TTGCTGATCATGTTCG-1,0,33,57,5330,4989
TATGGGTACGTATCGT-1,0,32,58,5435,4929
CAGCTCACTGAGACAT-1,0,33,59,5330,4868
GGGACTGCATAGATAG-1,0,32,60,5435,4808
ACGCATTCGTGAGTAC-1,0,33,61,5330,4747
CTCTGGACGCCTGGTG-1,0,32,62,5435,4686
AGGGTTTAGTTCGGGA-1,0,33,63,5330,4626
GGGAGAACTCACAGTA-1,0,32,64,5435,4565
ATCAATCTGGGCTGCA-1,0,33,65,5329,4505
TCTTCGATACCAATAA-1,0,32,66,5435,4444
ACGTAGATTGCTGATG-1,0,33,67,5329,4383
TCTTGATGCGTAGCGA-1,0,32,68,5435,4323
GGGCTGCCTAGGGCGA-1,1,33,69,5329,4262
CTCTCACAATCGATGA-1,1,32,70,5434,4202
CCAAGCGTAACTCGTA-1,1,33,71,5329,4141
ACAACAGCATGAGCTA-1,1,32,72,5434,4080
GTCCCAACGTAAAGTA-1,0,33,73,5329,4020
TCGGAGTACATGAGTA-1,1,32,74,5434,3959
GGGAGTTAATGAGGCG-1,1,33,75,5328,3899
CCGGGCGGTCTCGTCA-1,1,32,76,5434,3838
CCGTAAGTTGGTCCCA-1,1,33,77,5328,3777
GGAGGGCTTGGTTGGC-1,1,32,78,5434,3717
TCGGACGCCCAGCCCA-1,1,33,79,5328,3656
TCTGTGCCATCATAGT-1,1,32,80,5433,3595
GTACTGGAGTTAGACC-1,1,33,81,5328,3535
GGAATGCGCTAGCGTG-1,1,32,82,5433,3474
GTGTGAATAACTTAGG-1,1,33,83,5328,3414
GGTCGGCCAGGAGCTT-1,1,32,84,5433,3353
TAGCCGGCGGTCAGCG-1,0,33,85,5327,3293
CGGGTGTACCCATTTA-1,1,32,86,5433,3232
AGTGATTCAAGCAGGA-1,0,33,87,5327,3171
GTTGGATTGAGAACAC-1,0,32,88,5433,3111
CACACGCGCTGTCTTA-1,0,33,89,5327,3050
TAGACGCCCGTACCGG-1,1,32,90,5432,2989
GGTTTCAATCGGTCAG-1,0,33,91,5327,2929
AATCTGCGTTGGGACG-1,0,32,92,5432,2868
TTACGGATGGTTCGAG-1,0,33,93,5327,2808
CGGCAGGGTCGGGTTG-1,1,32,94,5432,2747
GCTTTCAGAGGAGGTG-1,0,33,95,5327,2687
TCTTCCCATGGGCACA-1,1,32,96,5432,2626
TACCGCGGACTTGCAG-1,0,33,97,5326,2565
AGAATTATGGATTCGA-1,0,32,98,5432,2505
ATTGATGAGTCCTAAC-1,0,33,99,5326,2444
TAGGTCGCCGGAACTG-1,0,32,100,5431,2383
TAACCTACCGTCCGAG-1,0,33,101,5326,2323
CTTAGTAGGCCTACAG-1,0,32,102,5431,2262
CTAGATGTGAGTGTAA-1,0,33,103,5326,2202
ACTCCCGAATTCGTTT-1,0,32,104,5431,2141
GTTCATCGTTTGGCTG-1,0,33,105,5326,2081
ACTTTACCCTCATGAA-1,0,32,106,5431,2020
GCGAGAGTTGCGTCCA-1,0,33,107,5325,1959
GTTCGGGCGTACCATT-1,0,32,108,5431,1899
CGACTTTGTATAGCCT-1,0,33,109,5325,1838
GCCATCGATGCTGCAT-1,0,32,110,5431,1777
GCATTTCCAAGGCTCC-1,0,33,111,5325,1717
ATGTAAGGCTGCTCTT-1,0,32,112,5430,1656
ACGTTCGCAATCAATT-1,0,33,113,5325,1596
GTGACGAGGGTGACCC-1,0,32,114,5430,1535
ATTATAGCTACTTTAC-1,0,33,115,5325,1475
CGTGTGTTAAACCCTG-1,0,32,116,5430,1414
TTGGTATGGCTTGTGT-1,0,33,117,5324,1353
CATTCCCATTCCGTCG-1,0,32,118,5430,1293
TGCCGAAAGCGTATTC-1,0,33,119,5324,1232
CAACACATCTCCTGCC-1,0,32,120,5430,1171
CTGCCTCATATGCAAC-1,0,33,121,5324,1111
TCCCGCCTATGTGCGT-1,0,32,122,5429,1050
GGTTACCCGACACTTT-1,0,33,123,5324,990
CCAGCGGGATCACCAG-1,0,32,124,5429,929
ATGTTTCGGCCCGGAG-1,0,33,125,5324,869
GCGTCTAACCTCCTAA-1,0,32,126,5429,808
ATCAGGTAGCTGACAG-1,0,33,127,5323,747
GGTATGAAAGAACTGA-1,0,34,0,5230,8444
GTGGCCTAATATCATT-1,0,35,1,5124,8384
CCTGTGAAACCGTAAC-1,0,34,2,5230,8323
GGCAGAGAGATCGGGA-1,0,35,3,5124,8262
TAGCGTCGAATATTGA-1,0,34,4,5230,8202
CGCCGACTATTCGCTA-1,0,35,5,5124,8141
TCTGGCGCAAGCCGGG-1,0,34,6,5229,8080
AGTGGTTGCGTATAGG-1,0,35,7,5124,8020
ATCGGTTACCTAGTAA-1,0,34,8,5229,7959
CCTGCCCGTTGTCTAG-1,0,35,9,5124,7899
GCACACGCCCATGGTC-1,0,34,10,5229,7838
AGTACGGCCCGTATCG-1,0,35,11,5124,7778
TATCTAGCCTAAAGGA-1,0,34,12,5229,7717
CACTCGGTTAGGAGGA-1,0,35,13,5123,7656
ATGTTCGTCGACCCAC-1,0,34,14,5229,7596
TTCCTCTGCCCGAATA-1,0,35,15,5123,7535
TTACTATCGGCTTCTC-1,0,34,16,5229,7474
GCCGCATTAGTCCGGC-1,0,35,17,5123,7414
TAAGGGCTGGGAGAGG-1,0,34,18,5228,7353
TAAGCAGGCGACACGC-1,0,35,19,5123,7293
AGCACTACCGGCCTGT-1,0,34,20,5228,7232
GAAAGCCCTTTGGACC-1,0,35,21,5123,7171
GACCGACTGAAGCGTC-1,0,34,22,5228,7111
CGGTGAAGACTAAAGT-1,0,35,23,5122,7050
CCCTGCGCTACGCATA-1,0,34,24,5228,6990
TACTGGACAGCTCGGC-1,0,35,25,5122,6929
TTAGTAGGGCGGCGGG-1,0,34,26,5228,6868
GAGGCTATCAAAGTCG-1,0,35,27,5122,6808
TTACCATTGATTACCC-1,0,34,28,5227,6747
ATACCACGGGCAACTT-1,0,35,29,5122,6687
TGTCCTAAGTCACCGC-1,0,34,30,5227,6626
AGGTAGGTACAAAGCT-1,0,35,31,5122,6565
GGCATACAGGTAGCGG-1,0,34,32,5227,6505
TGTAGTGATCTATAAT-1,0,35,33,5121,6444
TCCCGGGTGTGCTGCT-1,0,34,34,5227,6384
TACGATGTTGATCATC-1,0,35,35,5121,6323
CCTCTCTCCCATCTAG-1,0,34,36,5227,6262
GCAGGACTATAGAATA-1,0,35,37,5121,6202
CTAGTGAAGGACAGGA-1,0,34,38,5226,6141
TACGAGAACTTCACGT-1,0,35,39,5121,6081
CGTTGTTTCAATTCCC-1,0,34,40,5226,6020
GCAAATATTACGCTTT-1,0,35,41,5121,5959
CCAATAGTGCCGTCGA-1,0,34,42,5226,5899
ATTGCTGCTCCTCCAT-1,0,35,43,5121,5838
GAGATCTGCTTGGCAT-1,0,34,44,5226,5777
GCCGAAATTCCTACGT-1,0,35,45,5120,5717
GGCACTCCACTGGGCA-1,0,34,46,5226,5656
GGGTCACCGTGACGGT-1,0,35,47,5120,5596
CACTTAATCAGACGGA-1,0,34,48,5225,5535
CGTTTCGCTCATTACA-1,0,35,49,5120,5475
ATAAAGGCTCGGTCGT-1,0,34,50,5225,5414
CACTAAAGTTGCCTAT-1,0,35,51,5120,5353
GTGCTCAAGTACTGTC-1,0,34,52,5225,5293
CCATGCCTGTTTAGTA-1,0,35,53,5120,5232
TCTAGTTATCAGAAGA-1,0,34,54,5225,5171
TTGTAATCCGTACTCG-1,0,35,55,5119,5111
TCCCAGCTTTAGTCTG-1,0,34,56,5225,5050
CTACGCACGGAGTACC-1,0,35,57,5119,4990
AAATTAACGGGTAGCT-1,0,34,58,5225,4929
CGGCCACGCACAAAGT-1,0,35,59,5119,4869
GAAGCGTGAGGAATTT-1,0,34,60,5224,4808
ATATCTTAGGGCCTTC-1,0,35,61,5119,4747
ACGCGGGCCAAGGACA-1,0,34,62,5224,4687
GCGAGTTCTGCAAAGA-1,0,35,63,5119,4626
TATTCGTGCCAGAATA-1,0,34,64,5224,4565
AGGGCTGCAGTTACAG-1,0,35,65,5118,4505
CTAGCATAGTATAATG-1,0,34,66,5224,4444
TAGGTTCGAGTTCGTC-1,0,35,67,5118,4384
GAATTATAGTGAAAGG-1,0,34,68,5224,4323
CTATCGGGTCTCAACA-1,0,35,69,5118,4263
GCGCTAATTGAATAGA-1,0,34,70,5223,4202
ATGCGACAGTCCCATT-1,0,35,71,5118,4141
GGTAGTGCTCGCACCA-1,0,34,72,5223,4081
AAGCTCGTGCCAAGTC-1,0,35,73,5118,4020
TATTCAATTCTAATCC-1,0,34,74,5223,3959
TTCAAAGTCTCTAGCC-1,1,35,75,5118,3899
TTGAATATGGACTTTC-1,1,34,76,5223,3838
AAGAGCTCTTTATCGG-1,1,35,77,5117,3778
TTACTCCGGCCGGGAA-1,1,34,78,5223,3717
AAACGAGACGGTTGAT-1,1,35,79,5117,3657
GCTAAGTAGTTTCTCT-1,1,34,80,5222,3596
ATAACGCCGGAGGGTC-1,1,35,81,5117,3535
GGATCCGGAATATACT-1,1,34,82,5222,3475
TGAAAGGACCTGACTC-1,0,35,83,5117,3414
TCCGCGGCAGCATCTG-1,0,34,84,5222,3353
TGCATATGTCTGTCAC-1,0,35,85,5117,3293
TGTAGGAGAAATTTCC-1,0,34,86,5222,3232
AGTGAGACTTCCAGTA-1,0,35,87,5116,3172
CCCAAACATGCTGCTC-1,0,34,88,5222,3111
GCTTATGAAGCAGGAA-1,0,35,89,5116,3051
TTCTAACCGAAGCTTA-1,0,34,90,5222,2990
GGATGTCCTTACCGCA-1,0,35,91,5116,2929
AGGGTGCTCTCGAGGG-1,0,34,92,5221,2869
AACTCTCAATAGAGCG-1,0,35,93,5116,2808
TCTGAATTCCGTACAA-1,0,34,94,5221,2747
GCGTGGTACTGGGTTA-1,0,35,95,5116,2687
CGTCGGATAGTGTTGA-1,0,34,96,5221,2626
ATATGTCTCCCTAGCC-1,0,35,97,5115,2566
TCTTTAAGACTATGAA-1,0,34,98,5221,2505
TCATTTAAGTCTCCGA-1,0,35,99,5115,2445
GATATTGAGATTGGCG-1,0,34,100,5221,2384
TGACATCGAGCGGACC-1,0,35,101,5115,2323
GCGTAAATGGCCATAA-1,0,34,102,5220,2263
ATTGTACAACTCGGCT-1,0,35,103,5115,2202
TACGCTATAGAAACCT-1,0,34,104,5220,2141
CACCCAAATCTTATGT-1,0,35,105,5115,2081
AGATGATGGAGTCTGG-1,0,34,106,5220,2020
CCACGGTGCCCGGTAG-1,0,35,107,5114,1960
TCAAGAAATACTAGCT-1,0,34,108,5220,1899
AGGTATAATTGATAGT-1,0,35,109,5114,1839
CAAGGTCCTATAGGCT-1,0,34,110,5220,1778
CCGGCACGACCGTTTC-1,0,35,111,5114,1717
ACCTCCGTTATTCACC-1,0,34,112,5219,1657
GCAGCCTATATCACAT-1,0,35,113,5114,1596
GGTATAGTGACACATA-1,0,34,114,5219,1535
AAATTCCAGGTCCAAA-1,0,35,115,5114,1475
TCTTTAGCAGGCGAAC-1,0,34,116,5219,1414
TATTGACATTTCTGCC-1,0,35,117,5114,1354
TCTGATCGGGTGCTAG-1,0,34,118,5219,1293
GGCCCGGAGCATGTCT-1,0,35,119,5113,1233
GGGCGCAGCGTTACTC-1,0,34,120,5219,1172
TTGGCGATCCGAATAT-1,0,35,121,5113,1111
CCACGTAAATTAGACT-1,0,34,122,5219,1051
TCTGATTGGAAATGGA-1,0,35,123,5113,990
ATGGCGGAATAGTCGC-1,0,34,124,5218,929
ATCGCTTTACGTCTCA-1,0,35,125,5113,869
TACGTGCAAGGTTCCT-1,0,34,126,5218,808
CAGGACAGCTGCCCTT-1,0,35,127,5113,748
CAAACCAGGTCTGCAT-1,0,36,0,5019,8444
ACAAGCTATATGGAAG-1,0,37,1,4914,8384
TCGCCCACTGCGAGAG-1,0,36,2,5019,8323
AGCCGCAAATTCAAAT-1,0,37,3,4913,8263
TTAACGTTAAAGCCTG-1,0,36,4,5019,8202
CAGCGCCAACACGATA-1,0,37,5,4913,8141
ATCCAATGGTACCGAA-1,0,36,6,5019,8081
GTGCTGCAGATAAGGA-1,0,37,7,4913,8020
GGCCTTTGCAACTGGC-1,0,36,8,5018,7959
GTCGTACCTACGATTG-1,0,37,9,4913,7899
TAGAAATTCACGTATA-1,0,36,10,5018,7838
AGAATAAATCTTCAGG-1,0,37,11,4913,7778
CATTGCGAAATGGGCG-1,0,36,12,5018,7717
GTCTACTCAATTACAA-1,0,37,13,4912,7657
TGTAATGACCACAATA-1,0,36,14,5018,7596
AAAGTCGACCCTCAGT-1,0,37,15,4912,7535
TACTCGGCACGCCGGG-1,0,36,16,5018,7475
AGGTGTATCGCCATGA-1,0,37,17,4912,7414
TGTGCTTTACGTAAGA-1,0,36,18,5017,7353
AAACCTCATGAAGTTG-1,0,37,19,4912,7293
TATAGGGTACTCATGA-1,0,36,20,5017,7232
CCAGCTGATGGTACTT-1,0,37,21,4912,7172
AATATTGGAGTATTGA-1,0,36,22,5017,7111
GGCCCTCACCCACTTA-1,0,37,23,4912,7051
AACCAAGACTTCTCTG-1,0,36,24,5017,6990
TCGTATTACCCATTGC-1,0,37,25,4911,6929
ATTCGACGCCGGGCCT-1,0,36,26,5017,6869
GGCGCAGGACATCTTC-1,0,37,27,4911,6808
GTACTCCCTTATCGCT-1,0,36,28,5016,6747
TGGTCTGTTGGGCGTA-1,0,37,29,4911,6687
AATAACAACGCTCGGC-1,0,36,30,5016,6626
CATACCCGTACCCAGT-1,0,37,31,4911,6566
ACAATCCATTTAAACC-1,0,36,32,5016,6505
GTTACAATTGGTGACG-1,0,37,33,4911,6445
TTGCCCTGATCACGGG-1,0,36,34,5016,6384
CTAACCGCGCGCCCGT-1,0,37,35,4910,6323
CTAAAGAATGCCTACT-1,0,36,36,5016,6263
ACCCATCTTGAGGGTA-1,0,37,37,4910,6202
GATCTTTGCAGGGTAT-1,0,36,38,5016,6141
GGGTACTTCATGAACT-1,0,37,39,4910,6081
GCCGCTTGTGAGAAAC-1,0,36,40,5015,6020
CCTGTAAGACATGATA-1,0,37,41,4910,5960
CGACAGTTCGCGTTAT-1,0,36,42,5015,5899
ACGATGCATATGTTAT-1,0,37,43,4910,5839
TGTTCCGCTTCCATGA-1,0,36,44,5015,5778
GGATGACGCGAGTTTA-1,0,37,45,4909,5717
GAAGTTTCCACTCAAT-1,0,36,46,5015,5657
GCGAGGCCCGAGCAGA-1,0,37,47,4909,5596
CATACTATGTAATTGT-1,0,36,48,5015,5535
CCAATGTCACAGCAAG-1,0,37,49,4909,5475
GTTGGATTTGCGTTGG-1,0,36,50,5014,5414
GGGAGGATGCCCGAAA-1,0,37,51,4909,5354
GATCGCGGGCTCTCCA-1,0,36,52,5014,5293
GTTCGCCATAAGTGCC-1,0,37,53,4909,5233
AGATTATAGGACGTTT-1,0,36,54,5014,5172
TCGAGACCAACACCGT-1,0,37,55,4908,5111
TATGGGACCGAGCAGG-1,0,36,56,5014,5051
GATGCGTCCTGCATTC-1,0,37,57,4908,4990
TATGGTCTGAGTAACA-1,0,36,58,5014,4929
GCATAGAGCACTCAGG-1,0,37,59,4908,4869
CTTCATTGTCAGTGGA-1,0,36,60,5013,4808
GCAGATTAGGGATATC-1,0,37,61,4908,4748
CCTGTCGCCCGTAAAT-1,0,36,62,5013,4687
CAATTTCGTATAAGGG-1,0,37,63,4908,4627
GTACACTTACCTGAAG-1,0,36,64,5013,4566
CCAGCCTGGACCAATA-1,0,37,65,4908,4505
ATGGAGCAGGCCGTGA-1,0,36,66,5013,4445
GTCATTAGAGCGAACG-1,0,37,67,4907,4384
AAGACTGCAAGCTACT-1,0,36,68,5013,4323
CTAGTCACGTCTTAAG-1,0,37,69,4907,4263
ACTCTTGTATAGTAAC-1,0,36,70,5013,4202
ATTAGGCGATGCTTTC-1,0,37,71,4907,4142
TTCGGGACTAATCGCG-1,0,36,72,5012,4081
TGGACTGTTCGCTCAA-1,0,37,73,4907,4021
AACGTGCGAAAGTCTC-1,0,36,74,5012,3960
CCACCCAAGGAAAGTG-1,0,37,75,4907,3899
CCGCACAAAGACCAAC-1,0,36,76,5012,3839
GCGATTGTTAACGTTA-1,1,37,77,4906,3778
ACTCGTCAGTAATCCC-1,1,36,78,5012,3717
GGTGATAAGGAGCAGT-1,1,37,79,4906,3657
AAGAGGCATGGATCGC-1,1,36,80,5012,3596
CACGTTCGTGCTCTAG-1,1,37,81,4906,3536
CTATTTGGTTACGGAT-1,1,36,82,5011,3475
GTACAGAGGCAAGGGT-1,0,37,83,4906,3415
GGGCCGGCCGAAGTAC-1,0,36,84,5011,3354
CCTGAACGATATATTC-1,0,37,85,4906,3293
CCGGGCTGCTCCATAC-1,0,36,86,5011,3233
TACTTGTTAGTAGTCC-1,0,37,87,4905,3172
CCTAGGCGTAGCGATC-1,0,36,88,5011,3111
CTGGCGCACAGGTCTG-1,0,37,89,4905,3051
ACTTATACTTACCCGG-1,0,36,90,5011,2990
GAAGTCTCCCTAGCGA-1,0,37,91,4905,2930
ACCGATGGTAGCATCG-1,0,36,92,5010,2869
CGAGTTTATCGGACTG-1,0,37,93,4905,2808
CATAACGGACAGTCGT-1,0,36,94,5010,2748
TGACGATGCACTAGAA-1,0,37,95,4905,2687
TAGGGAGCTTGGGATG-1,0,36,96,5010,2627
AGGGTCGATGCGAACT-1,0,37,97,4905,2566
TATATCCCTGGGAGGA-1,0,36,98,5010,2505
CATCTTACACCACCTC-1,0,37,99,4904,2445
GTGCGACAGGGAGTGT-1,0,36,100,5010,2384
CCGATCTCAACCTTAT-1,0,37,101,4904,2324
ACGATCATCTTGTAAA-1,0,36,102,5010,2263
GAAAGAACAGCGTTAT-1,0,37,103,4904,2202
CTAGGTCTGAAGGAAT-1,0,36,104,5009,2142
ATATCAACCTACAGAG-1,0,37,105,4904,2081
AAATAGCTTAGACTTT-1,0,36,106,5009,2021
GCGACATGTAAACATC-1,0,37,107,4904,1960
ATAAGTAGGGCGACTC-1,0,36,108,5009,1899
GCGAGCGCATGCTCCC-1,0,37,109,4903,1839
AGGGACCGGCTGCGTT-1,0,36,110,5009,1778
CCTATGAAGTGGTGCC-1,0,37,111,4903,1718
GCTTACGTAGTTAGTA-1,0,36,112,5009,1657
CATACTTAGGCAATAC-1,0,37,113,4903,1596
CCTGTCCCTCACGTTA-1,0,36,114,5008,1536
CAATGTGCCAACCCTT-1,0,37,115,4903,1475
GTTAAGTTAGAGTGGG-1,0,36,116,5008,1414
CTGGGATACGCTACCC-1,0,37,117,4903,1354
AACCTGTCACGGAATT-1,0,36,118,5008,1293
ACTGCGGACACACCGT-1,0,37,119,4902,1233
CCGTGAGGCATTCATG-1,0,36,120,5008,1172
GCCCAGATGCTGGAGA-1,0,37,121,4902,1112
TCTGGCCGTTCAAGTT-1,0,36,122,5008,1051
ATACGAAGGCTTTCCA-1,0,37,123,4902,990
GATCCGAATATAAGTG-1,0,36,124,5007,930
GTGGAGCATGTCGGCC-1,0,37,125,4902,869
ACTCTTCAGCTCCCGC-1,0,36,126,5007,808
CCCGATAGCCTCGCCT-1,0,37,127,4902,748
ACAGGTGTGTTGTTGC-1,0,38,0,4808,8445
TGAACTGCTATGACTT-1,0,39,1,4703,8384
TGACATATATGACGAT-1,0,38,2,4808,8323
AAGTCTTCTGTGGCCT-1,0,39,3,4703,8263
ACCAGACCATAACAAC-1,0,38,4,4808,8202
TGAGACGTACCTCTCA-1,0,39,5,4702,8142
GACCGTTACATGCGAC-1,0,38,6,4808,8081
GGTTCGGATTATACTA-1,0,39,7,4702,8021
CCTCCTGAGCCCACAT-1,0,38,8,4807,7960
CCGCGATTTGGTAGGT-1,0,39,9,4702,7899
AATCTCTACTGTGGTT-1,0,38,10,4807,7839
ACTTTGACTGCATCCT-1,0,39,11,4702,7778
CCCTGACTAACAAATT-1,0,38,12,4807,7717
ACGCTGTGAGGCGTAG-1,0,39,13,4702,7657
GCATACGAGGTCTTTA-1,0,38,14,4807,7596
TCGGGATTCAAACATA-1,0,39,15,4701,7536
GGGCCCTACGAAAGGG-1,0,38,16,4807,7475
CGCCAAGAAGCCGAGT-1,0,39,17,4701,7415
GGTACATCTGGGACGA-1,0,38,18,4807,7354
GGATGCTGGCGTTCCT-1,0,39,19,4701,7293
CCGATTCGAGGGACCC-1,0,38,20,4806,7233
CCACTGGTGGCTGGTT-1,0,39,21,4701,7172
GACAGGCACACACTAT-1,0,38,22,4806,7111
TCAACGCGACCGGCAG-1,0,39,23,4701,7051
CTACGACTAGCTATAA-1,0,38,24,4806,6990
CGGTTGACCTGGCATA-1,0,39,25,4700,6930
ATCCTGAATCGCTGCG-1,0,38,26,4806,6869
GTTTCATATCGTCGCT-1,0,39,27,4700,6809
ATAAATATTAGCAGCT-1,0,38,28,4806,6748
AAGAGGATGTACGCGA-1,0,39,29,4700,6687
TCCTGCGTTGATACTC-1,0,38,30,4805,6627
CGTGCATTGTCGACGC-1,0,39,31,4700,6566
CCGGGTTCGAGGTTAC-1,0,38,32,4805,6505
CCCAATTTCACAACTT-1,0,39,33,4700,6445
TGATTTATTAGCTGTG-1,0,38,34,4805,6384
TGGAAGAAGGGAACGT-1,0,39,35,4699,6324
GACGCTTGCTTCTAAA-1,0,38,36,4805,6263
GGGAACGGGAGGTTAG-1,0,39,37,4699,6203
GCGGCTCTGACGTACC-1,0,38,38,4805,6142
ACGTTAGATTTGCCCG-1,0,39,39,4699,6081
GAGAGGGCGCGAGGTT-1,0,38,40,4804,6021
GCGTCTCTGCATTGGG-1,0,39,41,4699,5960
GCAGCACACAGCCCAG-1,0,38,42,4804,5899
CAGGCCGTTTGGGTGT-1,0,39,43,4699,5839
AACTCAAGTTAATTGC-1,0,38,44,4804,5778
CTTCGTAGATAGGTGA-1,0,39,45,4699,5718
TGCAGAGTACCGAGCA-1,0,38,46,4804,5657
GAAGTGATTTATCGTG-1,0,39,47,4698,5596
CGCTACGGGACATTTA-1,0,38,48,4804,5536
CCACACTGAGATATTA-1,0,39,49,4698,5475
CGATCCGACCCAGTGC-1,0,38,50,4804,5415
CTGTACTTCTTAGCAT-1,0,39,51,4698,5354
ACTTATTAGGATCGGT-1,0,38,52,4803,5293
TAGTCCGCAGAGAATG-1,0,39,53,4698,5233
TTCACGAAAGGATCAC-1,0,38,54,4803,5172
TACATTTCTAACGTGC-1,0,39,55,4698,5112
ACCATATCCGCAATAA-1,0,38,56,4803,5051
CACTCAAGAGCTATGG-1,0,39,57,4697,4990
TGTACGAACAAATCCG-1,0,38,58,4803,4930
ATCATCCAATATTTGT-1,0,39,59,4697,4869
CGCTATTCTTAGGCTC-1,0,38,60,4803,4809
TGGCAGCAGTAATAGT-1,0,39,61,4697,4748
TCACGTGCCCGATTCA-1,0,38,62,4802,4687
CATACGGCGTCTGGGC-1,0,39,63,4697,4627
CACATGATTCAGCAAC-1,0,38,64,4802,4566
GCTAGTAGAGCTTGTA-1,0,39,65,4697,4506
TGCTGTTGAAGAACTC-1,0,38,66,4802,4445
CGGAGCATGGCGATCC-1,0,39,67,4696,4384
TAGCGTTGGGTCTTAC-1,0,38,68,4802,4324
GTAGCGGCTATACACT-1,0,39,69,4696,4263
TAACATACAATGTGGG-1,0,38,70,4802,4202
TCTTCGAATAGACGTT-1,0,39,71,4696,4142
GATCGTGACTGATATC-1,0,38,72,4801,4081
GATCCGGGAATTAACA-1,0,39,73,4696,4021
TTATATACGCTGTCAC-1,0,38,74,4801,3960
GTCGCGTAACCCGTTG-1,0,39,75,4696,3900
AGCTCTAGACGTTCCA-1,1,38,76,4801,3839
GTCAAGCGGACTCGGG-1,0,39,77,4696,3778
CGAGGGACTGCGGTCG-1,0,38,78,4801,3718
AATCGCCTCAGCGCCA-1,0,39,79,4695,3657
CTTGTTGCTGAGTCAA-1,0,38,80,4801,3596
GATATGAGACACTAAC-1,0,39,81,4695,3536
TTATGATCTTAACGAA-1,0,38,82,4801,3475
CGCCGCCCATGCCTGT-1,0,39,83,4695,3415
CTGGGATAAATAATGG-1,0,38,84,4800,3354
GTGCCCGTTCGGATTC-1,0,39,85,4695,3294
TTCAATACTCTGAATC-1,0,38,86,4800,3233
CGCACATGTCCACTAC-1,0,39,87,4695,3172
AGAAGAGCGCCGTTCC-1,0,38,88,4800,3112
GATAACTCGCACTGTG-1,0,39,89,4694,3051
AGTCGACGGTCTCAAG-1,0,38,90,4800,2990
GTGACCGCACACTACG-1,0,39,91,4694,2930
GTATGTGGGTCTAGTT-1,0,38,92,4800,2869
CTTGAGTTAGGGTAAT-1,0,39,93,4694,2809
TTAGCTGATTTGCCGT-1,0,38,94,4799,2748
GCTGTTGCTACCGAAC-1,0,39,95,4694,2688
TATTACCATCCTGCTT-1,0,38,96,4799,2627
TTGAATTCACGTGAGG-1,0,39,97,4694,2566
CCATCTCACCAGTGAA-1,0,38,98,4799,2506
CGCACGTGCGCTATCA-1,0,39,99,4693,2445
ACCCGGATGACGCATC-1,0,38,100,4799,2384
CGCTAGAGACCGCTGC-1,0,39,101,4693,2324
ATAGTTCCACCCACTC-1,0,38,102,4799,2263
GCAGACCCAGCACGTA-1,0,39,103,4693,2203
TAGACTACCTAGCGTT-1,0,38,104,4798,2142
GGTTCTACTCGTCTGA-1,0,39,105,4693,2082
GACTCACCCACGTGAG-1,0,38,106,4798,2021
AGCTCTTCGTAACCTT-1,0,39,107,4693,1960
ACTATCCAGGGCATGG-1,0,38,108,4798,1900
AAGGATCGATCGCTTG-1,0,39,109,4693,1839
ATATCGGTAGGGAGAT-1,0,38,110,4798,1778
TTCCAGACGAGATTTA-1,0,39,111,4692,1718
GACCGACGTGAAAGCA-1,0,38,112,4798,1657
CCTGGAAACGTTCTGC-1,0,39,113,4692,1597
CCGGTAATGGCTAGTC-1,0,38,114,4797,1536
GCCGTGGAAGAAATGT-1,0,39,115,4692,1476
GTCTTGAGGAGCAGTG-1,0,38,116,4797,1415
TCCCAAAGCCCTAAAT-1,0,39,117,4692,1354
TTGAGCGCCACGTGAT-1,0,38,118,4797,1294
TTGAGTCCCGCTGCTG-1,0,39,119,4692,1233
ATGGAACCTTTGCACA-1,0,38,120,4797,1172
GCTAGCACCTGGGCCA-1,0,39,121,4691,1112
CGCCGTCTACCCATCG-1,0,38,122,4797,1051
GATAGGTGTCCCGGGC-1,0,39,123,4691,991
AGGTATGCGGACATTA-1,0,38,124,4797,930
TTGGTTCGCTCAAAGG-1,0,39,125,4691,870
TCTGGAGCGTAAGAGT-1,0,38,126,4796,809
TGCCTAAATTTAATAG-1,0,39,127,4691,748
TAATTTCCGTCCAGTA-1,0,40,0,4597,8445
TCCTTCAATCCCTACG-1,0,41,1,4492,8385
TACCTATCCCTAGAGG-1,0,40,2,4597,8324
GCATGGGTACTGACGC-1,0,41,3,4492,8263
GTCGGGAACATGGTAG-1,0,40,4,4597,8203
GCAAATGAGGACACTT-1,0,41,5,4491,8142
GAATGGGCTTATCGAC-1,0,40,6,4597,8081
TGGTCGTGCAAGGCAA-1,0,41,7,4491,8021
CACCACGCCACACAGA-1,0,40,8,4597,7960
GAACCTCGACCTACAC-1,0,41,9,4491,7900
CAATACGCTCTGAGGC-1,0,40,10,4596,7839
TGGTAAGCAGGATTGA-1,0,41,11,4491,7778
AGTGGCTCCGTCGGCC-1,0,40,12,4596,7718
GATCGGATAGAACCAT-1,0,41,13,4491,7657
GCTACAGTACGGACCG-1,0,40,14,4596,7597
TCTATTACTAGAGGAT-1,0,41,15,4490,7536
TTCAGGCGTCAAAGCC-1,0,40,16,4596,7475
AGACCGGGAAACCCTG-1,0,41,17,4490,7415
AGAGATCTCTAAAGCG-1,0,40,18,4596,7354
CCCTGCCCAATCCGCT-1,0,41,19,4490,7294
GTGGCGGTCCCAGCGT-1,0,40,20,4595,7233
GCATTGTAATTCATAT-1,0,41,21,4490,7172
CCGTTCCGAATCTCGG-1,0,40,22,4595,7112
AGCTTGATCTTAACTT-1,0,41,23,4490,7051
CCTGTACTCACGCCCA-1,0,40,24,4595,6991
AAGTGACGACCGAATT-1,0,41,25,4490,6930
CTCACTTGGCTGGTAA-1,0,40,26,4595,6869
CGCCTGGCCTACGTAA-1,0,41,27,4489,6809
CCCGTAAGTCTAGGCC-1,0,40,28,4595,6748
TTGGACATGTGGCTTA-1,0,41,29,4489,6688
ATTACGCGCTGGCAGG-1,0,40,30,4595,6627
ACGCGCTACACAGGGT-1,0,41,31,4489,6566
TACGTTTACCGGCAAT-1,0,40,32,4594,6506
CGAAACGCAATTCATG-1,0,41,33,4489,6445
TAGTCTAACAACGAGA-1,0,40,34,4594,6384
TTGCATGCTGATCACG-1,0,41,35,4489,6324
TCTGGGTAGCGCTCAT-1,0,40,36,4594,6263
ACATCGGTCAGCCGCG-1,0,41,37,4488,6203
AGATACCGGTGTTCAC-1,0,40,38,4594,6142
GATTACTGAATTTGGG-1,0,41,39,4488,6082
TCCAACTTTAAATTCT-1,0,40,40,4594,6021
TCCTAGCAAAGAAGCT-1,0,41,41,4488,5960
GTCTATCTGAGTTTCT-1,0,40,42,4593,5900
GATGTTCAATCCACGA-1,0,41,43,4488,5839
AGTTAAACACTTGCGA-1,0,40,44,4593,5778
AGCTCTTTACTCAGTT-1,0,41,45,4488,5718
ATCCAGGATTCGTGAA-1,0,40,46,4593,5657
AGTCAACACCACCATC-1,0,41,47,4487,5597
CGATACCTCGCGGACA-1,0,40,48,4593,5536
TACAACGCACAACTCA-1,0,41,49,4487,5476
AATTAAAGGTCGGCGT-1,0,40,50,4593,5415
TACGCAGTTCTTTCCT-1,0,41,51,4487,5354
GACCGTGCTGACGGTG-1,0,40,52,4592,5294
GGCAAATTACTTTACT-1,0,41,53,4487,5233
GGTACAAACATGCTAT-1,0,40,54,4592,5172
CGGGCCTTCTTTGTAA-1,0,41,55,4487,5112
CGTGAAGTTAATTCAC-1,0,40,56,4592,5051
ATAGTGAAGCGTTCTC-1,0,41,57,4487,4991
TACGCCATATTCTAAT-1,0,40,58,4592,4930
GCCGGGTTAGGGTCGC-1,0,41,59,4486,4870
TACATAGGCATACACC-1,0,40,60,4592,4809
GCCGATTGGCCAAGCT-1,0,41,61,4486,4748
CTGCCATGCATCACAT-1,0,40,62,4591,4688
TTATGAATGAAAGGGA-1,0,41,63,4486,4627
GCTGAGGCGTGAGTAT-1,0,40,64,4591,4566
GCGCCGTTCCACGATA-1,0,41,65,4486,4506
CGCATGGTGCGATGCT-1,0,40,66,4591,4445
AGGTTTCACACACCTT-1,0,41,67,4486,4385
CAAGGATCGCATGTTC-1,0,40,68,4591,4324
ACGTTAATGTCGAAGA-1,0,41,69,4485,4264
TCCAGAGCACCGGTTC-1,0,40,70,4591,4203
GATTCGACGGTTCACG-1,0,41,71,4485,4142
GTTTCTGCAGTCTCCC-1,0,40,72,4591,4082
GCTGCACGGTTTCTTA-1,0,41,73,4485,4021
CGTGCAGACTGGGACA-1,0,40,74,4590,3960
GTGTTACTATGCGTCC-1,0,41,75,4485,3900
TCCTCGGGCTGGGCTT-1,0,40,76,4590,3839
GTGAGGACACTTAAGG-1,0,41,77,4485,3779
ATACGCCGGCGAAACC-1,0,40,78,4590,3718
TCTGCCAGAAACTGCA-1,0,41,79,4484,3658
TTCTGCGGGTTAGCGG-1,0,40,80,4590,3597
CTCGGTACCACTGCTC-1,0,41,81,4484,3536
GTAAGTAACAGTCTGG-1,0,40,82,4590,3476
GTGCGTGTATATGAGC-1,0,41,83,4484,3415
ATTTGTCTTGGGAGCT-1,0,40,84,4589,3354
CCTCGGACCGGGATAG-1,0,41,85,4484,3294
TAGGTGCTCGCCTAGC-1,0,40,86,4589,3233
CTTTAGGAACACTGTT-1,0,41,87,4484,3173
TCGGGCCGTCGTGGTA-1,0,40,88,4589,3112
AGTGCTTGCACGAATA-1,0,41,89,4484,3052
TGCAGTTTCCTCCCAT-1,0,40,90,4589,2991
TGAGAGATTTACCACG-1,0,41,91,4483,2930
GAAACAGATGACCACC-1,0,40,92,4589,2870
AGCAACATATCTTATT-1,0,41,93,4483,2809
CAAGTGTGGTTGCAAA-1,0,40,94,4588,2748
GCCTCATCTGGAAATA-1,0,41,95,4483,2688
AACCCTACTGTCAATA-1,0,40,96,4588,2627
ACGTATTACTCCGATC-1,0,41,97,4483,2567
TCTGGGAACCTTTGAA-1,0,40,98,4588,2506
GCTCGCTCATGTCCAA-1,0,41,99,4483,2446
GCGCAAGAGCGCGCTG-1,0,40,100,4588,2385
TTGACGCTCCATGAGC-1,0,41,101,4482,2324
TATAGATGGTCGCAGT-1,0,40,102,4588,2264
TTACATGCCACAACTA-1,0,41,103,4482,2203
ACATGGCGCCAAAGTA-1,0,40,104,4588,2142
TATGGTTAGTGGGAGA-1,0,41,105,4482,2082
CATGACTTCGCTGAAT-1,0,40,106,4587,2021
ACCACCAATGTAACAA-1,0,41,107,4482,1961
TCTTAGAGCTCCAATT-1,0,40,108,4587,1900
CCACGAATTTAACCTC-1,0,41,109,4482,1840
TTCTTGCTAGCATCTC-1,0,40,110,4587,1779
ACACCTTACTACTTGC-1,0,41,111,4481,1718
AGTCGGTTGCGTGAGA-1,0,40,112,4587,1658
ACCTACAGTATGTGGT-1,0,41,113,4481,1597
GAGGATAAACAGTGCT-1,0,40,114,4587,1536
TTCCGGTATCTGTGTC-1,0,41,115,4481,1476
GGAGGCCGAAGTCGTC-1,0,40,116,4586,1415
TTCGCTAGGAAGTTGT-1,0,41,117,4481,1355
TAAAGACAACCCTTTA-1,0,40,118,4586,1294
GTTGCGCTAACATTAC-1,0,41,119,4481,1234
GCTGAACTCTCCAGGG-1,0,40,120,4586,1173
AGCCCTGTCGCACCGT-1,0,41,121,4480,1112
AGCGCTAGAGCGATGT-1,0,40,122,4586,1052
TGCGCCGTTAATAACG-1,0,41,123,4480,991
TGACAACGCATGTCGC-1,0,40,124,4586,930
CGTCTTGAGTGTGACG-1,0,41,125,4480,870
GATAGGATTAATTACA-1,0,40,126,4585,809
GATACCGTGTCGGAGT-1,0,41,127,4480,749
TGTGTCGAAGTCGAGG-1,0,42,0,4386,8445
GGATCAGAGCCATCAG-1,0,43,1,4281,8385
GTCCCAATCATCCCGC-1,0,42,2,4386,8324
TGCCACACTAGAGGAA-1,0,43,3,4281,8264
TGAATTTCACTTGCCT-1,0,42,4,4386,8203
CTCAGATTGTGATAAG-1,0,43,5,4281,8142
CGGACGTTACTTGAAG-1,0,42,6,4386,8082
CCGCCTTGCGATGTCG-1,0,43,7,4280,8021
CCAGTCAAATCTCTTA-1,0,42,8,4386,7960
AAACAGCTTTCAGAAG-1,0,43,9,4280,7900
TAGCTGATGTGAAGCG-1,0,42,10,4386,7839
CTTATGCGCTCAGGGC-1,0,43,11,4280,7779
TGGCTCTTGTCGCGTA-1,0,42,12,4385,7718
TTGTGAGGCATGACGC-1,0,43,13,4280,7658
CATAAGCTCTCCGTCT-1,0,42,14,4385,7597
CCTTCTCAGCGTTCCT-1,0,43,15,4280,7536
TGCAGCTACGTACTTC-1,0,42,16,4385,7476
CTCTACACTGGCGATT-1,0,43,17,4279,7415
TGCAGATCGTCCTAGG-1,0,42,18,4385,7354
TGCCAAAGTCAGACTT-1,0,43,19,4279,7294
ACAATAGTCGTACGTT-1,0,42,20,4385,7233
CATGCCAACTCGCAAA-1,0,43,21,4279,7173
TGCAGAACTATATCGT-1,0,42,22,4384,7112
TCGTGTCACGCTGACA-1,0,43,23,4279,7052
TGATCAGGGAACTGCT-1,0,42,24,4384,6991
CTTGCAACCGCCTCCT-1,0,43,25,4279,6930
AGCCCATACATGTAAG-1,0,42,26,4384,6870
ATCCAATGGAGGGTCC-1,0,43,27,4278,6809
AAACCGGGTAGGTACC-1,0,42,28,4384,6748
GCAACCACGGCCGCGT-1,0,43,29,4278,6688
CGCTTATTCCCGGTCG-1,0,42,30,4384,6627
TTACTCTGGTACGTAC-1,0,43,31,4278,6567
GTGGTTTCCGCCTTTC-1,0,42,32,4383,6506
ATAGGCGGCTATAGAA-1,0,43,33,4278,6446
GTGCCATCACACGGTG-1,0,42,34,4383,6385
CCCAACATACGTCGCG-1,0,43,35,4278,6324
CGGTGCAGATAGAACG-1,0,42,36,4383,6264
GGGCGGGTTCCCTACG-1,0,43,37,4278,6203
TGAGCCATACAGTCTC-1,0,42,38,4383,6142
CTCCGCCCACATGAGG-1,0,43,39,4277,6082
GTTGAACCGGTTCCAT-1,0,42,40,4383,6021
TTGACTACCATATGGT-1,0,43,41,4277,5961
ACCATCGTATATGGTA-1,0,42,42,4382,5900
TGCGTAAGAACCTGAT-1,0,43,43,4277,5840
AGAAGGTTGCCGAATT-1,0,42,44,4382,5779
AGGACGACCCATTAGA-1,0,43,45,4277,5718
GGTGCTGGTACACATT-1,0,42,46,4382,5658
GCGCTATGCCGAGGCA-1,0,43,47,4277,5597
ACCCGGTTACACTTCC-1,0,42,48,4382,5536
TAACTCATCCGCGCGG-1,0,43,49,4276,5476
CACAATGAGCTGCTAT-1,0,42,50,4382,5415
GTTACTTTGGGCCTAG-1,0,43,51,4276,5355
GGGCCCGTCTTAAACA-1,0,42,52,4382,5294
GAAATTGTCTCTATAA-1,0,43,53,4276,5234
GGCGCATGAATTGATG-1,0,42,54,4381,5173
CATATAGGTACAGTCA-1,0,43,55,4276,5112
TCAACGAGGAGACAAA-1,0,42,56,4381,5052
TTGCACAATTCAGAAA-1,0,43,57,4276,4991
CATCGGACGGGTTAAT-1,0,42,58,4381,4930
ATTAAACATGCGGACC-1,0,43,59,4275,4870
TATCTACCACAGCGGG-1,0,42,60,4381,4809
CGAGACCCTAGAGTGT-1,0,43,61,4275,4749
ACATCGATCGTTTACC-1,0,42,62,4381,4688
ATCGACCCAATACAGA-1,0,43,63,4275,4628
GAATCTGAACATTCTC-1,0,42,64,4380,4567
AGTTCCTATTTATGTT-1,0,43,65,4275,4506
CAGTCTGTATACTGGG-1,0,42,66,4380,4446
GGAGACGACACCTTTG-1,0,43,67,4275,4385
CCTAAATTAACGGTTC-1,0,42,68,4380,4324
GCTACGACTTATTGGG-1,0,43,69,4274,4264
CTGTGCAGGGTAGGTC-1,0,42,70,4380,4203
ACGCCGCTAGACGACC-1,0,43,71,4274,4143
ACTTGACTCCCTCTTT-1,0,42,72,4380,4082
CGCCTCCCTCCTCTAT-1,0,43,73,4274,4022
CTAGATTTACGACGGC-1,0,42,74,4379,3961
GATGCTGTATTTCATC-1,0,43,75,4274,3900
TGCGTTTGTTGACACT-1,0,42,76,4379,3840
CGTGCCCTCCCGAAGA-1,0,43,77,4274,3779
ACTCTCTGACTTAGGT-1,0,42,78,4379,3718
CTGGGTAGGCAGTTAA-1,0,43,79,4274,3658
GTTTGGCCCAAGTTAT-1,0,42,80,4379,3597
GAATGTGGTCCGGATT-1,0,43,81,4273,3537
CCCAGTTAAGGCGCCG-1,0,42,82,4379,3476
CGGTACTAGAATCAAA-1,0,43,83,4273,3415
GCTTAATGTAACTAAC-1,0,42,84,4379,3355
AGGACAGTCGAATCCC-1,0,43,85,4273,3294
GACAGCCAGACCTGAC-1,0,42,86,4378,3234
GGCGAAATCTAACTTG-1,0,43,87,4273,3173
CTGGTAACACATAGAA-1,0,42,88,4378,3112
TAGCCATTTCAAAGTC-1,0,43,89,4273,3052
GGGATTTACCGCACCT-1,0,42,90,4378,2991
ATGCCATTTGCGACCA-1,0,43,91,4272,2931
GAATAGACGCGACCCA-1,0,42,92,4378,2870
TGTATGGCGCAGACAG-1,0,43,93,4272,2809
GGATGAAGATCGCTGA-1,0,42,94,4378,2749
CGACAATTTGATCTAA-1,0,43,95,4272,2688
AAAGTTGACTCCCGTA-1,0,42,96,4377,2628
CGCGGCTCAACTTGAA-1,0,43,97,4272,2567
CACGCGGAACTGTTGC-1,0,42,98,4377,2506
TCTTAGAGTGAACTCT-1,0,43,99,4272,2446
AGTCCATTGGCTGATG-1,0,42,100,4377,2385
TTAAGATAGGATTGAC-1,0,43,101,4271,2325
ACATCCTGGTAACTGT-1,0,42,102,4377,2264
CACCTTGGCGCCTTTG-1,0,43,103,4271,2203
GCTAGACCGTCTACTG-1,0,42,104,4377,2143
CGGCCCAGGTATATCC-1,0,43,105,4271,2082
GTCCATTACTGCTACG-1,0,42,106,4376,2021
GGGTTTAGGATAGGAT-1,0,43,107,4271,1961
TAATTAGGACATCCGT-1,0,42,108,4376,1900
GCTCCCAGTCGGTCCA-1,0,43,109,4271,1840
ATTCGTGCTATCTCTT-1,0,42,110,4376,1779
GTTAACTATGTTGTCA-1,0,43,111,4271,1719
GCTCCGCTCGCTTCAG-1,0,42,112,4376,1658
GCAACGGCTAGTTATG-1,0,43,113,4270,1597
AATCGCGCAGAGGACT-1,0,42,114,4376,1537
AGGTTACACCATGCCG-1,0,43,115,4270,1476
CGAGATTTCGCTCGGG-1,0,42,116,4376,1415
CGATAATACTCAGGTT-1,0,43,117,4270,1355
AAGGCAGGCTGTCTCC-1,0,42,118,4375,1294
GTAAGTCCACACTCTA-1,0,43,119,4270,1234
ATGAGGGCAGCGGCTA-1,0,42,120,4375,1173
GCCGCACTCCGTTTCA-1,0,43,121,4270,1113
GAGCACGGCGCCTCTT-1,0,42,122,4375,1052
ACAATTTGGCCATATT-1,0,43,123,4269,991
CTGGTTCGCGAGCTAC-1,0,42,124,4375,931
GACGGTCCTAGGGTGT-1,0,43,125,4269,870
ACTCGCGATCTGACGC-1,0,42,126,4375,809
GTGTACGAACCGTTCC-1,0,43,127,4269,749
CTTTGACGTCGCTTCT-1,0,44,0,4176,8446
CGTTATCATACTTCCA-1,0,45,1,4070,8385
GCTATGCCAGCTTATG-1,0,44,2,4175,8324
CAGTCGGCCTAGATAT-1,0,45,3,4070,8264
CCCGTGAGGGCGGTGA-1,0,44,4,4175,8203
TCTCGTGTTACGAGGA-1,0,45,5,4070,8143
ACGTCTCGTTCCGGGA-1,0,44,6,4175,8082
CGAGAGCGCGTAGATA-1,0,45,7,4069,8022
GACAGATTTCTGGCTC-1,0,44,8,4175,7961
GGGCCTAAATGGGCTA-1,0,45,9,4069,7900
ACTTGTAGTCCCTTCA-1,0,44,10,4175,7840
CCCGAAGTTTCGCGAA-1,0,45,11,4069,7779
ACCATCCGCCAACTAG-1,0,44,12,4174,7718
TGCGAATATGGGATTT-1,0,45,13,4069,7658
TACATCCCTATCCCTG-1,0,44,14,4174,7597
GTGGGAAGACTGAATC-1,0,45,15,4069,7537
TCAACATCGACCGAGA-1,0,44,16,4174,7476
CTATGTGAGTCACGGC-1,0,45,17,4069,7416
CCGAACACTGGGCCTC-1,0,44,18,4174,7355
AAACTTGCAAACGTAT-1,0,45,19,4068,7294
AGGGCGAGCAGCTGAT-1,0,44,20,4174,7234
AACACGAGACGCGGCC-1,0,45,21,4068,7173
TGACGAATATTTCCCT-1,0,44,22,4173,7112
TCGGAGAGTATCGGGA-1,0,45,23,4068,7052
CAAATCTCTCACAAGG-1,0,44,24,4173,6991
AGGCCCTAGAACGCCA-1,0,45,25,4068,6931
TAGAGATCATGCAACT-1,0,44,26,4173,6870
TTGTTTCCATACAACT-1,0,45,27,4068,6810
GAGAGGTGCATTCTGG-1,0,44,28,4173,6749
GTGGACCAACCCGATT-1,0,45,29,4067,6688
CTGGGCCTGCTATATC-1,0,44,30,4173,6628
CATAGTCCACAAGAAC-1,0,45,31,4067,6567
TTGACATGAACGTGGA-1,0,44,32,4173,6506
GGTTACCACCCTCGGG-1,0,45,33,4067,6446
TACCGGTCGTTTCCAT-1,0,44,34,4172,6385
CGAGTACTAAAGAGGA-1,0,45,35,4067,6325
GCAAGAATTCCTTGGC-1,0,44,36,4172,6264
TCGCCGAAGTTGCGTC-1,0,45,37,4067,6203
TTGAGAGTACTGCTAA-1,0,44,38,4172,6143
GCCACAATTTAAGGAC-1,0,45,39,4066,6082
ATATTCAGTTAAACCT-1,0,44,40,4172,6022
TGAGTGCCTCTTAAAT-1,0,45,41,4066,5961
ATCAGACGGCACGCCG-1,0,44,42,4172,5900
GTGCGAAATCGAACAC-1,0,45,43,4066,5840
GTGCCGCTTCAAAGGT-1,0,44,44,4171,5779
GATACGATGGGAGTCA-1,0,45,45,4066,5719
GACACTGAGTTCAGTG-1,0,44,46,4171,5658
ATCCTGCGTGGAATGG-1,0,45,47,4066,5597
ATCCTACCTAAGCTCT-1,0,44,48,4171,5537
AGTGATATGAGTAGTT-1,0,45,49,4065,5476
ATGATGCAATGGTACA-1,0,44,50,4171,5416
GAAACCGAATTACCTT-1,0,45,51,4065,5355
AGTGACCTACTTTACG-1,0,44,52,4171,5294
CAAATGTCCTTCCGTG-1,0,45,53,4065,5234
TTACTGGGATATTTCA-1,0,44,54,4170,5173
CTTGCCCAGGCTCTAC-1,0,45,55,4065,5113
AAATCGTGTACCACAA-1,0,44,56,4170,5052
GTGATCATAGATCTGC-1,0,45,57,4065,4991
TGGCAGATTACGATCA-1,0,44,58,4170,4931
TCACCCTCTTAAGATT-1,0,45,59,4065,4870
CAGGATATATCGTTGT-1,0,44,60,4170,4809
CCTGACCACCGATGGT-1,0,45,61,4064,4749
CTAAAGGGAAATAGGA-1,0,44,62,4170,4688
CCGCTATCAGCACCAG-1,0,45,63,4064,4628
CTTTAGTGCTATTATT-1,0,44,64,4170,4567
CGGGAATTTATGTAAA-1,0,45,65,4064,4507
TACGACTGCCTCTTAG-1,0,44,66,4169,4446
AAACTGCTGGCTCCAA-1,0,45,67,4064,4385
GTACGTTTGCCCGTCA-1,0,44,68,4169,4325
GGCAAGGCGAAATAGC-1,0,45,69,4064,4264
GATCTTGGAGGGCATA-1,0,44,70,4169,4203
AGCGTGGTATTCTACT-1,0,45,71,4063,4143
CTAAGGGAATGATTGG-1,0,44,72,4169,4082
CATGGTAAGTAGCGTT-1,0,45,73,4063,4022
CGTTGAGCGACCGTCG-1,0,44,74,4169,3961
TGCCCGTACCGTTAAA-1,0,45,75,4063,3901
ACAAGGGCAGGCTCTG-1,0,44,76,4168,3840
GAGATCTTCCATGACA-1,0,45,77,4063,3779
AATGACGTAGGATGTC-1,0,44,78,4168,3719
GTGGTGGCCAAGTGAA-1,0,45,79,4063,3658
TCCCGTGTGCAATTTG-1,0,44,80,4168,3597
ACATCGTATGCAATGG-1,0,45,81,4062,3537
GCGAAACTTAACTGGA-1,0,44,82,4168,3476
AATTGAACGCTCTGGT-1,0,45,83,4062,3416
ACAAATGGTAGTGTTT-1,0,44,84,4168,3355
ATGGTCGCGTGGTTTC-1,0,45,85,4062,3295
TGTTATTGTATGTGGC-1,0,44,86,4167,3234
TTCCGGTTACCCACTT-1,0,45,87,4062,3173
GAGTGTGCGGTACCCA-1,0,44,88,4167,3113
CAAGATATTATAACGT-1,0,45,89,4062,3052
ACACACCAGGACCAGT-1,0,44,90,4167,2991
ATGGGCCTCGGCCTCT-1,0,45,91,4062,2931
AAGGTGATAAACCAGC-1,0,44,92,4167,2870
TCTTACTTATGCCTCT-1,0,45,93,4061,2810
AAAGTGTGATTTATCT-1,0,44,94,4167,2749
TGCTCCACAGTTCTTA-1,0,45,95,4061,2689
CTGGCTGATTCATCCT-1,0,44,96,4167,2628
TAAGGCTGAATCCCTC-1,0,45,97,4061,2567
TCTAGTGATATCGTGG-1,0,44,98,4166,2507
TCGAAGAACCGAGCAC-1,0,45,99,4061,2446
GACAAACATATGCAGG-1,0,44,100,4166,2385
AAGTCAATTGTCGTCA-1,0,45,101,4061,2325
AGTGAACAAACTTCTC-1,0,44,102,4166,2264
CATGATGGAAGTTAGC-1,0,45,103,4060,2204
AAGTGCCTTGACTGTA-1,0,44,104,4166,2143
ATCGCCAGTCAACATT-1,0,45,105,4060,2083
ACCGCGGTGGAAGTCG-1,0,44,106,4166,2022
TCTTCTATAACCCGCC-1,0,45,107,4060,1961
CACATTTCTTGTCAGA-1,0,44,108,4165,1901
TAGCGTCCCTCGATTG-1,0,45,109,4060,1840
GTTCGGATCGGGAACA-1,0,44,110,4165,1779
CAAACTCGCGACGCCG-1,0,45,111,4060,1719
GTCTTGTAGCTATTCA-1,0,44,112,4165,1658
TCTCGACGTATCGCCG-1,0,45,113,4059,1598
TTGCCAAGCAGAACCC-1,0,44,114,4165,1537
AAACCCGAACGAAATC-1,0,45,115,4059,1477
TTGAGCAGCCCACGGT-1,0,44,116,4165,1416
CGCCTTTAGCATGCTC-1,0,45,117,4059,1355
TGTGGCTCCCACCAAC-1,0,44,118,4164,1295
CCGCCGTTGAGGATAA-1,0,45,119,4059,1234
CAATACGAGAGTCTGA-1,0,44,120,4164,1173
CATCTAGTGAAGGGAA-1,0,45,121,4059,1113
GGTGGAGGTTGATACG-1,0,44,122,4164,1052
CCGCACACGAACGTGT-1,0,45,123,4059,992
AGAACCCAGCGTGACA-1,0,44,124,4164,931
GCGCTCGATCACCTGT-1,0,45,125,4058,871
ATCATGGACTACCGAC-1,0,44,126,4164,810
TACGCCGCCTCAGAAG-1,0,45,127,4058,749
CGACCTACTAGACAAT-1,0,46,0,3965,8446
GAGTCTTGTAAAGGAC-1,0,47,1,3859,8385
AATATCCTAGCAAACT-1,0,46,2,3964,8325
CCCTAGGCAACAAGAG-1,0,47,3,3859,8264
ACAAAGAAGGTAGGCC-1,0,46,4,3964,8204
CCCTGGCTGTTCCTTC-1,0,47,5,3859,8143
TCGCCGCACCGCGTGA-1,0,46,6,3964,8082
TATAGCGCACGTTATC-1,0,47,7,3859,8022
TTATCTGACATTAGGA-1,0,46,8,3964,7961
AGTGGTGTTACCCGTG-1,0,47,9,3858,7901
GCCAAGAATACTTCTG-1,0,46,10,3964,7840
CCGGCGTGAGACTCTG-1,0,47,11,3858,7779
TTCCCGGCGCCAATAG-1,0,46,12,3964,7719
AAACAGGGTCTATATT-1,0,47,13,3858,7658
ACAGTAATACAACTTG-1,0,46,14,3963,7598
CGAACGGCCGGACAAC-1,0,47,15,3858,7537
GCAACACACTAGAACT-1,0,46,16,3963,7476
ACTCCCATTCCTAAAG-1,0,47,17,3858,7416
ACCTGCGTGTCATGTT-1,0,46,18,3963,7355
TACTTTCCGCACGCCA-1,0,47,19,3857,7295
AGGTCAGGTGAGAGTG-1,0,46,20,3963,7234
TCCTCCTAAGACATTC-1,0,47,21,3857,7173
ATGTGAAAGCCTAATG-1,0,46,22,3963,7113
AGTCGGCTCAACTTTA-1,0,47,23,3857,7052
CGATCTGTTGGAGGAC-1,0,46,24,3962,6991
ACGGGAGTGTCGGCCC-1,0,47,25,3857,6931
TTAACTTCAGGTAGGA-1,0,46,26,3962,6870
CCACGGAGCCATAAGA-1,0,47,27,3857,6810
CTTCTATGTTGAAGTA-1,0,46,28,3962,6749
CACCGTTGCGCGATAT-1,0,47,29,3856,6689
TCTAGCAATCTCCGCC-1,0,46,30,3962,6628
AGTTTGGCCAGACCTA-1,0,47,31,3856,6567
TTGTAAGGACCTAAGT-1,0,46,32,3962,6507
AAATTTGCGGGTGTGG-1,0,47,33,3856,6446
AAGTTCGGCCAACAGG-1,0,46,34,3961,6385
CCGCTTACCTCACTCT-1,0,47,35,3856,6325
ATCACGTGCTAATTAA-1,0,46,36,3961,6264
GGTGAAGTACAGGGAT-1,0,47,37,3856,6204
GCTGTATTACTGGCCC-1,0,46,38,3961,6143
AACGGCCATCTCCGGT-1,0,47,39,3856,6083
TAAGTAACATCTTGAC-1,0,46,40,3961,6022
TTCTTGAGCCGCGCTA-1,0,47,41,3855,5961
AGTGCGTAGCTCGTAA-1,0,46,42,3961,5901
GGGATGGTCGTAACCG-1,0,47,43,3855,5840
GTCTGGGCGGTCGAGA-1,0,46,44,3961,5779
CGGAACGTAAACATAG-1,0,47,45,3855,5719
TGCGACACCCTAGTGC-1,0,46,46,3960,5658
CAAACGAGTATCGCAG-1,0,47,47,3855,5598
TCAGTAGGGACTATAA-1,0,46,48,3960,5537
GCGGTTCCCTATCATG-1,0,47,49,3855,5477
GTGACTTCAGTAGTGC-1,0,46,50,3960,5416
CGTCACGTCCATTGGT-1,0,47,51,3854,5355
ATAAGTTACCGCGACG-1,0,46,52,3960,5295
CTGAATCCGAGACCTC-1,0,47,53,3854,5234
TACGACGCTTGCTGCG-1,0,46,54,3960,5173
GAATTCACCCGGGTGT-1,0,47,55,3854,5113
GGGTGACACCTTAACT-1,0,46,56,3959,5052
TGAGTAAATTAGCGTA-1,0,47,57,3854,4992
GAGTCCGCTTACCGGA-1,0,46,58,3959,4931
GGCGCGTTCGAGTTTA-1,0,47,59,3854,4871
ATTCATATACTGTCCA-1,0,46,60,3959,4810
ATAAACGGACCCGTAA-1,0,47,61,3853,4749
GTCGTACCATCTCGGG-1,0,46,62,3959,4689
ATAATAGCTGTTGAAT-1,0,47,63,3853,4628
TTCCGCGTGAGGCGAT-1,0,46,64,3959,4567
TACCGGCTCACTGCCC-1,0,47,65,3853,4507
GTATCTTTCATAACCA-1,0,46,66,3958,4446
GTTACCTACAACTTGC-1,0,47,67,3853,4386
TGACTATAATCCTTTC-1,0,46,68,3958,4325
AAATACCTATAAGCAT-1,0,47,69,3853,4265
TTATTAGAGCGTGTTC-1,0,46,70,3958,4204
ATGTGGACATCTTGAT-1,0,47,71,3853,4143
GTACGCTTCATTGCAC-1,0,46,72,3958,4083
CACATATTAGCAGGAT-1,0,47,73,3852,4022
CAAGAGGGCGGAGTAC-1,0,46,74,3958,3961
TCGCAAAGATGCATTT-1,0,47,75,3852,3901
GTCGTTATTCGCTTAT-1,0,46,76,3957,3840
TCGTGTACTATGGATG-1,0,47,77,3852,3780
GCGGAGAGGGAGAACG-1,0,46,78,3957,3719
TCACAGGGAATCGCAA-1,0,47,79,3852,3659
GACTGCACCAGCCCAG-1,0,46,80,3957,3598
TCCGCTGTCATCCCGG-1,0,47,81,3852,3537
AGATACTCAAGATCGA-1,0,46,82,3957,3477
ACTGAATGGCGAAAGT-1,0,47,83,3851,3416
TCCTACATCCACGGCC-1,0,46,84,3957,3355
TTCAGCCCTGGTCCAC-1,0,47,85,3851,3295
TTAGAGTTTAGAAGGA-1,0,46,86,3957,3234
GGTTAGCTATATGTCT-1,0,47,87,3851,3174
CTGGTTTCGAGCAAGA-1,0,46,88,3956,3113
TGGGCCCATACTAATT-1,0,47,89,3851,3053
ACTTATTTATGTGCCA-1,0,46,90,3956,2992
TTAGTTATTCGTGGCA-1,0,47,91,3851,2931
AACCGCTAAGGGATGC-1,0,46,92,3956,2871
ATACGTCCACTCCTGT-1,0,47,93,3850,2810
CGACACGCTCCGACAG-1,0,46,94,3956,2749
TCTGAACTCGTACCCG-1,0,47,95,3850,2689
AGGATATAGGGATTTA-1,0,46,96,3956,2628
GTGATCACTAACGCCT-1,0,47,97,3850,2568
ACCGGGCCTTTGTTGA-1,0,46,98,3955,2507
TTGACAGGAGCTCCCG-1,0,47,99,3850,2447
CTCTTCTATTGACTGG-1,0,46,100,3955,2386
CGTGGCCGAATATCTA-1,0,47,101,3850,2325
GGTTTAGCCTTTCTTG-1,0,46,102,3955,2265
TCAAGGTTACTACACC-1,0,47,103,3850,2204
TTGACTATTGTCCGGC-1,0,46,104,3955,2143
CGGGAATATAGTATAC-1,0,47,105,3849,2083
GCAACAGCAGTATGCG-1,0,46,106,3955,2022
ATCAAACACTGTTCCA-1,0,47,107,3849,1962
TGGGCAATAGTTGGGT-1,0,46,108,3954,1901
TGAATGTCAGCCGGCC-1,0,47,109,3849,1841
CGGCTCTAAAGCTGCA-1,0,46,110,3954,1780
GGACACAAGTTTACAC-1,0,47,111,3849,1719
CCGAGAAGTCGCATAA-1,0,46,112,3954,1659
AACTACCCGTTTGTCA-1,0,47,113,3849,1598
GCACAAACGAGGCGTG-1,0,46,114,3954,1537
CACACAGCTTGCGCTC-1,0,47,115,3848,1477
GTGCTTACATCAGCGC-1,0,46,116,3954,1416
GCAAACGTCGCCAGGT-1,0,47,117,3848,1356
GAATAGCATTTAGGGT-1,0,46,118,3954,1295
TACTGTTTCTCTGGTA-1,0,47,119,3848,1234
TCCTATCATAGGTAAC-1,0,46,120,3953,1174
TTCGGTGGAGACGCCC-1,0,47,121,3848,1113
TGTTGCCGTCGTCCCA-1,0,46,122,3953,1053
CCAACTTGATAGATCC-1,0,47,123,3848,992
CAAAGGTCATCTGAAA-1,0,46,124,3953,931
CTAGCTTAATGGTCCC-1,0,47,125,3847,871
AGGCCACATTGGTTAC-1,0,46,126,3953,810
TTAGGATGGGAGGGTA-1,0,47,127,3847,750
TATGACCTTGCGCTGG-1,0,48,0,3754,8446
ATATACATGTATGGTA-1,0,49,1,3648,8386
TGTGTGACCATGAATC-1,0,48,2,3754,8325
CCCACTCCACGGTATC-1,0,49,3,3648,8265
GGGCAGACGTCACTGC-1,0,48,4,3753,8204
TCAAAGAGCTATCTGT-1,0,49,5,3648,8143
AGATGCATCCTGTGTC-1,0,48,6,3753,8083
GTGAAGTCACGACTCG-1,0,49,7,3648,8022
TGATTCAGGTCCCGCG-1,0,48,8,3753,7961
CGCCACAGGTCGCGAT-1,0,49,9,3647,7901
TTGAATCGTTGTATAA-1,0,48,10,3753,7840
TGGCCAATTTGGTACT-1,0,49,11,3647,7780
CGACCCTTAACGCCGG-1,0,48,12,3753,7719
TCGGCGTACTGCACAA-1,0,49,13,3647,7659
GAGTAAGGCCACGGGA-1,0,48,14,3752,7598
ATCAGCTCGTCCACTA-1,0,49,15,3647,7537
AGGATCACGCGATCTG-1,0,48,16,3752,7477
AAATGGCCCGTGCCCT-1,0,49,17,3647,7416
CAGTACCAGTTTACGT-1,0,48,18,3752,7355
GGTCGTAAGCTCGCAC-1,0,49,19,3647,7295
CGTTCATGGTGCGCGT-1,0,48,20,3752,7234
GACTACAAAGCGGTGG-1,0,49,21,3646,7174
CAGCTGGCGTAACCGT-1,0,48,22,3752,7113
ACTCGTAACCCGTCCT-1,0,49,23,3646,7053
CATATGTCAGGCTACG-1,0,48,24,3752,6992
GCCCGACTTCTTCCCG-1,0,49,25,3646,6931
CTGGCATCCGAATGAG-1,0,48,26,3751,6871
AAGTGCGTTAGAATCT-1,0,49,27,3646,6810
AGAAGTGATTCGTGAT-1,0,48,28,3751,6749
TACCTTAAGATTTCCC-1,0,49,29,3646,6689
AATGACAGCAATGTCT-1,0,48,30,3751,6628
TCAACGCAGGAAATAA-1,0,49,31,3645,6568
TATTCCTCCGCCCACT-1,0,48,32,3751,6507
ATCAAACGAAGGTTTG-1,0,49,33,3645,6447
TTGATTAGCTGTTTCT-1,0,48,34,3751,6386
CTGCTGAGGCCACGAA-1,0,49,35,3645,6325
CCGTGTTAAATTCCAT-1,0,48,36,3750,6265
CACGTCGGCAACCTCT-1,0,49,37,3645,6204
GTATTCTGAGAAACGA-1,0,48,38,3750,6143
CGGTGCGCGTTGGTCC-1,0,49,39,3645,6083
GTGATTCGCCGCTCAA-1,0,48,40,3750,6022
GCCCGCGCGTAAACGG-1,0,49,41,3644,5962
AACGTACTGTGGGTAC-1,0,48,42,3750,5901
GAGTATGCCCGCCTTG-1,0,49,43,3644,5841
TGATTCTGTCGCCGGT-1,0,48,44,3750,5780
GGGCGGCAAATGAATT-1,0,49,45,3644,5719
TTCCAATCTGGCTATC-1,0,48,46,3749,5659
GGAACCGTGTAAATTG-1,0,49,47,3644,5598
TTGGTCACACTCGTAA-1,0,48,48,3749,5537
CGAACCCGCATGCGTC-1,0,49,49,3644,5477
GGGCGTCACCACGTAA-1,0,48,50,3749,5416
TACCAGAAGTAGGTTC-1,0,49,51,3644,5356
TTGGATATCGTCTACG-1,0,48,52,3749,5295
TAGATATGGACTGGAA-1,0,49,53,3643,5235
GCGACGATAGTTGTAC-1,0,48,54,3749,5174
CTGGATTTACACTTGA-1,0,49,55,3643,5113
GTTATATTATCTCCCT-1,0,48,56,3748,5053
TATTCCACTCAGCTCG-1,0,49,57,3643,4992
CTGTTACCCAATCTAG-1,0,48,58,3748,4931
ACGCGAAGTCAGACGA-1,0,49,59,3643,4871
GATAGGTAACGTTGAC-1,0,48,60,3748,4810
TGTTCGTATTGCGGTG-1,0,49,61,3643,4750
GGTCAGTGGGTCCCAC-1,0,48,62,3748,4689
AATTCTAGAGTTAGGC-1,0,49,63,3642,4629
GTTTACGTTCCATCTG-1,0,48,64,3748,4568
AGACCCACCGCTGATC-1,0,49,65,3642,4507
TCTAGCATGCCCAGAA-1,0,48,66,3748,4447
CCCGCAGCGCGAACTA-1,0,49,67,3642,4386
CTCTATTTGGCTGCAG-1,0,48,68,3747,4325
TTCTGCCGCGCCTAGA-1,0,49,69,3642,4265
ACTCCCTAGAATAGTA-1,0,48,70,3747,4204
CCGAACCTTCCCGGCC-1,0,49,71,3642,4144
TCAGACGCTATAGAAG-1,0,48,72,3747,4083
CAGGCGCCATGCTAGG-1,0,49,73,3641,4022
CACTCGAGCTGAACAA-1,0,48,74,3747,3962
ACAAGGAAATCCGCCC-1,0,49,75,3641,3901
ACCACGTGCAGCTATA-1,0,48,76,3747,3841
ACGGCGACGATGGGAA-1,0,49,77,3641,3780
TTACTAAAGGACTTTA-1,0,48,78,3746,3719
GGCTGAAATAGCAAAG-1,0,49,79,3641,3659
TTAGACGAGTCACCTC-1,0,48,80,3746,3598
GTAGTCGCGGGAATCA-1,0,49,81,3641,3538
GCAAACCCTACATTAT-1,0,48,82,3746,3477
GTTAAAGTAGGACTGG-1,0,49,83,3640,3416
ACCCTCCCTTGCTATT-1,0,48,84,3746,3356
CATGTCTCATTTATGG-1,0,49,85,3640,3295
AATAGAATCTGTTTCA-1,0,48,86,3746,3235
TCTCATGAGATAGGGT-1,0,49,87,3640,3174
ATGACTATGCGACATT-1,0,48,88,3745,3113
CCTAACCCAAACAAGT-1,0,49,89,3640,3053
AGTCAAGATGACACTT-1,0,48,90,3745,2992
CGGGAGCTTCAGTGTA-1,0,49,91,3640,2932
CCACAGTACCCATCCT-1,0,48,92,3745,2871
GAGCGCGCACGAGTAG-1,0,49,93,3640,2810
ACCAGTGCGGGAGACG-1,0,48,94,3745,2750
TCCTTACGACGGTCCG-1,0,49,95,3639,2689
TAGTCGATCACGGGTT-1,0,48,96,3745,2628
AGACGAAGTGCCGGTC-1,0,49,97,3639,2568
CGCTGGTGACTACCCT-1,0,48,98,3745,2507
AGGCATTGTCGTAGGG-1,0,49,99,3639,2447
TGGTAGAATATATGGG-1,0,48,100,3744,2386
TTCTTATCCGCTGGGT-1,0,49,101,3639,2326
AGTTTGGCACGGGTTG-1,0,48,102,3744,2265
GCATCGGCCGTGTAGG-1,0,49,103,3639,2204
ATGCGAGTCCCACCAC-1,0,48,104,3744,2144
TCGGCGAACCCAAACC-1,0,49,105,3638,2083
AGAGTAAACTTCACTA-1,0,48,106,3744,2022
AAGCCGAAGCGGTTTA-1,0,49,107,3638,1962
CCCGAGTTTCTCCGTA-1,0,48,108,3744,1901
AATATCGAATCAATGC-1,0,49,109,3638,1841
GCGCCTCCCACTCCGA-1,0,48,110,3743,1780
CGTTAAACTAGTTAGG-1,0,49,111,3638,1720
TGAGTTAAAGACATTC-1,0,48,112,3743,1659
AACAGGTAGTATGGAT-1,0,49,113,3638,1598
GAACGCGGGTCACACG-1,0,48,114,3743,1538
TGTTTGAGATCGTCAG-1,0,49,115,3637,1477
ATCTCGTGAGCGAAAC-1,0,48,116,3743,1416
CTGAGAAAGTTCGGCG-1,0,49,117,3637,1356
ATTACCACACTGCCTG-1,0,48,118,3743,1295
CTGCTGTCTAACGAGC-1,0,49,119,3637,1235
CGTGGAAGCCTCGTAC-1,0,48,120,3742,1174
GGACTCACAAATTAGG-1,0,49,121,3637,1114
CTTTGCTGTCATGGAT-1,0,48,122,3742,1053
GGTGTTGGGCGTCTTA-1,0,49,123,3637,992
TACCATGTATTGATTT-1,0,48,124,3742,932
GGTCTCCAAGTAGTGC-1,0,49,125,3637,871
ATCCTTCTGAAAGAAC-1,0,48,126,3742,810
CCGGAAGTTATCAGTC-1,0,49,127,3636,750
TTAGAGGGATATACAG-1,0,50,0,3543,8447
TTGTACACCTCGAACA-1,0,51,1,3437,8386
GTGGGTACTGAGCGTA-1,0,50,2,3543,8325
CTTAAGCAGCGAGCCG-1,0,51,3,3437,8265
GCATTGACTTGCGGAA-1,0,50,4,3542,8204
CCATAACCTGTGCAGT-1,0,51,5,3437,8144
GGGCTACTATTTCGTG-1,0,50,6,3542,8083
GGCGAGCGAAACGGCA-1,0,51,7,3437,8023
GGAGACCATCTACATA-1,0,50,8,3542,7962
AGACCAAACCACACCT-1,0,51,9,3437,7901
CGACGCATCCGTACCT-1,0,50,10,3542,7841
CCTAGGTAAAGGTAGC-1,0,51,11,3436,7780
AGCGGCGGTTAGCGGT-1,0,50,12,3542,7719
CTGGACGCAGTCCGGC-1,0,51,13,3436,7659
AGCCTAATACCCACGT-1,0,50,14,3542,7598
AATCTGGCTTTCTAGT-1,0,51,15,3436,7538
CACCCTTGGTGAGACC-1,0,50,16,3541,7477
GGATCTTGACTCAACC-1,0,51,17,3436,7417
ACGAGGATACCACTCT-1,0,50,18,3541,7356
GAGTTGATGGCAATTT-1,0,51,19,3436,7295
GTGGCAAACAGCGGCA-1,0,50,20,3541,7235
GATGTAACGAACCACC-1,0,51,21,3435,7174
AGCCGTGGCTAAATGT-1,0,50,22,3541,7113
CTCCCTCCTTTCGATC-1,0,51,23,3435,7053
TTGGAAGAATACAGTC-1,0,50,24,3541,6992
AGTTAAGTCAACCGCT-1,0,51,25,3435,6932
CTCATGGTAATTTGCG-1,0,50,26,3540,6871
AAAGTAGCATTGCTCA-1,0,51,27,3435,6810
TTGTGGTAGGAGGGAT-1,0,50,28,3540,6750
AGTCGTGGGCATTACG-1,0,51,29,3435,6689
ACCTAAGTACCTTTCA-1,0,50,30,3540,6629
GTAGAGGGAGACAAGT-1,0,51,31,3435,6568
GATCCTCGACACTGGC-1,0,50,32,3540,6507
CCTACATTCACAGACG-1,0,51,33,3434,6447
TTGACCGTGTTAATGA-1,0,50,34,3540,6386
TCTGTTACCCAGCATA-1,0,51,35,3434,6326
CTAACTGGTCCGGTTC-1,0,50,36,3539,6265
AGCGACAGGAACGGTC-1,0,51,37,3434,6204
TAATAGAACAGAGTTA-1,0,50,38,3539,6144
ACAGGTGGAGGTGAGG-1,0,51,39,3434,6083
TGCGAGAATATTACCC-1,0,50,40,3539,6023
TTGCGTCGGCCAACCG-1,1,51,41,3434,5962
AGGCTTCCCGAAGAAG-1,0,50,42,3539,5901
GCGGACCGCGTTGTGG-1,0,51,43,3433,5841
GTAATCTGATTCTTCG-1,0,50,44,3539,5780
CCGCGGAATGCGTCAC-1,1,51,45,3433,5720
TTCCACACAGATTTGA-1,0,50,46,3539,5659
CTTCTATTAATGCTAG-1,1,51,47,3433,5598
CATTTGAGTGGTACGT-1,1,50,48,3538,5538
TCACAGCAAACTCGAA-1,1,51,49,3433,5477
CAGACGAACCTGATAC-1,0,50,50,3538,5416
TAGCTAGAAGGCATGA-1,0,51,51,3433,5356
ATCCAGAGCAACAACC-1,0,50,52,3538,5295
TCCGGTTCGTCCGGTC-1,0,51,53,3432,5235
CGCGCATGTTTGATTG-1,0,50,54,3538,5174
TGGCGATCAAGTTATG-1,0,51,55,3432,5114
CCCTTTGACAGGTCTT-1,0,50,56,3538,5053
CAGAGACGGTCACCCA-1,0,51,57,3432,4992
TAGCTCGCCTGATAAC-1,0,50,58,3537,4932
TTGTGTTTCCCGAAAG-1,0,51,59,3432,4871
TATACACAGACGCCTT-1,0,50,60,3537,4810
ACATTAGTTTATATCC-1,0,51,61,3432,4750
CCATCGCAGTTAAACT-1,0,50,62,3537,4689
AATTAGCGCTGCAGCG-1,0,51,63,3431,4629
TCCGCTTATCCCATTA-1,0,50,64,3537,4568
GTTTGGGCTTGTGAGC-1,0,51,65,3431,4508
CTTGTCAACATTCGAG-1,0,50,66,3537,4447
GGACCAACAGGATAAC-1,0,51,67,3431,4386
AAGCTAGATCGAGTAA-1,0,50,68,3536,4326
TACCGTGCCTCGGACC-1,0,51,69,3431,4265
GTAGCCAAACATGGGA-1,0,50,70,3536,4204
TGCCAGTACGTGGAGA-1,0,51,71,3431,4144
ATAAGGTGGAGAACAT-1,0,50,72,3536,4083
CTTTAATATTGGTCGA-1,0,51,73,3431,4023
TGGTTCAACGGGTAAT-1,0,50,74,3536,3962
GCTGCTACTGCGTAGC-1,0,51,75,3430,3902
CTGCACAACTACATAT-1,0,50,76,3536,3841
ATATTCCACATAGTGA-1,0,51,77,3430,3780
TGGCAAACTAAATTAC-1,0,50,78,3536,3720
ACCGCAATAACTGCCT-1,0,51,79,3430,3659
TCGCACCAGGAGGCAG-1,0,50,80,3535,3598
ACTTCAGGCTGATCCC-1,0,51,81,3430,3538
ACAAATCGCACCGAAT-1,0,50,82,3535,3477
TCTGATGTATTCTGTC-1,0,51,83,3430,3417
CTTTACCGAATAGTAG-1,0,50,84,3535,3356
GCAGATCCATAAGACT-1,0,51,85,3429,3296
TTCCTCGGACTAACCA-1,0,50,86,3535,3235
TTATCCGGGATCTATA-1,0,51,87,3429,3174
CTGGAAGACACGGTGG-1,0,50,88,3535,3114
GTTCGTCTAAAGAACT-1,0,51,89,3429,3053
GTCTATTGGTTCCGGT-1,0,50,90,3534,2992
CTAGGCGCCCTATCAG-1,0,51,91,3429,2932
AACGGACGTACGTATA-1,0,50,92,3534,2871
AACACACGCTCGCCGC-1,0,51,93,3429,2811
GCTACTATAGTAGAGT-1,0,50,94,3534,2750
AGCATATCAATATGCT-1,0,51,95,3428,2690
CGAACAGTATGGGCGT-1,0,50,96,3534,2629
ACAATTGTGTCTCTTT-1,0,51,97,3428,2568
GATCGCTACCCGATTT-1,0,50,98,3534,2508
ATTGCGATCAGTAACT-1,0,51,99,3428,2447
CAGCAGTCCAGACTAT-1,0,50,100,3533,2386
AGAGGCTTCGGAAACC-1,0,51,101,3428,2326
AAACAAGTATCTCCCA-1,0,50,102,3533,2265
GGCAGCAAACCTATGC-1,0,51,103,3428,2205
ACTAGTTGCGATCGTC-1,0,50,104,3533,2144
TTGGACCATCTGGCAA-1,0,51,105,3428,2084
CCCTCCTCGCTCGTAT-1,0,50,106,3533,2023
GAGCGCAAATACTCCG-1,0,51,107,3427,1962
ATTACATGTCAGTCTT-1,0,50,108,3533,1902
TTGGGACGTAAGAGTT-1,0,51,109,3427,1841
CTTCGGCCAATTGTTT-1,0,50,110,3533,1780
AGACCGCTCCGCGGTT-1,0,51,111,3427,1720
GACCGCGTCTGACGTG-1,0,50,112,3532,1659
CCAAATAACAAGATTC-1,0,51,113,3427,1599
TCTTTAGAGTCTAACA-1,0,50,114,3532,1538
CTCCCAATGAGTCGCG-1,0,51,115,3427,1478
TAGTCTTTCCGAATTG-1,0,50,116,3532,1417
GAGTAAACCGGAAAGT-1,0,51,117,3426,1356
GATCTCGACGCTGTGG-1,0,50,118,3532,1296
CTGACATAGAAATAGA-1,0,51,119,3426,1235
TATACCGAGTGCCACA-1,0,50,120,3532,1174
TCCGAACGTTGCCGCT-1,0,51,121,3426,1114
GCAGAAGGTAATCTCC-1,0,50,122,3531,1053
GGTACTAAGTGCTTTG-1,0,51,123,3426,993
CAGAATATTCGTTATC-1,0,50,124,3531,932
TAATCAACCAAATGGG-1,0,51,125,3426,872
TCTGCTTAGAACAAGC-1,0,50,126,3531,811
AACTGAGTTATACTGA-1,0,51,127,3425,750
CCTCAACGATCGCTGT-1,0,52,0,3332,8447
CGGTACGGCAAACCCA-1,0,53,1,3226,8386
CAGATGTTTGTCCCAA-1,0,52,2,3332,8326
GTTTGTTAGCCAAGTA-1,0,53,3,3226,8265
ACGTGACAAAGTAAGT-1,0,52,4,3332,8205
TTGTCACCGCGGTATC-1,0,53,5,3226,8144
GATCTAACCGTATTCA-1,0,52,6,3331,8083
ATGGAAATTTAAGGAG-1,0,53,7,3226,8023
ATTGATCACCACATTT-1,0,52,8,3331,7962
ACTGCTCGGAAGGATG-1,0,53,9,3226,7902
TCTAAAGAACAGTCTC-1,0,52,10,3331,7841
CTGGGTTGAGTTAAAG-1,0,53,11,3225,7780
CCCAGTAAACTTGGGA-1,0,52,12,3331,7720
AGATTCACAACCGATA-1,0,53,13,3225,7659
AGAAGGTACACTTCAC-1,0,52,14,3331,7598
GCAGGAACTTAGATCT-1,0,53,15,3225,7538
AATCTAGGTTTACTTG-1,0,52,16,3330,7477
CCCGGTGTATCGGAAT-1,0,53,17,3225,7417
TTATCCTCAAGGAATA-1,0,52,18,3330,7356
AGCATCATTTCGAAAG-1,0,53,19,3225,7296
CGCGAGTCTGCCGGGT-1,0,52,20,3330,7235
TGCGTCATGACTGAGC-1,0,53,21,3225,7174
GTATGAAATTTCACTC-1,0,52,22,3330,7114
TTGGTTGCGGTGCGCG-1,0,53,23,3224,7053
ACAGAACTGAGAACAA-1,0,52,24,3330,6992
CTACTATCATAGGTTT-1,0,53,25,3224,6932
CCTCTATCGATTAGCA-1,0,52,26,3330,6871
CCGTATCTCGTCGTAG-1,0,53,27,3224,6811
TCACGATGTCCGTGGA-1,0,52,28,3329,6750
TCAACAAAGATAATTC-1,0,53,29,3224,6690
ATGACGCGTTCTATCC-1,0,52,30,3329,6629
ATTTGCGCGAGTAGCT-1,0,53,31,3224,6568
TTCTTGGACGATCTGC-1,0,52,32,3329,6508
AGACGACGATGCCGCT-1,0,53,33,3223,6447
GGTCTCTGAATGGACT-1,0,52,34,3329,6386
GCTCAATCCGTTTATT-1,0,53,35,3223,6326
CCAGAAAGCAACTCAT-1,0,52,36,3329,6265
CACCGTTAGGGATCAC-1,1,53,37,3223,6205
AATAACACTAGAACAA-1,0,52,38,3328,6144
CACCCGGTTTGTGACT-1,1,53,39,3223,6084
CCACCAACTTTACTGT-1,1,52,40,3328,6023
AACTCTCAGTGTGCTC-1,1,53,41,3223,5962
AAACCGTTCGTCCAGG-1,1,52,42,3328,5902
CAGCGATTCCCTTCAA-1,1,53,43,3222,5841
GCTAGCTTGAATAGCT-1,1,52,44,3328,5780
TTGCGGCATCAGAAAG-1,1,53,45,3222,5720
AATAGAACAGAGTGGC-1,1,52,46,3328,5659
GCCATCGAGCTGCGTG-1,1,53,47,3222,5599
ACACTGATCAAGGTGT-1,1,52,48,3327,5538
ACCAACGCTTATTTAT-1,1,53,49,3222,5478
GACATCGATTTATAAC-1,1,52,50,3327,5417
CAGACACCGATCGCTG-1,1,53,51,3222,5356
CCAAGAAAGTGGGCGA-1,1,52,52,3327,5296
GGTAGACCGTTGGGCG-1,0,53,53,3222,5235
TCGTTAGGAGTCCCTA-1,0,52,54,3327,5174
ACGGCCAACATGGACT-1,0,53,55,3221,5114
GTGAGTGGTACAACGC-1,0,52,56,3327,5053
GAGACTTCGCGACCGA-1,0,53,57,3221,4993
GAAGTCAGTTGCACTA-1,0,52,58,3327,4932
GTTTGGTAGGGTCAAC-1,0,53,59,3221,4872
ACGGCACTTGCTTGGG-1,0,52,60,3326,4811
CCTCTGTACTATTCTA-1,0,53,61,3221,4750
CTATTCATGTGTCCCA-1,0,52,62,3326,4690
GCCCGATCTGTGGTCG-1,0,53,63,3221,4629
TTAGAAGAACATGACT-1,0,52,64,3326,4568
AGGATAAAGTCGGGAT-1,0,53,65,3220,4508
CGGCAAACATCGTGCG-1,0,52,66,3326,4447
CTAGTTACAACCCGGT-1,0,53,67,3220,4387
TTCGACAGAGCCCGTG-1,0,52,68,3326,4326
AAGCATACTCTCCTGA-1,0,53,69,3220,4266
GACGACGATCCGCGTT-1,0,52,70,3325,4205
GGTAGAAGACCGCCTG-1,0,53,71,3220,4144
GAGATGGGAGTCGACA-1,0,52,72,3325,4084
AACGATAATGCCGTAG-1,0,53,73,3220,4023
TGGTCCCACGCTACGG-1,0,52,74,3325,3962
CTGCTTGGCGATAGCT-1,0,53,75,3219,3902
ATCGGAGACAGACGGC-1,0,52,76,3325,3841
TAGCGTCCGGTGTGGT-1,0,53,77,3219,3781
GTTGAGTCCCGCCGGT-1,0,52,78,3325,3720
AAATAGGGTGCTATTG-1,0,53,79,3219,3660
AAGTGTTTGGAGACGG-1,0,52,80,3324,3599
AGCACTACCTCACCAG-1,0,53,81,3219,3538
TGCCTTGGCCAGGCAA-1,0,52,82,3324,3478
TCGTCTTAGGCGTTAA-1,0,53,83,3219,3417
TTCTGACCGGGCTCAA-1,0,52,84,3324,3356
CAGAACTTAGCCCTCT-1,0,53,85,3219,3296
AGCTCCTTCGCACATC-1,0,52,86,3324,3235
ACAGGCTTGCCCGACT-1,0,53,87,3218,3175
GCTATACGTCTCGGAC-1,0,52,88,3324,3114
GAGCCAGCTACCTGTG-1,0,53,89,3218,3054
TGCTAAGTGTCTATTT-1,0,52,90,3323,2993
GTCCTACGAATAGTCT-1,0,53,91,3218,2932
CAGTGTCGGCTGGCCC-1,0,52,92,3323,2872
CTATCGACGAAATACA-1,0,53,93,3218,2811
CATCATTACCCTGAGG-1,0,52,94,3323,2750
TAAGTTGCGACGTAGG-1,0,53,95,3218,2690
AGTGCACGCTTAAGAA-1,0,52,96,3323,2629
TGTGCCGGTGCCGGAA-1,0,53,97,3217,2569
AGGAGGCCTTCGCGCG-1,0,52,98,3323,2508
TCCGCGGCCCAATGAA-1,0,53,99,3217,2448
TCCGTTAAGCTAATAT-1,0,52,100,3323,2387
AAATCTAGCCCTGCTA-1,0,53,101,3217,2326
CGCAGGCGATCCAAAC-1,0,52,102,3322,2266
CCATATGGAAACTATA-1,0,53,103,3217,2205
CACCGTATCCCATCCG-1,0,52,104,3322,2144
GGTCAAGACTACTTCG-1,0,53,105,3217,2084
CCCGTTTCGCAGATGT-1,0,52,106,3322,2023
GTTATAATACGGTGAA-1,0,53,107,3216,1963
ACTTGTGGATGGAACG-1,0,52,108,3322,1902
GTTCGCTGAGACGTCT-1,0,53,109,3216,1841
GACACTGGAACCCGAT-1,0,52,110,3322,1781
CCCAGGTCTGAAGGCT-1,0,53,111,3216,1720
TCTCGAGGAGGTTCGC-1,0,52,112,3321,1660
ACTATCTGCCCGCGTA-1,0,53,113,3216,1599
CCTAAATTGTATCCTA-1,0,52,114,3321,1538
AGAAATTATGACTCGC-1,0,53,115,3216,1478
TCCAGCGCTATAAGCG-1,0,52,116,3321,1417
TCGTGTATTGGTCACG-1,0,53,117,3216,1357
CCACATACTGCACCCA-1,0,52,118,3321,1296
GTTGCGGACGGTCAGG-1,0,53,119,3215,1235
GTATTTAATGGCATAA-1,0,52,120,3321,1175
GTCGATAGGTGACTTT-1,0,53,121,3215,1114
AATAATCTTCGTATCG-1,0,52,122,3320,1054
ATTGTTCAACGATCCG-1,0,53,123,3215,993
GTGCAGCGTAGAGTAG-1,0,52,124,3320,932
TGTGGTAGGGTGCCTT-1,0,53,125,3215,872
TGTGGACTATCTACGT-1,0,52,126,3320,811
GGCGGGCTCTAAGAGT-1,0,53,127,3215,751
TGTGCCAGAGGCAAAG-1,0,54,0,3121,8447
TGGCTTATGTATAATG-1,0,55,1,3016,8387
GCAAGCTGGAAACCGC-1,0,54,2,3121,8326
GATATCAAGCAGGAGC-1,0,55,3,3015,8266
CACCAATCATCCGTCT-1,0,54,4,3121,8205
CCACATGGCTCTTTAT-1,0,55,5,3015,8144
GTCCTACTCTACGGGC-1,0,54,6,3121,8084
CTCGAGACATACGATA-1,0,55,7,3015,8023
TATCAGTGGCGTAGTC-1,0,54,8,3120,7962
TGACAGGACAAGTCCA-1,0,55,9,3015,7902
TATTAACACCAAAGCA-1,0,54,10,3120,7841
TAGGCGATGAGGTCTC-1,0,55,11,3015,7781
CCGCCGGAACTTCTCG-1,0,54,12,3120,7720
GCCATTAGCCTCAAAC-1,0,55,13,3014,7660
GTTAGGCTACCCGTTT-1,0,54,14,3120,7599
GGGTATTCTAGCAAAC-1,0,55,15,3014,7538
GCCCTAGCCGTCGCGA-1,0,54,16,3120,7478
CAGATCCTGGTTTGAA-1,0,55,17,3014,7417
CTTCAGTGGTCGCCTA-1,0,54,18,3119,7356
GGGCAACCGCACGTGC-1,0,55,19,3014,7296
GACCCAATTATGATAC-1,0,54,20,3119,7235
GAAGCTCGGACCCGTC-1,0,55,21,3014,7175
CGTCGGGTCTAAGCGC-1,0,54,22,3119,7114
GAGGCCCGACTCCGCA-1,0,55,23,3013,7054
TTGCCATAGCCCGCTC-1,0,54,24,3119,6993
TAACATACACGCGATC-1,0,55,25,3013,6932
CCGACGGGCATGAGGT-1,0,54,26,3119,6872
AATGTGCCCGAGGTGT-1,0,55,27,3013,6811
AGCTGTAACCTCAATC-1,0,54,28,3118,6750
CGAGTGAAGGTACCAG-1,0,55,29,3013,6690
AGTCTCACAAGACTAC-1,0,54,30,3118,6629
AAATTGATAGTCCTTT-1,0,55,31,3013,6569
TAAGTCGCCGAGTATC-1,0,54,32,3118,6508
GCGGAGAAACTTCGCA-1,0,55,33,3013,6448
GGCAAAGGCGCCAATA-1,0,54,34,3118,6387
ATTTCCGGGTTCTGCG-1,1,55,35,3012,6326
TAAACCCAGGAGGGCA-1,1,54,36,3118,6266
TTCGGGCGCTAGTCTT-1,1,55,37,3012,6205
GTGGAGTCGGCGGTTG-1,1,54,38,3118,6144
GCACGCCTACTTAGAT-1,1,55,39,3012,6084
CAATATTCTTGACCTA-1,1,54,40,3117,6023
CGTTTGTGTAGAGGGT-1,1,55,41,3012,5963
CATAGCGTTGCCCACC-1,1,54,42,3117,5902
TGATACATTTAGCCGT-1,1,55,43,3012,5842
TTCCGGCCTTGAGGCT-1,1,54,44,3117,5781
CCTATACCGTCCTGTC-1,1,55,45,3011,5720
TCGTTGCTATCCGGTC-1,1,54,46,3117,5660
TGGCGACTGCTCCAAA-1,1,55,47,3011,5599
CAGAGGCGATGCATGA-1,1,54,48,3117,5538
TCACAGGAGAATAAGA-1,1,55,49,3011,5478
GGGTTAACATTTGAGT-1,1,54,50,3116,5417
GCGGGCGAGCCTTACC-1,1,55,51,3011,5357
TGCCAATGGGTACTCT-1,1,54,52,3116,5296
AGGGACTCTACGCGAC-1,1,55,53,3011,5236
GACGCCGTAAAGGCTA-1,0,54,54,3116,5175
AAAGGCTCTCGCGCCG-1,0,55,55,3010,5114
CTGGCTGGTTGTCAGT-1,0,54,56,3116,5054
ACATCCCGGCCATACG-1,0,55,57,3010,4993
CTCTTGTCCCGCTTGG-1,0,54,58,3116,4932
TACGCCTCCATTCCGA-1,0,55,59,3010,4872
CGGAGCAATTTAATCG-1,0,54,60,3115,4811
AACTAGGCTTGGGTGT-1,0,55,61,3010,4751
GCGTCGCCAGGGTGAT-1,0,54,62,3115,4690
GTTGGTCATGCTATCC-1,0,55,63,3010,4629
GCTGGCGGCGCATGCT-1,0,54,64,3115,4569
TGAGCGGAAAGTGTTC-1,0,55,65,3010,4508
CTTTCTGTGCGGGCTT-1,0,54,66,3115,4448
ATCTAATATCCTACGG-1,0,55,67,3009,4387
AACCTTTAAATACGGT-1,0,54,68,3115,4326
TTCACTCGAGCACCTA-1,0,55,69,3009,4266
CTGCACTCCAGTACAG-1,0,54,70,3114,4205
CCATTTCTACCTATTA-1,0,55,71,3009,4145
CAAGCGGCACATAATT-1,0,54,72,3114,4084
GTTAACATCACTTAAA-1,0,55,73,3009,4023
ATATAAATGTAGCTGC-1,0,54,74,3114,3963
GCCTCTATACATAGCA-1,0,55,75,3009,3902
GTGTCGTATAGCGTTC-1,0,54,76,3114,3842
ATACGTACTTAGCCAC-1,0,55,77,3008,3781
GCTATCATACTCATGG-1,0,54,78,3114,3720
TATCCAATTGGTTATC-1,0,55,79,3008,3660
TCTCCCTGGGCAGCGT-1,0,54,80,3114,3599
CCTATAATGAGTGCCC-1,0,55,81,3008,3539
CAATGCGAGAAGTATC-1,0,54,82,3113,3478
TACCAATAAAGTACCA-1,0,55,83,3008,3417
GCTAGGCACCACGGAG-1,0,54,84,3113,3357
GGTGGACTGCTCTGGC-1,0,55,85,3008,3296
TATTCCGAGCTGTTAT-1,0,54,86,3113,3235
TTGAGAAGTTTAGCAT-1,0,55,87,3007,3175
GTCCGGACCTGAAATT-1,0,54,88,3113,3114
CTGTGGTCGGGAGATA-1,0,55,89,3007,3054
CATGTAAGAGACATTT-1,0,54,90,3113,2993
CACGTTTCGTACACAC-1,0,55,91,3007,2933
CATCCTCTCAAAGATC-1,0,54,92,3112,2872
GATTAACCGAAAGCCC-1,0,55,93,3007,2811
AACGCTGTTGCTGAAA-1,0,54,94,3112,2751
TTCAGCTGGCGTGCCC-1,0,55,95,3007,2690
TAGAGGTTCTACTTGT-1,0,54,96,3112,2629
GTATCAAACGTTAGCT-1,0,55,97,3006,2569
AATCATGTAAAGACTC-1,0,54,98,3112,2508
AGTCACTAGCTCTCGA-1,0,55,99,3006,2448
GCGAAACGATCGGGAG-1,0,54,100,3112,2387
CATGGATTGTCTTCCG-1,0,55,101,3006,2327
ATTGGATTACAGCGTA-1,0,54,102,3111,2266
CACACACGCTAACGAG-1,0,55,103,3006,2205
CTATGGGAAGCGGAAT-1,0,54,104,3111,2145
TGCCTAATTGAAGATT-1,0,55,105,3006,2084
TGGCAATGGGACGGCG-1,0,54,106,3111,2023
ACCTCCGCCCTCGCTG-1,0,55,107,3006,1963
CGGCAATAAGATCGCC-1,0,54,108,3111,1902
CCTTGACCACTTTATT-1,0,55,109,3005,1842
TCATTTAGAAGTGTGA-1,0,54,110,3111,1781
CAGAATAACACACGGA-1,0,55,111,3005,1721
TCTGAGCAATTGACTG-1,0,54,112,3111,1660
CAACGTGGTGGAGTCT-1,0,55,113,3005,1599
CACAGTTCGCTTCCCA-1,0,54,114,3110,1539
TCTCTCGCCGCACATA-1,0,55,115,3005,1478
TGGGCAGGCCACCGCA-1,0,54,116,3110,1417
CTCCTGTTCAAGGCAG-1,0,55,117,3005,1357
TATTTGATTTGCACAG-1,0,54,118,3110,1296
GCCACTCCTTACGGTA-1,0,55,119,3004,1236
ACCGATATTTAATCAT-1,0,54,120,3110,1175
TTATTATCTGGAAGGC-1,0,55,121,3004,1115
TACATGCCGGAATTGT-1,0,54,122,3110,1054
GGCACTCAGCCGACCC-1,0,55,123,3004,993
AAACCGGAAATGTTAA-1,0,54,124,3109,933
AGACAGGCATCTCAGC-1,0,55,125,3004,872
GTGGTGATGGTTTGTG-1,0,54,126,3109,811
CCGATATGACGTAAGG-1,0,55,127,3004,751
CATACACAAAGTCAGC-1,0,56,0,2910,8448
TGCCGTTCTTAATCGG-1,0,57,1,2805,8387
TCGAGTCTACGATTCG-1,0,56,2,2910,8326
ACTTCCAGTGGAAGCT-1,0,57,3,2804,8266
CAATTGGGCCGCACTC-1,0,56,4,2910,8205
AAATCGCGGAAGGAGT-1,0,57,5,2804,8145
ATATCAATTCCAGCCT-1,0,56,6,2910,8084
CTTTGTCGAATGCTCC-1,0,57,7,2804,8024
TGAGGCATGTACTGTG-1,0,56,8,2909,7963
TTCGCCGCTCGCGCTA-1,0,57,9,2804,7902
GACTCCTTCCAATTGA-1,0,56,10,2909,7842
ACCGAAGAGTCTGGTT-1,0,57,11,2804,7781
TGGCATGAAGTTTGGG-1,0,56,12,2909,7720
ACGAGGTTTACAACGT-1,0,57,13,2804,7660
AACCCATCCCATGATC-1,0,56,14,2909,7599
TCGACAACTGAACCCG-1,0,57,15,2803,7539
TATCTTGCAATACAAC-1,0,56,16,2909,7478
TATTATGTTTGCCTGC-1,0,57,17,2803,7418
GTCAAAGAAGTGGTGT-1,0,56,18,2908,7357
GGGACAGAGTTACTCC-1,0,57,19,2803,7296
AGCAACCGAAAGTAAT-1,0,56,20,2908,7236
CTCTCTAACTGCCTAG-1,0,57,21,2803,7175
ATACGGAACGTCGTTT-1,0,56,22,2908,7114
TCGGTCCCGACAATAG-1,0,57,23,2803,7054
CGCGCAAATGTCCAGA-1,0,56,24,2908,6993
TCTAATACTGCCTCAG-1,0,57,25,2802,6933
CTCGGTTGTCGGCCCT-1,0,56,26,2908,6872
GGTAACCGGGAGGATA-1,0,57,27,2802,6811
CAGGCGCACGGTGGTC-1,0,56,28,2908,6751
TCATCGATGGTCCCAA-1,0,57,29,2802,6690
CAAAGATTATTGGGCC-1,0,56,30,2907,6630
ACAATGAATACGGAGA-1,0,57,31,2802,6569
GCTCCTGACATACTGG-1,0,56,32,2907,6508
GATGACAAGTAGGGCA-1,0,57,33,2802,6448
TACGCCGAGGGTACCC-1,0,56,34,2907,6387
AAGCGTCCCTCATCGA-1,1,57,35,2801,6327
CACTCCTATGTAAGAT-1,1,56,36,2907,6266
TCGAGCCAGGCAGGCC-1,1,57,37,2801,6205
TCGTCAAGTACGCGCA-1,1,56,38,2907,6145
CCCGTAGCTGGGAAGA-1,1,57,39,2801,6084
ACCCTATGCCATATCG-1,1,56,40,2906,6023
GTGGTATAGTCTGCCG-1,1,57,41,2801,5963
CCGGTTTGTAATTGTG-1,1,56,42,2906,5902
GTCGCCGTTGTGTGTT-1,1,57,43,2801,5842
TACTGAACAGATTTAG-1,1,56,44,2906,5781
TATTAACCTGACCGCG-1,1,57,45,2801,5721
CTGTAGCCATCTCACT-1,1,56,46,2906,5660
TACTATGGTTCCTCAG-1,1,57,47,2800,5599
GAGTCAGACCAGAATC-1,1,56,48,2906,5539
TAAGGCATAACATCAA-1,0,57,49,2800,5478
CTTCCGCTCCGTGAAG-1,1,56,50,2905,5417
GGGCTATGATCGATGG-1,1,57,51,2800,5357
GGTCGGTCGTCCACAG-1,1,56,52,2905,5296
GGGACCCGTATATCTT-1,1,57,53,2800,5236
GAAAGCAGTGCACTTT-1,1,56,54,2905,5175
AGCGCATAATGAATCG-1,0,57,55,2800,5115
GCTGCTAAGTAGTCGA-1,0,56,56,2905,5054
AATAGTCCGTCCCGAC-1,0,57,57,2799,4993
AGCAGCCAGATGAATA-1,0,56,58,2905,4933
CCTCGCGCTGTGCGAT-1,0,57,59,2799,4872
TTGTGTATGCCACCAA-1,0,56,60,2905,4811
TGCTCGGCGAAACCCA-1,0,57,61,2799,4751
CGATTAAATATCTCCT-1,0,56,62,2904,4690
TGCCGTGGATCGTCCT-1,0,57,63,2799,4630
GTGGACGCATTTGTCC-1,0,56,64,2904,4569
ACCCGGAAACTCCCAG-1,0,57,65,2799,4509
CCGCATGTGGTACGAT-1,0,56,66,2904,4448
GCAAACCTTGGCCATA-1,0,57,67,2798,4387
ATTCACTGATGTTGGA-1,0,56,68,2904,4327
ACTCCCTAATGCTAAA-1,0,57,69,2798,4266
TCCTAAATTGGGAAGC-1,0,56,70,2904,4205
GAACAGATTACTAAAT-1,0,57,71,2798,4145
ATACAGGCCCTCCAAT-1,0,56,72,2903,4084
CGATTCGCCTGGCTGC-1,0,57,73,2798,4024
TCCGCCTGTCTACAAG-1,0,56,74,2903,3963
CACATCTCACCGACGA-1,0,57,75,2798,3903
CGTCGTCCTTCGCGAA-1,0,56,76,2903,3842
CGTTGAATACCGCGCT-1,0,57,77,2797,3781
ACCAATATGCAAGTTA-1,0,56,78,2903,3721
ACGGATGGTGCGGATA-1,0,57,79,2797,3660
CACCCTAACAAGATCT-1,0,56,80,2903,3599
AAGCTCTTTCATGGTG-1,0,57,81,2797,3539
CATGGGTATGCCTTAT-1,0,56,82,2902,3478
GCGCGTCATTGGTACA-1,0,57,83,2797,3418
TCTGAAGCACGTGGTC-1,0,56,84,2902,3357
AAGTTCACTCCAAGCT-1,0,57,85,2797,3297
TTGGACCTATAACAGT-1,0,56,86,2902,3236
ATCAGCCTCATGCTGC-1,0,57,87,2797,3175
AGTACTCTTATGCCCA-1,0,56,88,2902,3115
GCGCTTAAATAATTGG-1,0,57,89,2796,3054
TTGTGAACCTAATCCG-1,0,56,90,2902,2993
AGTCGTCGACCACCAA-1,0,57,91,2796,2933
TCCTTTAAATCCGCTT-1,0,56,92,2902,2872
ACTGAAACGCCGTTAG-1,0,57,93,2796,2812
GCACACACTGGTAGCC-1,0,56,94,2901,2751
TAAGGGCCTGTCCGAT-1,0,57,95,2796,2691
GCTAGAGTAGAGATGT-1,0,56,96,2901,2630
CACAGGGCCATATAGT-1,0,57,97,2796,2569
CCATGCCCTAGATTTC-1,0,56,98,2901,2509
TCGCGTAGCAGTGTCC-1,0,57,99,2795,2448
GACGAGGCTAATAAAC-1,0,56,100,2901,2387
CTACACTCGCAGATGG-1,0,57,101,2795,2327
ACGCATACGTTTACTA-1,0,56,102,2901,2266
GGAGCAACATTTCAAG-1,0,57,103,2795,2206
CGAGAGGGTAGCCGCG-1,0,56,104,2900,2145
TCGTGTTCGACCACAA-1,0,57,105,2795,2085
TCTACCCAATAGAGAG-1,0,56,106,2900,2024
ATAAACGTTGCACCAC-1,0,57,107,2795,1963
TCAACTGCAGAGTCAG-1,0,56,108,2900,1903
AGCTCCATATATGTTC-1,0,57,109,2794,1842
GTAACATCTAAGATAA-1,0,56,110,2900,1781
CCGACAATAGGCCGCC-1,0,57,111,2794,1721
ATGCTTAGGAGTTGAT-1,0,56,112,2900,1660
AACCCGAGCAGAATCG-1,0,57,113,2794,1600
CGGGTTTGTTAGGGCT-1,0,56,114,2899,1539
AGGCACGTGACTGTCC-1,0,57,115,2794,1479
GACAAGAGATGAGATT-1,0,56,116,2899,1418
AGCCCTTGGACATCCC-1,0,57,117,2794,1357
GCAGTTCGATCCGAGC-1,0,56,118,2899,1297
TCGAGGGCAACAGACG-1,0,57,119,2794,1236
ACTTTGTCGACGCACT-1,0,56,120,2899,1175
GAGTATCAAAGTTACA-1,0,57,121,2793,1115
CCAGGCTGGCGTCTGA-1,0,56,122,2899,1054
GGACTCTTCCGGTTGA-1,0,57,123,2793,994
TCCCAGCACACGACAT-1,0,56,124,2899,933
GCTCCATGAGTGCAGA-1,0,57,125,2793,873
GCAGTGCGGGCGGATG-1,0,56,126,2898,812
GCGTTCTGACTAAGCG-1,0,57,127,2793,751
ATTTGGAGATTGCGGT-1,0,58,0,2699,8448
AAGGGTTTGATTTCAG-1,0,59,1,2594,8387
CCGGCCGCGAGCATAT-1,0,58,2,2699,8327
GAGTTCTGTGGGTGCT-1,0,59,3,2594,8266
AAACGAAGATGGAGTA-1,0,58,4,2699,8205
AATTACGAGACCCATC-1,0,59,5,2593,8145
CCTTTGAATTATGGCT-1,0,58,6,2699,8084
CATGGTATTAGTTTGT-1,0,59,7,2593,8024
AACGAAAGTCGTCCCA-1,0,58,8,2699,7963
ACATAAGTCGTGGTGA-1,0,59,9,2593,7903
GCACAACCTCGGGCGT-1,0,58,10,2698,7842
ATGCACGCGCTGTTCA-1,0,59,11,2593,7781
CGATGTTGTTATCTAC-1,0,58,12,2698,7721
GTCTCCTGCCAGTATG-1,0,59,13,2593,7660
GATGCCTTCTGCGGCA-1,0,58,14,2698,7599
ACCGGTCAGGTACACC-1,0,59,15,2592,7539
GTGGAGCGTTTACCGA-1,0,58,16,2698,7478
AGGCGGTTTGTCCCGC-1,0,59,17,2592,7418
TCCCTGGCGTATTAAC-1,0,58,18,2698,7357
AAACACCAATAACTGC-1,0,59,19,2592,7297
TGGACGCAATCCAGCC-1,0,58,20,2697,7236
GGAACCTTGACTCTGC-1,0,59,21,2592,7175
GTATCTCAGTCTTGAC-1,0,58,22,2697,7115
GCTGAATCTTCCAATC-1,0,59,23,2592,7054
AGATGCAAGACGTGCA-1,0,58,24,2697,6993
TTAAGGCCCGTACTTT-1,0,59,25,2591,6933
AGTATGCTGGAGACCA-1,0,58,26,2697,6872
GCGGCAAAGTATTGCC-1,0,59,27,2591,6812
GCGCAAATATATTCAA-1,0,58,28,2697,6751
GAAGAAACGATATTGT-1,0,59,29,2591,6691
GGACCTCTAGGCCGCC-1,0,58,30,2696,6630
AACAGCTGTGTGGCAA-1,1,59,31,2591,6569
TCGAATATCCCGCAGG-1,1,58,32,2696,6509
GCGACCCAACCATCTG-1,1,59,33,2591,6448
AGAGAAGGAGTACAAT-1,1,58,34,2696,6387
GGCTCCTCCACCTGTT-1,1,59,35,2591,6327
TCAGTGTATACGTCAT-1,1,58,36,2696,6266
ATTATTATGTCCGTCA-1,1,59,37,2590,6206
TTAGGTCATAACCGAC-1,1,58,38,2696,6145
AAGATGGCACCGGACC-1,1,59,39,2590,6085
CTACAAGAAATAACCC-1,1,58,40,2696,6024
ACTATTTCCGGGCCCA-1,1,59,41,2590,5963
TTGTTTCACATCCAGG-1,1,58,42,2695,5903
CGCTGTGTGGATGTTG-1,1,59,43,2590,5842
TCAACATAGCGCCCTA-1,1,58,44,2695,5781
GGCCGTTTGGGTTTCA-1,1,59,45,2590,5721
TACTCTTTCGTCTTCA-1,1,58,46,2695,5660
TTCGCGCGCCATACGA-1,1,59,47,2589,5600
CGGAAAGAATCAAACG-1,1,58,48,2695,5539
AGGCAGGGAGCGTACT-1,1,59,49,2589,5479
CCTTTAAGGGAGCACT-1,1,58,50,2695,5418
CGCCCAGCACGCCTAG-1,1,59,51,2589,5357
AGTATTTGGCACGACC-1,1,58,52,2694,5297
TATCCGCACCGTCGGG-1,1,59,53,2589,5236
ACCCGTGTCATCAGTA-1,0,58,54,2694,5175
CAACTGCTCATCCGAT-1,0,59,55,2589,5115
CCGGAGCGTACTTTCT-1,0,58,56,2694,5054
TACCGTAGGTTAACTA-1,0,59,57,2588,4994
TGAGGAGTGCCAGCTT-1,0,58,58,2694,4933
CCAGTCTTGTCATAGA-1,0,59,59,2588,4873
GGGCAGAGCAATCGTT-1,0,58,60,2694,4812
TACCAAATAGCCCAGA-1,0,59,61,2588,4751
TACCTACTCCCAGTAT-1,0,58,62,2693,4691
TGTGAGACTAGCCCAA-1,0,59,63,2588,4630
ATACCTAACCAAGAAA-1,0,58,64,2693,4569
GTCGGGAAGCAGAAAC-1,0,59,65,2588,4509
AATTAACGGATTTCCA-1,0,58,66,2693,4448
GAACCCTCTGTGTTCT-1,0,59,67,2588,4388
ATATAAAGCGCTCGTG-1,0,58,68,2693,4327
CCTGGTCGAATGTGGG-1,0,59,69,2587,4267
CTAGGTTCGGACGTGA-1,0,58,70,2693,4206
TCGGGAGACAGCGTAC-1,0,59,71,2587,4145
CATAAGAAGCTTGGCT-1,0,58,72,2693,4085
AAGCACCCTGCGTATC-1,0,59,73,2587,4024
AGTTTGCACCTGCCTC-1,0,58,74,2692,3963
GACTGCAAATCGAGCT-1,0,59,75,2587,3903
GTGTATATCAGCGGGC-1,0,58,76,2692,3842
CTTCAACTCCACTTGG-1,0,59,77,2587,3782
ACTTACGCATCCACGC-1,0,58,78,2692,3721
CATGAGATGCACTCTC-1,0,59,79,2586,3661
GAGCACCTGTGTCCAG-1,0,58,80,2692,3600
CGCGACCGCGACAGAT-1,0,59,81,2586,3539
GTCCCGCGACGTTATG-1,0,58,82,2692,3479
GCAGTGTGGCTATAGG-1,0,59,83,2586,3418
ATACTGCCTTACACCG-1,0,58,84,2691,3357
TACAGAAACGGTGGGC-1,0,59,85,2586,3297
GGCGCGGAGATCTTTC-1,0,58,86,2691,3236
CGTTAATGTCCCGACG-1,0,59,87,2586,3176
GCTAACTGAAGTCTGA-1,0,58,88,2691,3115
AGTGATAACCTGCGCG-1,0,59,89,2585,3055
TATGATCTTCTCTTTA-1,0,58,90,2691,2994
TGTACCTACACGAGGG-1,0,59,91,2585,2933
ATATCGTTCCTCGAAC-1,0,58,92,2691,2873
CGGCGCCATCAATCCC-1,0,59,93,2585,2812
CCTGTTTGAAGACACG-1,0,58,94,2690,2751
GCCACTCAGAGCGCGA-1,0,59,95,2585,2691
TCGGCTTGTATCGACG-1,0,58,96,2690,2630
TAGATGGTTCCTTACT-1,0,59,97,2585,2570
ATCGTTAGCTAGCGGA-1,0,58,98,2690,2509
ACAGCGACATTCTCAT-1,0,59,99,2585,2448
ATTCAACCATTTAAGG-1,0,58,100,2690,2388
CACTCTTCTGCTAGCC-1,0,59,101,2584,2327
CTAACTGATAATCGCC-1,0,58,102,2690,2267
TGATGTCAATTAAGTG-1,0,59,103,2584,2206
CGCCGTTCAGCATAGT-1,0,58,104,2689,2145
ATACTACCCGTACCAC-1,0,59,105,2584,2085
CCACTGTTTGGATTAA-1,0,58,106,2689,2024
CACTACGGGAGCTGCC-1,0,59,107,2584,1964
GACCAAACGTTGACTG-1,0,58,108,2689,1903
AAGAGGCCCTTTGGAA-1,0,59,109,2584,1842
ACACGTAGGCCACAAG-1,0,58,110,2689,1782
TACTCTTACTTTACTG-1,0,59,111,2583,1721
AGAGCCGCCGAGATTT-1,0,58,112,2689,1661
GGCCTGCTTCTCCCGA-1,0,59,113,2583,1600
TCAAGCGCGGACGGTA-1,0,58,114,2689,1539
ACACTGGGACAGTCGT-1,0,59,115,2583,1479
TGTGTAGTAGCACGTG-1,0,58,116,2688,1418
CTAGCCACAGGCGAGC-1,0,59,117,2583,1358
CTATCGCGTAGAGAAC-1,0,58,118,2688,1297
GTTCCCGTAAACATAT-1,0,59,119,2583,1236
TCTTTCCTTCGAGATA-1,0,58,120,2688,1176
ATATTGGAGAGGCCTT-1,0,59,121,2582,1115
AGGCGATAACTGGCGT-1,0,58,122,2688,1054
ACCCGGAGCACCACAA-1,0,59,123,2582,994
TGAGCTCAACTGTATA-1,0,58,124,2688,933
ACGACCCATGAGTTGC-1,0,59,125,2582,873
CGGTCAGTCCATATTT-1,0,58,126,2687,812
TCCGGCTGTCGGGTCG-1,0,59,127,2582,752
ATTCCCGAAGGTACAG-1,0,60,0,2488,8448
CTAACAGCACAATAAC-1,0,61,1,2383,8388
TTGTGCGGAAGCGGAT-1,0,60,2,2488,8327
GGGCACTATTGACCAT-1,0,61,3,2383,8267
CCATAGAGGCTGCCAG-1,0,60,4,2488,8206
CCGAAGCATTGACCAA-1,0,61,5,2382,8145
TACTGAGGGAAGAAAG-1,0,60,6,2488,8085
TATGTAGAAACCCGGC-1,0,61,7,2382,8024
TGGTTAACTTACATTT-1,0,60,8,2488,7963
AGAACCCTCAATTGGG-1,0,61,9,2382,7903
CCTATATCGTGTCACG-1,0,60,10,2487,7842
ACGGCTGGATGTAGAA-1,0,61,11,2382,7782
CTCGCATTGCATAGCC-1,0,60,12,2487,7721
ACTTTGGTCGTGCTCC-1,0,61,13,2382,7661
GCTGGTTTAGGCCATA-1,0,60,14,2487,7600
TGTCGTTATCACATAT-1,0,61,15,2382,7539
ACACATGATCAAATCT-1,0,60,16,2487,7479
TATCCATCTCGGTTAG-1,0,61,17,2381,7418
CTCGTCGAGGGCTCAT-1,0,60,18,2487,7357
ATCAATGCCGTGGCTG-1,0,61,19,2381,7297
GAAACATAGGAAACAG-1,0,60,20,2487,7236
TAATAGGTCACCAGAA-1,0,61,21,2381,7176
CACCAGTCAGCATGCA-1,0,60,22,2486,7115
GAGCGCTGTTAGGTAA-1,0,61,23,2381,7055
CCCTATGTAGAGCAGA-1,0,60,24,2486,6994
GATCGCTATATCTCAG-1,0,61,25,2381,6933
AAGGGACTATGCATTC-1,0,60,26,2486,6873
CTCGGGTTCTCTGGCC-1,0,61,27,2380,6812
TATATATCGAGAAATG-1,0,60,28,2486,6751
ACCCGAGCGAAATTAC-1,0,61,29,2380,6691
TTGTTTCATTAGTCTA-1,1,60,30,2486,6630
ATGGGACCTGCTGAAC-1,1,61,31,2380,6570
TGCGACGGCCGAACGT-1,1,60,32,2485,6509
AGCTAACAAGCAATGT-1,1,61,33,2380,6449
CGTGTCTCGTTACGAC-1,1,60,34,2485,6388
CTAAATCCGGTGTACA-1,1,61,35,2380,6327
GAATAGTGCTCGATTA-1,1,60,36,2485,6267
AACAATACATTGTCGA-1,1,61,37,2379,6206
CACATCGTGCACGCGC-1,1,60,38,2485,6145
ACCGTGACCACGTGGG-1,1,61,39,2379,6085
CCCAATGAGATTTGCA-1,1,60,40,2485,6024
TCAGCAGTAGGCCCTG-1,1,61,41,2379,5964
CTACTCAAGGTATAGT-1,1,60,42,2484,5903
TAGTAGCTTATACCAG-1,1,61,43,2379,5843
ACGTTCGTTCAGGAAA-1,1,60,44,2484,5782
TTAGAATAAGGGTCGG-1,1,61,45,2379,5721
TTCTAGAAAGTCTTAT-1,1,60,46,2484,5661
CCTTCAGTTAAAGTGA-1,1,61,47,2379,5600
TAGCTAGTGATGATGG-1,1,60,48,2484,5539
AGCCCGGTAGCCTGTA-1,1,61,49,2378,5479
TACCTCAGTTGTCTGT-1,1,60,50,2484,5418
GACGGGTTGGCCCGTA-1,1,61,51,2378,5358
GAAACCTATACAAATG-1,1,60,52,2484,5297
TCCACCTCTAGCCTTT-1,1,61,53,2378,5236
AAGACCCAACTGAACA-1,1,60,54,2483,5176
CATACACGGTTCCCAC-1,1,61,55,2378,5115
ACTACGCGTTAGAATT-1,0,60,56,2483,5055
CTTGGCCAAGCTGGGA-1,0,61,57,2378,4994
TTACCCTAGGGATTGG-1,0,60,58,2483,4933
TTCGCACTGTACGACA-1,0,61,59,2377,4873
TAGGTGTTCCACAGAT-1,0,60,60,2483,4812
GAAGCCTGCACATTCC-1,0,61,61,2377,4752
GGCTTTCAATAAGGGT-1,0,60,62,2483,4691
TCCAGGGTATATACGA-1,0,61,63,2377,4630
CTCGCCGAATGTAGGG-1,0,60,64,2482,4570
AGGAAGCTGTCCGCCG-1,0,61,65,2377,4509
GTCTCAAGGCCCGGCT-1,0,60,66,2482,4449
ACCGACACATCTCCCA-1,0,61,67,2377,4388
TATACGCGTCATCACT-1,0,60,68,2482,4327
ATCTGGGCTGTTCTTG-1,0,61,69,2376,4267
TCAAATTTGAGACTCA-1,0,60,70,2482,4206
GTTAAGGGTGCGATGT-1,0,61,71,2376,4146
AGCAAAGGCCGCTAGT-1,0,60,72,2482,4085
TTATAGGTAATTGTCT-1,0,61,73,2376,4024
TTGTGCAGCCACGTCA-1,0,60,74,2481,3964
ACGGACTCTCAAAGCG-1,0,61,75,2376,3903
ATGCTCTGGCGCGGTA-1,0,60,76,2481,3842
ATAATCTTGGAGAACC-1,0,61,77,2376,3782
CTCATTGCTCTAACAA-1,0,60,78,2481,3721
TAGGTGACGATAACCT-1,0,61,79,2376,3661
CGGATCCTCAAGGACT-1,0,60,80,2481,3600
GGGCGTGGTTTCCCAG-1,0,61,81,2375,3540
TGGCTATGTGACATAC-1,0,60,82,2481,3479
CTTAGTGTAGTAGCAT-1,0,61,83,2375,3418
GGATTGCTGTGACTCC-1,0,60,84,2480,3358
ACTTCCATGCGGGACA-1,0,61,85,2375,3297
ACTCAAGTGCAAGGCT-1,0,60,86,2480,3236
ACAAGGATGCTTTAGG-1,0,61,87,2375,3176
TTGAACGACGTGCTGA-1,0,60,88,2480,3115
ATTCATCGTTGAGGCA-1,0,61,89,2375,3055
TGCAACCCATCTGCGG-1,0,60,90,2480,2994
AGTGCTAAACACAGCA-1,0,61,91,2374,2934
AACTCCAGAGCGTGTT-1,0,60,92,2480,2873
TCTCCACAAGTTGAAT-1,0,61,93,2374,2812
CTTTGCATCGCTCTTG-1,0,60,94,2480,2752
TCACAAACCGAGGTAC-1,0,61,95,2374,2691
CCGTAGGAAATCCCTG-1,0,60,96,2479,2630
AAACATTTCCCGGATT-1,0,61,97,2374,2570
GCCTCCGACAATTCAC-1,0,60,98,2479,2509
TCTGCATACCTTGCTT-1,0,61,99,2374,2449
ACCCATTTGTCCCTCT-1,0,60,100,2479,2388
CTGCAGAGAATCAGAG-1,0,61,101,2373,2328
GGAAACTAAATGGGCC-1,0,60,102,2479,2267
CAACCTACCGAGCAGT-1,0,61,103,2373,2206
CCGTAGGGTTGTTTAC-1,0,60,104,2479,2146
GGTTTGTGACCTGAGG-1,0,61,105,2373,2085
TAACCTAGGGAGTCCA-1,0,60,106,2478,2024
TTCCATCGACAGCGTG-1,0,61,107,2373,1964
ATCTCCCACGGAATAT-1,0,60,108,2478,1903
GTTTCAAACGAGTTGT-1,0,61,109,2373,1843
GGAACTTTGGCGATTA-1,0,60,110,2478,1782
CTGCAAGCACGTTCCG-1,0,61,111,2372,1722
CACAGTCCCGCTTCGC-1,0,60,112,2478,1661
TACGCTCGGTATTGGA-1,0,61,113,2372,1600
CTGGTAAAGTGTGGGC-1,0,60,114,2478,1540
CAACCAGTGGCCTACC-1,0,61,115,2372,1479
TCTTCGCGGTGAGAGG-1,0,60,116,2477,1418
TTCGGGTTGCCACGGG-1,0,61,117,2372,1358
ACCGATAGGCATAACC-1,0,60,118,2477,1297
CTTATAGATGGCTGTT-1,0,61,119,2372,1237
AGACGCCCACTTCGCC-1,0,60,120,2477,1176
AGGTCGCCTCCCAACA-1,0,61,121,2372,1116
CCTCACGTCAGCTAAT-1,0,60,122,2477,1055
CCACCTGTATGGAATA-1,0,61,123,2371,994
GGACTCGAAGCTTTCA-1,0,60,124,2477,934
AAGCCGGAGAGCAGGA-1,0,61,125,2371,873
GCCTATCAGGTAAGAT-1,0,60,126,2477,812
TCAGAGTGTGAGCATG-1,0,61,127,2371,752
AAACATGGTGAGAGGA-1,0,62,0,2278,8449
ATCATTGTACCGCATT-1,0,63,1,2172,8388
TCAGCTTGAGCTTTCG-1,0,62,2,2277,8327
CCGCGCAAGATACCCA-1,0,63,3,2172,8267
CTATACTTAAAGCGAG-1,0,62,4,2277,8206
ACCGTCCACTGGGCCC-1,0,63,5,2172,8146
AAGACCAAATAACTCA-1,0,62,6,2277,8085
TGTTTCTGAAGCGTGC-1,0,63,7,2171,8025
TTCTCTTACAGGTGAT-1,0,62,8,2277,7964
AATTCATTGTCATGCA-1,0,63,9,2171,7903
GCCCGAGAGTCTAAAT-1,0,62,10,2277,7843
ATATAGAGTATTGGTC-1,0,63,11,2171,7782
TTGAAGGATGGGCGCC-1,0,62,12,2276,7721
TAGTACCACAACTTTC-1,0,63,13,2171,7661
ATCCCATCCACAGCGC-1,0,62,14,2276,7600
CTTAGGTATAGACCAG-1,0,63,15,2171,7540
TGACTCCGAATCATAC-1,0,62,16,2276,7479
ACTACATCCCGACAAG-1,0,63,17,2170,7418
TTGCCGCAGACCTACA-1,0,62,18,2276,7358
TAAGAGGGACAGGGAC-1,0,63,19,2170,7297
CGAATGAAGTCATTGC-1,0,62,20,2276,7237
AAGGGAACGACTGGCT-1,0,63,21,2170,7176
CGAATCTGCTCGACGC-1,0,62,22,2275,7115
ATCGTGGAAAGTCTGG-1,0,63,23,2170,7055
CCTATGGCTCCTAGTG-1,0,62,24,2275,6994
CGTCGCTTGGTTATAC-1,0,63,25,2170,6934
TGCTTAGAGAGAATGC-1,0,62,26,2275,6873
GATTGCTCCAGTTGCA-1,0,63,27,2170,6812
CGTGCTTCTACCTAAA-1,0,62,28,2275,6752
ACTCCAATATCATCAT-1,0,63,29,2169,6691
GCCGACCCACGACTGC-1,0,62,30,2275,6630
GAGGGTAGTAACAAAG-1,1,63,31,2169,6570
GGCCGAGACTCTGGTG-1,1,62,32,2274,6509
TATATAGGGCTTTACG-1,1,63,33,2169,6449
TGCCGGATGTACGAGC-1,1,62,34,2274,6388
AGGTAGATCGAGATAT-1,1,63,35,2169,6328
GATCAACATAAAGGGA-1,1,62,36,2274,6267
TAACAGCGTTTGTGCT-1,1,63,37,2169,6206
CTATAGGCGTTGATGT-1,1,62,38,2274,6146
GGTTTAATTACCATCG-1,1,63,39,2168,6085
CTCTTCTGGAAGTTAG-1,1,62,40,2274,6024
ATCTGACATGGAAGGA-1,1,63,41,2168,5964
TACGTACTAGTGCTGA-1,1,62,42,2274,5903
ATGACTATCAGCTGTG-1,1,63,43,2168,5843
CTTTGGGATTGTTGCA-1,1,62,44,2273,5782
AGACTGTTACCGGGTC-1,1,63,45,2168,5722
TCCTAACCGTCGGGCA-1,1,62,46,2273,5661
ACGCAAACTAATAGAT-1,1,63,47,2168,5600
AAGTGAGTCGGGTTTA-1,0,62,48,2273,5540
TAAAGCGGTATTTCCA-1,1,63,49,2167,5479
CTCCTCCAGCTCACAC-1,0,62,50,2273,5418
CGGTCCGTCGCAAGCC-1,0,63,51,2167,5358
CCTATATTTGTCCTGG-1,1,62,52,2273,5297
TCCAATAAAGGCTACC-1,0,63,53,2167,5237
AAAGGCTACGGACCAT-1,1,62,54,2272,5176
CGTGACCAGTCCTCTG-1,0,63,55,2167,5116
GATCTGCTATCTAAGG-1,0,62,56,2272,5055
CGAATGACGCATAATG-1,0,63,57,2167,4994
GCTCAATGTAATACCG-1,0,62,58,2272,4934
CTATGCCCGAATGCAA-1,0,63,59,2167,4873
CACAGGGCCGTTGTCA-1,0,62,60,2272,4812
TCAATACGCCGTCATG-1,0,63,61,2166,4752
AGCGGACACTTCGTAG-1,0,62,62,2272,4691
ATACGTTATGCACGGA-1,0,63,63,2166,4631
GAGTAGATACTAGTTG-1,0,62,64,2271,4570
CCAGCTCGAACGCATT-1,0,63,65,2166,4510
TGCTTCCCAAGCAGTA-1,0,62,66,2271,4449
GTAGACACGCCTGACT-1,0,63,67,2166,4388
CTCACATTTACTAAAT-1,0,62,68,2271,4328
GAATGCGAATCGGTTC-1,0,63,69,2166,4267
TAAGGCCCGTCACCCT-1,0,62,70,2271,4206
GAGTATGCGCGTGCAT-1,0,63,71,2165,4146
ATCCACATCGACAGAA-1,0,62,72,2271,4085
TAGACGAAACGCCAAT-1,0,63,73,2165,4025
CAGCAGTCTGTGCTGC-1,0,62,74,2271,3964
CTCACTGTGATACTTA-1,0,63,75,2165,3904
TTAATTGCTTTGGGTG-1,0,62,76,2270,3843
GTAGTCTACGATATTG-1,0,63,77,2165,3782
TTGCCGCTTTCTAGTA-1,0,62,78,2270,3722
GAACCTTTAACGATCC-1,0,63,79,2165,3661
TGGACCAATCTAAGAT-1,0,62,80,2270,3600
CTAGTAGAAAGGGATT-1,0,63,81,2164,3540
AACCTCGCTTTAGCCC-1,0,62,82,2270,3479
GAGTGTCAACCAGAAA-1,0,63,83,2164,3419
GTGATCCTTGTCATGA-1,0,62,84,2270,3358
CTCAACTAACCCGGAT-1,0,63,85,2164,3298
AGTGGCGTCTGAAGGT-1,0,62,86,2269,3237
GGGAAGGGCTTTCTCA-1,0,63,87,2164,3176
AGGCCTGAGAATCTCG-1,0,62,88,2269,3116
AGCCACAGGTTACCCG-1,0,63,89,2164,3055
TGCAATCTAACACGGT-1,0,62,90,2269,2994
GTTTGGGTTTCGCCCG-1,0,63,91,2163,2934
CCTATGTCCACTCCAC-1,0,62,92,2269,2873
CTGCCTTTCTAGTAAA-1,0,63,93,2163,2813
TTAGTAAACCTGCTCT-1,0,62,94,2269,2752
TTGTGGTGGTACTAAG-1,0,63,95,2163,2692
CCTCCTGTTGTGTCGT-1,0,62,96,2268,2631
ACAAAGCATGACCTAG-1,0,63,97,2163,2570
ATAGCAACTAGGGAAG-1,0,62,98,2268,2510
CCGCTCTTCCGAACTA-1,0,63,99,2163,2449
TAGAATAGCCGATGAA-1,0,62,100,2268,2388
GGTCTCCGTCCAGGTT-1,0,63,101,2163,2328
TAATTACGTCAGTAGA-1,0,62,102,2268,2267
TACGTAAAGCGGAGTG-1,0,63,103,2162,2207
GCTACAATCGAGGATA-1,0,62,104,2268,2146
TCAGCCAATCCGTAAA-1,0,63,105,2162,2086
ATCATAGCCCTATGTA-1,0,62,106,2268,2025
GAGGCCTGTTGATACA-1,0,63,107,2162,1964
ATATACGCTCGTGACG-1,0,62,108,2267,1904
CCCTTTAATGGAGTTC-1,0,63,109,2162,1843
TTACACGATCTGCGAC-1,0,62,110,2267,1782
TCGCATAAAGGGCGCA-1,0,63,111,2162,1722
TGTAGCCATCCCATTC-1,0,62,112,2267,1661
GGGTCTATCGCTTTCC-1,0,63,113,2161,1601
GGAGGGTCAAGTAAGA-1,0,62,114,2267,1540
TACGGCATGGACGCTA-1,0,63,115,2161,1480
CACGTCAATCAATGGA-1,0,62,116,2267,1419
CGCTTGGACGGATAGA-1,0,63,117,2161,1358
CGCGGTACGGTATACA-1,0,62,118,2266,1298
CCTACTCAACACGATT-1,0,63,119,2161,1237
CGTTTGGTGTTGTGGG-1,0,62,120,2266,1176
GTTGTTGCAAGATGGC-1,0,63,121,2161,1116
CATTCGTCGTAGCGGT-1,0,62,122,2266,1055
CAGCCTCGATAGCGGT-1,0,63,123,2160,995
TCATAAGTCCAAGAAG-1,0,62,124,2266,934
AAAGTGCCATCAATTA-1,0,63,125,2160,874
GTTGCAGTCGACAACA-1,0,62,126,2266,813
TAAATGGGCTACTGAG-1,0,63,127,2160,752
GGACAAGCCATGATCG-1,0,64,0,2067,8449
TCCAATGCGTCGCCGC-1,0,65,1,1961,8388
AAAGAATGACCTTAGA-1,0,64,2,2066,8328
CCTATTATTCCGGCCG-1,0,65,3,1961,8267
CAGTAAGGGACGTCTC-1,0,64,4,2066,8206
GGGATGGACCCGCGTC-1,0,65,5,1961,8146
GACGCATACCCGTCGG-1,0,64,6,2066,8085
GGGCAGGATTTCTGTG-1,0,65,7,1961,8025
TATCTGAGCCGATATT-1,0,64,8,2066,7964
AATGTATGGCACTGTA-1,0,65,9,1960,7904
GCCTTTGTCAGTGGAC-1,0,64,10,2066,7843
AACCATAGGGTTGAAC-1,0,65,11,1960,7782
AAACTTAATTGCACGC-1,0,64,12,2065,7722
TAGGCGGCTGCAAAGA-1,0,65,13,1960,7661
TCCATCAATACTAATC-1,0,64,14,2065,7600
ACCTCGAACTTATGCT-1,0,65,15,1960,7540
ACAAACCATGCGTCCT-1,0,64,16,2065,7479
ACACCGGTCTGACCGC-1,0,65,17,1960,7419
ATGGCAGCATTACGAT-1,0,64,18,2065,7358
CTGGTGAATGGGCCTA-1,0,65,19,1959,7298
CACAGAGACGAGGACG-1,0,64,20,2065,7237
GCACAAACCCTAGATG-1,0,65,21,1959,7176
ACTATGTCCAGCTGCC-1,0,64,22,2065,7116
AAGCCGCCGTGAAATC-1,0,65,23,1959,7055
ATGGGTGTATACCTCC-1,0,64,24,2064,6994
TAAGCGCGAATCAAAT-1,0,65,25,1959,6934
AGCCCGGCATTAGAGG-1,0,64,26,2064,6873
GTGATCAAGCGTGCAC-1,0,65,27,1959,6813
CTGCCTTTAATACCTT-1,0,64,28,2064,6752
TACCTCCACACCAATG-1,0,65,29,1958,6692
GAGCATCAACAACTTG-1,0,64,30,2064,6631
CATACGAACTAGCTGG-1,1,65,31,1958,6570
GGGAACGGTTTCAGAT-1,1,64,32,2064,6510
AGGGTGCCGTTCTTTA-1,1,65,33,1958,6449
ACGACTGGTCATACTC-1,1,64,34,2063,6388
GGATCTTACTGCCCTT-1,0,65,35,1958,6328
TACTCCTCTAGTTGAC-1,1,64,36,2063,6267
GTAGCTCCGGGAGGCT-1,0,65,37,1958,6207
GGACTCGTGAGTGGTC-1,1,64,38,2063,6146
GTAGTTCGAAGGCGAA-1,0,65,39,1957,6086
CTCAAACCACTGCCCG-1,1,64,40,2063,6025
GAGGGAGTCAGATCGC-1,1,65,41,1957,5964
GCGTCCCTAAGACATA-1,1,64,42,2063,5904
TCTCTTACCGCGAACC-1,1,65,43,1957,5843
GGCTACTATACACTCC-1,1,64,44,2062,5782
CGTTGCCCGCGTGGGA-1,1,65,45,1957,5722
TATAGAGTCGCTTGAA-1,1,64,46,2062,5661
ATGTTGTAGTCTGTTT-1,1,65,47,1957,5601
AGTATACACAGCGACA-1,1,64,48,2062,5540
TGTGGTTGCTAAAGCT-1,1,65,49,1957,5480
TGATTCCCGGTTACCT-1,1,64,50,2062,5419
CACTGACGATTGTGGA-1,1,65,51,1956,5358
AACATTGTGACTCGAG-1,0,64,52,2062,5298
GTCCAATATTTAGCCT-1,0,65,53,1956,5237
GCTCTTTCCGCTAGTG-1,0,64,54,2062,5176
GGGTCAGGAGCTAGAT-1,0,65,55,1956,5116
AGGTGGTGACCTTCGC-1,0,64,56,2061,5055
CCCGGGTCGTTCAGGG-1,0,65,57,1956,4995
AGCCAAGCTTTGTGTC-1,0,64,58,2061,4934
TGTGGCGGGCTTCTGG-1,0,65,59,1956,4874
CGAGGGTATCCAGGTG-1,0,64,60,2061,4813
CGTTCAGACCCGCGAA-1,0,65,61,1955,4752
TCATATGAGCTTTGTT-1,0,64,62,2061,4692
AGTTGACGGTCCTTGC-1,0,65,63,1955,4631
ATAATTAGCTAAGTAG-1,0,64,64,2061,4570
GGTCTTGAGCGCTCTT-1,0,65,65,1955,4510
CGTTGTCGGCAATTGA-1,0,64,66,2060,4449
TCTTGCTCCCGATACT-1,0,65,67,1955,4389
AGCAGAAGGAGAAAGA-1,0,64,68,2060,4328
GAAGCCACTGATTATG-1,0,65,69,1955,4268
TGCTCTTGAGAGTTTG-1,0,64,70,2060,4207
GACATCCGTCGAACTG-1,0,65,71,1954,4146
AGATATAATACGACTA-1,0,64,72,2060,4086
TCGCTACTGGCTTTGA-1,0,65,73,1954,4025
GTGACAGCTTCCCACT-1,0,64,74,2060,3964
GTGACGCAGGTTTCAT-1,0,65,75,1954,3904
GGGAAGACGGTCTGTC-1,0,64,76,2059,3843
CGTCGCATGTGAGCCA-1,0,65,77,1954,3783
AGAAGGTTGTAGGTCG-1,0,64,78,2059,3722
GGCCGGCGTCTGCTAT-1,0,65,79,1954,3662
TTGACCAGGAACAACT-1,0,64,80,2059,3601
AGTCGTATAAAGCAGA-1,0,65,81,1954,3540
GGCGTAGGGAAAGCTG-1,0,64,82,2059,3480
AAACCTAAGCAGCCGG-1,0,65,83,1953,3419
ATTGCCTTTATGTTTG-1,0,64,84,2059,3358
CAGGCAGTCTTACCAG-1,0,65,85,1953,3298
AGCTAAGTACGCAGGC-1,0,64,86,2059,3237
AAATCCGATACACGCC-1,0,65,87,1953,3177
CGAGAGCTTTCACTAC-1,0,64,88,2058,3116
CGCCCAGCGTTTCACG-1,0,65,89,1953,3055
TTAAGTATTGTTATCC-1,0,64,90,2058,2995
AAACGGGCGTACGGGT-1,0,65,91,1953,2934
GTATCCTTTGGTAACC-1,0,64,92,2058,2874
CATAGTCAAATACATA-1,0,65,93,1952,2813
TCTATGCTATAACGAC-1,0,64,94,2058,2752
ACGTTCTGTACAAGTC-1,0,65,95,1952,2692
CGCGAAGTGGCATACT-1,0,64,96,2058,2631
ACCAACCGCACTCCAC-1,0,65,97,1952,2571
GTCATGCGCGAGGGCT-1,0,64,98,2057,2510
TAGGCTAAAGTGGCAC-1,0,65,99,1952,2449
TGGCTACACTCTACCT-1,0,64,100,2057,2389
TGTCCACGGCTCAACT-1,0,65,101,1952,2328
AATTGCAGCAATCGAC-1,0,64,102,2057,2268
GTCAACCAGGCCTATA-1,0,65,103,1951,2207
ATCTTATCGCACACCC-1,0,64,104,2057,2146
GTCTATTGCATGCTCG-1,0,65,105,1951,2086
GCACGTGGTTTACTTA-1,0,64,106,2057,2025
ATTCGCGCCTTGAGAG-1,0,65,107,1951,1965
AGCGATGCGCCTAATA-1,0,64,108,2056,1904
TCTATAGGTGGGTAAT-1,0,65,109,1951,1843
AGATACCAATAGAACC-1,0,64,110,2056,1783
CGTGTATGGGAGCTGA-1,0,65,111,1951,1722
ATGTACATGCGGTGAG-1,0,64,112,2056,1661
TTGGCTCAATATGTGT-1,0,65,113,1951,1601
GTTCGGAGCACTCAAC-1,0,64,114,2056,1540
TCCCTCTTCTCAAGGG-1,0,65,115,1950,1480
TTACGTATCTATGACA-1,0,64,116,2056,1419
CCCATATAGGTCGATT-1,0,65,117,1950,1359
GTCCACGTCGCATTCG-1,0,64,118,2055,1298
AATTGTGGTTGCCAAA-1,0,65,119,1950,1237
AGGAACGAACGACTTC-1,0,64,120,2055,1177
TAATTCCAATGCTTCA-1,0,65,121,1950,1116
AGGGCCCTAATGTTCT-1,0,64,122,2055,1055
AGGTGTTGCCGACCAC-1,0,65,123,1950,995
CTGAGAGTAGAAATAC-1,0,64,124,2055,934
TAGAAGAAGGGTTACA-1,0,65,125,1949,874
GGTGACTGATAGAGAG-1,0,64,126,2055,813
TACCCTCGGTAACCCT-1,0,65,127,1949,753
TGTAAGACTGATAAGA-1,0,66,0,1856,8449
GTCACTCATGAGCGAT-1,0,67,1,1750,8389
CGGTTTACTGAACATT-1,0,66,2,1856,8328
GAGATCGATCTTACTC-1,0,67,3,1750,8268
TCTTTCATCCGTCCTT-1,0,66,4,1855,8207
TCGGATCTGGATGACC-1,0,67,5,1750,8146
GTCCTAGGATACCTTA-1,0,66,6,1855,8086
TGTACCCGACCCTAAT-1,0,67,7,1750,8025
AGGTTCTCCTTTCCGG-1,0,66,8,1855,7964
AATTGCGTGGATTACA-1,0,67,9,1749,7904
CGATAGCGATACAGTG-1,0,66,10,1855,7843
CGCCCTAATTGTTCAA-1,0,67,11,1749,7783
ATTATGAGACCCAATT-1,0,66,12,1855,7722
CCTCCTAGCTAGAGTC-1,0,67,13,1749,7662
CGAAGGGTTTCAGATT-1,0,66,14,1854,7601
CACAAGCTAAGAAAGG-1,0,67,15,1749,7540
CACCGGTAGAGACATT-1,0,66,16,1854,7480
ACTCATGGCAGCCTTC-1,0,67,17,1749,7419
CATCCAATATAGTTTG-1,0,66,18,1854,7358
CAGATATGAAGATGAC-1,0,67,19,1748,7298
GCAAAGGGCGTTAGCC-1,0,66,20,1854,7237
CTGTTGTTCAGTCGTA-1,0,67,21,1748,7177
AAAGGCCCTATAATAC-1,0,66,22,1854,7116
AACATTGAAGTTGATC-1,0,67,23,1748,7056
GCTAGCGATAGGTCTT-1,0,66,24,1853,6995
ATTGCCTATTAGACCG-1,0,67,25,1748,6934
GGGCGTTTACATTCAT-1,0,66,26,1853,6874
CCTCTACAAGGATTGG-1,0,67,27,1748,6813
AGTGACTGTGACACAA-1,0,66,28,1853,6752
AGCCCTCCCTGGTGGC-1,0,67,29,1748,6692
CGGTTGAGTATCCTTC-1,0,66,30,1853,6631
CATTATCCCATTAACG-1,0,67,31,1747,6571
AATGTGCTAATCTGAG-1,0,66,32,1853,6510
CTTAGTTGAGGAATCG-1,0,67,33,1747,6450
CTTCTGGGCGTACCTA-1,0,66,34,1853,6389
AGTCAAATGATGTGAT-1,0,67,35,1747,6328
TGAACAAGCAGGGACT-1,0,66,36,1852,6268
AATACCGGAGGGCTGT-1,0,67,37,1747,6207
GTTTGGTGATCGGTGC-1,1,66,38,1852,6146
GACTGCTGGTGAGAAA-1,0,67,39,1747,6086
CGATCCTCGCAACATA-1,1,66,40,1852,6025
CCAACCTTATGTAACT-1,1,67,41,1746,5965
CGTGGTACCCAAAGGC-1,1,66,42,1852,5904
AACCCGACAACCCGTG-1,1,67,43,1746,5843
TATGTAAAGTGCTTAA-1,1,66,44,1852,5783
GCAAGTGTAAAGCATG-1,1,67,45,1746,5722
GTAACTGCCCAAGGAG-1,1,66,46,1851,5662
GGTGCATAAATGATTA-1,1,67,47,1746,5601
TAGTCCCGGAGACCAC-1,1,66,48,1851,5540
CGGCCAGAGCGACCAT-1,1,67,49,1746,5480
TGAATGAGTGTTTCCC-1,1,66,50,1851,5419
TTCACTTCCTAGAACG-1,1,67,51,1745,5359
CGCTTAGTATTGATAC-1,0,66,52,1851,5298
AACGCGACCTTGGGCG-1,1,67,53,1745,5237
GTGCACCAGCTTCAAC-1,1,66,54,1851,5177
TTCTATTAAACGCAGC-1,0,67,55,1745,5116
TGGCAAGCACAAGTCG-1,0,66,56,1850,5056
ATCTGCTGTTATCGCC-1,0,67,57,1745,4995
AATTCCAAGCATGTAC-1,0,66,58,1850,4934
AAACGGTTGCGAACTG-1,0,67,59,1745,4874
GAAGGAGTCGAGTGCG-1,0,66,60,1850,4813
GGCAAGCCCATAGTGG-1,0,67,61,1745,4753
TGACCAAATCTTAAAC-1,0,66,62,1850,4692
TTCGGTACTGTAGAGG-1,0,67,63,1744,4631
ATGTACGATGACGTCG-1,0,66,64,1850,4571
ATCTAGCTTGTGAGGG-1,0,67,65,1744,4510
AGCGGGTCTGACACTC-1,0,66,66,1850,4449
GAGGTACGCGTGTCCC-1,0,67,67,1744,4389
GCACTGCCTACCTTTA-1,0,66,68,1849,4328
GGAGCGAGGCCTACTT-1,0,67,69,1744,4268
AAACTCGGTTCGCAAT-1,0,66,70,1849,4207
GGCGCTTCATTCCCTG-1,0,67,71,1744,4147
TGCTCGGTGGGTCACC-1,0,66,72,1849,4086
AAGCGCAGGGCTTTGA-1,0,67,73,1743,4025
GACCTTCCACGTCTAC-1,0,66,74,1849,3965
GTTAGCCCATGACATC-1,0,67,75,1743,3904
AATTCGATTCGAGGAT-1,0,66,76,1849,3843
AGTCTTTAAAGTGTCC-1,0,67,77,1743,3783
GACTAGGCCGTTAGGT-1,0,66,78,1848,3722
TCCAAGCCTAGACACA-1,0,67,79,1743,3662
GATTGGGAAAGGTTGT-1,0,66,80,1848,3601
GATGAGGAACCTTCGG-1,0,67,81,1743,3541
TGAATACCGACGCGTA-1,0,66,82,1848,3480
AATCGTGAGCCGAGCA-1,0,67,83,1742,3419
GCGAAGAATCTGACGG-1,0,66,84,1848,3359
GAACAACTGGGATGAA-1,0,67,85,1742,3298
TCGCCGACATATTCGC-1,0,66,86,1848,3237
CGTAGAGAGTAATTAT-1,0,67,87,1742,3177
CGATAGTCGTACTGCA-1,0,66,88,1847,3116
CGCATGCCGAATGCGT-1,0,67,89,1742,3056
CTCTAGCCCTCGGAAA-1,0,66,90,1847,2995
TCCAACTCAGCTATCT-1,0,67,91,1742,2935
GTCTAGTGAGCCGCTT-1,0,66,92,1847,2874
TACCGAATAATTGTAA-1,0,67,93,1742,2813
ATATAACACGGGCGCA-1,0,66,94,1847,2753
GCATGCTAATAACGAT-1,0,67,95,1741,2692
TCCGGGCTTGACGGGA-1,0,66,96,1847,2631
ATTATTCAGAGTCACT-1,0,67,97,1741,2571
TAGCAGTATGACTAAA-1,0,66,98,1846,2510
TATGAAGAATTAAGGT-1,0,67,99,1741,2450
CAAGGCCAGTGGTGCA-1,0,66,100,1846,2389
TGCGTACGGCTAATTG-1,0,67,101,1741,2329
CAGATAATGGGCGGGT-1,0,66,102,1846,2268
GAGAACGGTTCTGACT-1,0,67,103,1741,2207
CGCTTCGGTCTAAGAC-1,0,66,104,1846,2147
AGCATTACGAGGCAAG-1,0,67,105,1740,2086
AAGTTGTGATGTTATA-1,0,66,106,1846,2025
TTGCTCATAGTACGTG-1,0,67,107,1740,1965
TACTTAAACATGTACA-1,0,66,108,1846,1904
AGTGAGTCGAATTAAC-1,0,67,109,1740,1844
TAGGCCTATATAGTCT-1,0,66,110,1845,1783
ACTCGCCGTTCGATAA-1,0,67,111,1740,1723
GGTACGTTGCGGCCGG-1,0,66,112,1845,1662
TATTGCCGGGCTTGTA-1,0,67,113,1740,1601
GGTAAACTCTGCGCTG-1,0,66,114,1845,1541
TCCCTTGTCTGAAACT-1,0,67,115,1739,1480
CATGATCGCTTTGAGA-1,0,66,116,1845,1419
GGACGGGCGACCAACC-1,0,67,117,1739,1359
GAGAGGCCTATGTGTA-1,0,66,118,1845,1298
TCGTAACTCCCAAGAC-1,0,67,119,1739,1238
CGTATCTAGAACTAAG-1,0,66,120,1844,1177
GCACCTTCCCGAAGGT-1,0,67,121,1739,1117
TACCTCTTTACCATCC-1,0,66,122,1844,1056
TGACTCTAACTGGTAA-1,0,67,123,1739,995
GAGAAACTGGATCCCA-1,0,66,124,1844,935
ATCCGGACCAGCCTGA-1,0,67,125,1738,874
TTATTTAGGTTCCTTA-1,0,66,126,1844,813
CGAATTCCCGGTTCAA-1,0,67,127,1738,753
TAGTTTGATCGGTCGC-1,0,68,0,1645,8450
AGTCGAAACGATTCAG-1,0,69,1,1539,8389
ACGTCGGGCAACTCGG-1,0,68,2,1645,8328
ACTTGCTCTATCTACC-1,0,69,3,1539,8268
ATTACGGGCTACGGTT-1,0,68,4,1644,8207
GCAAACGTAAGCGACC-1,0,69,5,1539,8147
TTCGGACTGGGCATGG-1,0,68,6,1644,8086
GGGCCATTCGTGCTGG-1,0,69,7,1539,8025
GAGTTGTCACCAGTCT-1,0,68,8,1644,7965
AGTAATTTGCAAGCGT-1,0,69,9,1539,7904
GTGGCCGGTTTCTCGG-1,0,68,10,1644,7844
ATCTTAGGGCATTAAT-1,0,69,11,1538,7783
CTACATATCGCGGGAC-1,0,68,12,1644,7722
ATGGTATTTACTGATT-1,0,69,13,1538,7662
CCGTCAACCTCTGGCG-1,0,68,14,1644,7601
GCTTCGACGTTCAATC-1,0,69,15,1538,7541
GACCGATTAAATATGT-1,0,68,16,1643,7480
GTCGAATTTGGGCGCT-1,0,69,17,1538,7419
TCACGGCCCAAGAGAG-1,0,68,18,1643,7359
CTACGATCCTATCCTA-1,0,69,19,1538,7298
TGCAGTGGTAGGGAAC-1,0,68,20,1643,7237
TTGCCTAATCCAAAGT-1,0,69,21,1537,7177
AGCGAGACGTGAAGGC-1,0,68,22,1643,7116
TTCTACCTCAATCGGT-1,0,69,23,1537,7056
TACGCTGCTGTGTTAA-1,0,68,24,1643,6995
TAGTCCTGCACTAAGC-1,0,69,25,1537,6935
AGCACACGTTTAGACT-1,0,68,26,1642,6874
GTTCGACAATTGTATA-1,0,69,27,1537,6813
CCATGTTCATCTATAT-1,0,68,28,1642,6753
CCCTCGATAATACACA-1,0,69,29,1537,6692
ACTGCCCGCCATTCTC-1,0,68,30,1642,6631
CTATATCCAGCCTGGC-1,0,69,31,1536,6571
CGCACGTCTGTTTATG-1,0,68,32,1642,6510
AATCAGGTTTCATTTA-1,0,69,33,1536,6450
AGAGAAACACCAGAAA-1,0,68,34,1642,6389
ACCCGATTGGTTCCGA-1,0,69,35,1536,6329
TACCAGGAATCCCGTC-1,1,68,36,1641,6268
AAGTGCTTCTCTATTG-1,0,69,37,1536,6207
TGCATGTGACCCATAG-1,0,68,38,1641,6147
TAGATTCAAAGTGCGG-1,0,69,39,1536,6086
AGGGTCAGAGCACTCG-1,0,68,40,1641,6025
GTGAGATAACCTTATA-1,0,69,41,1536,5965
GTGTCAGTGTACGTGG-1,1,68,42,1641,5904
CTGTAGTGAGGATCGA-1,1,69,43,1535,5844
GATAGTGCGAGTAAGT-1,1,68,44,1641,5783
AGGGTTCAGACGGTCC-1,1,69,45,1535,5723
GGACTCGACAGCGCAT-1,1,68,46,1640,5662
CACTCTCAAGCATCGA-1,0,69,47,1535,5601
GAGCGGAATGCGGTGT-1,0,68,48,1640,5541
CAGTTCGAGGACCCGA-1,0,69,49,1535,5480
CGTAACTTCGACACTT-1,1,68,50,1640,5419
TGATCACCACACTGAC-1,0,69,51,1535,5359
CATACTTCTTTCTCCG-1,1,68,52,1640,5298
CAAGTAAGTGATAGAC-1,0,69,53,1534,5238
AGCCCGCAACAAGCAG-1,1,68,54,1640,5177
GCTCCATGCAAAGCAA-1,0,69,55,1534,5117
TCGTACCGACGTCAAG-1,0,68,56,1640,5056
ATTATCGGAATGTACG-1,0,69,57,1534,4995
ACCTACTATAAATCTA-1,0,68,58,1639,4935
TATCCTATCAACTGGT-1,0,69,59,1534,4874
GCGCGGTCTAGTAACT-1,0,68,60,1639,4813
CCTTCGTATAGAATCC-1,0,69,61,1534,4753
TGGGCGATACAATAAG-1,0,68,62,1639,4692
TGACATGTAACGTGAC-1,0,69,63,1533,4632
TTGGGAAGACGAGCCG-1,0,68,64,1639,4571
GGTGTAAATCGATTGT-1,0,69,65,1533,4511
GAACTGTGGAGAGACA-1,0,68,66,1639,4450
TCCACATCGTATATTG-1,0,69,67,1533,4389
CCTATGGTCAAAGCTG-1,0,68,68,1638,4329
TCCTTGTCCTTTAATT-1,0,69,69,1533,4268
AAGTTTATGGGCCCAA-1,0,68,70,1638,4207
GTCCGGGTTCACATTA-1,0,69,71,1533,4147
ATGTAGCGCGCGTAGG-1,0,68,72,1638,4086
TACGGAAGCCAAACCA-1,0,69,73,1533,4026
GCCCTGAGGATGGGCT-1,0,68,74,1638,3965
CGGGCGATGGATCACG-1,0,69,75,1532,3905
TGCGGACTTGACTCCG-1,0,68,76,1638,3844
TAATACTAGAACAGAC-1,0,69,77,1532,3783
TCAAATTGTTGTGCCG-1,0,68,78,1637,3723
GGGCAGTCAACGCCAA-1,0,69,79,1532,3662
TCGCTGCCAATGCTGT-1,0,68,80,1637,3601
TACGTGGGCCCAGGGC-1,0,69,81,1532,3541
GCCTACGTTCTGTGCA-1,0,68,82,1637,3480
TTGCGTGTGTAGGCAT-1,0,69,83,1532,3420
TCCTAAAGATTCAGAC-1,0,68,84,1637,3359
TGGGTGCACAAGCCAT-1,0,69,85,1531,3299
GGGAGCGACCGTAGTG-1,0,68,86,1637,3238
CATAGAGGAGATACTA-1,0,69,87,1531,3177
CTTCGATTGCGCAAGC-1,0,68,88,1637,3117
GTGCCTGAGACCAAAC-1,0,69,89,1531,3056
TCATCCTCAGCTGCTT-1,0,68,90,1636,2995
TGCAACTACTGGTTGA-1,0,69,91,1531,2935
ATGTTGATTAGAGACT-1,0,68,92,1636,2874
GTTTCTAGAGGCGCGG-1,0,69,93,1531,2814
TACAAGGGCTTCTTTA-1,0,68,94,1636,2753
ACAGGCACGGATCCTT-1,0,69,95,1530,2693
CCCAAGTCATTACACT-1,0,68,96,1636,2632
ACTCTGACCTAATAGA-1,0,69,97,1530,2571
GGATGGCTTGAAGTAT-1,0,68,98,1636,2511
ACCCTCCCGTCAGGGC-1,0,69,99,1530,2450
AGCTTCTTCTCGAGCA-1,0,68,100,1635,2389
TTGCGCTTGATCAATA-1,0,69,101,1530,2329
TGGGTGTAATAGATTT-1,0,68,102,1635,2268
CATGGTTTATTAATCA-1,0,69,103,1530,2208
TTGCCTTCTCGCCGGG-1,0,68,104,1635,2147
TTAAAGTAAGTCGCCA-1,0,69,105,1529,2087
AGTTGGCAAGGCTAGA-1,0,68,106,1635,2026
CCGCACTTGCAATGAC-1,0,69,107,1529,1965
AATGTTGTCGTGAGAC-1,0,68,108,1635,1905
CCAAGGTTGCCCTTTC-1,0,69,109,1529,1844
TGTGACTAGAGTTTGC-1,0,68,110,1634,1783
TTGTGATCTGTTCAGT-1,0,69,111,1529,1723
GGAGTTGATTCTGTGT-1,0,68,112,1634,1662
GTAGTGAGCAACCTCA-1,0,69,113,1529,1602
AAGACATACGTGGTTT-1,0,68,114,1634,1541
CATCCCGAGATTCATA-1,0,69,115,1529,1481
GGCCGCAGGAACCGCA-1,0,68,116,1634,1420
CCAGAAACTGATGCGA-1,0,69,117,1528,1359
ACCCGTAGTCTAGTTG-1,0,68,118,1634,1299
AGGGTCTGGACGCAGT-1,0,69,119,1528,1238
TTGAAACCCTCATTCC-1,0,68,120,1634,1177
TCAATCCCGCGCCAAA-1,0,69,121,1528,1117
AGGACATCGGCACACT-1,0,68,122,1633,1056
GACAAGACGCCCGTGC-1,0,69,123,1528,996
GAGTAAATTAAGAACC-1,0,68,124,1633,935
TAAGTCGGTGAGCTAG-1,0,69,125,1528,874
CTTACTGACTCCTCTG-1,0,68,126,1633,814
TTAACTGATCGTTTGG-1,0,69,127,1527,753
GGGCGATCCATAGGCC-1,0,70,0,1434,8450
CGTATTGTTTGGCGCC-1,0,71,1,1328,8389
CGCGTGGGCCTGTGTT-1,0,70,2,1434,8329
AAATCTGCCCGCGTCC-1,0,71,3,1328,8268
GCTGAAGGGTTCTTGG-1,0,70,4,1434,8207
TAATTGCGCTGATTAC-1,0,71,5,1328,8147
TCGCGCGTTTACATGA-1,0,70,6,1433,8086
TAACTGAAATACGCCT-1,0,71,7,1328,8026
CCTGTCGTGTATGAAG-1,0,70,8,1433,7965
CGGGAACGCCCTGCAT-1,0,71,9,1328,7905
AGTTGCGGTCCTCAAC-1,0,70,10,1433,7844
GGGTCCTTGGAAGAAG-1,0,71,11,1327,7783
CGGGAAGTACCGTGGC-1,0,70,12,1433,7723
ACGGTCACCGAGAACA-1,0,71,13,1327,7662
TAGACTCAGTTGGCCT-1,0,70,14,1433,7601
CCTTCCGCAACGCTGC-1,0,71,15,1327,7541
CAGTGTTAATCTCTCA-1,0,70,16,1432,7480
CAGGCCAGTACCACCT-1,0,71,17,1327,7420
GATCGCTGTGGTGCGT-1,0,70,18,1432,7359
GTATCTCGGGCGCTTT-1,0,71,19,1327,7299
CCGGGCTAAGAATTTC-1,0,70,20,1432,7238
CTTCACGCCCTGGTAC-1,0,71,21,1327,7177
CGGATGAATGCTGTGA-1,0,70,22,1432,7117
CTCTGCAGGCATTCTT-1,0,71,23,1326,7056
TCAAAGTCACGGCGTC-1,0,70,24,1432,6995
TGGGTTTCGGGCGTAC-1,0,71,25,1326,6935
TGCTATGGCAAAGGGA-1,0,70,26,1431,6874
TTCACGGTCGTCACGT-1,0,71,27,1326,6814
CGTAAAGCAAGAAATC-1,0,70,28,1431,6753
CTGATCCCTTTATGCA-1,0,71,29,1326,6693
GAGTATACCCTAATCA-1,0,70,30,1431,6632
CCACGGCAGGTGTAGG-1,0,71,31,1326,6571
ACGTACTTTGGCACGG-1,0,70,32,1431,6511
CCTGAGAATAAATGCA-1,0,71,33,1325,6450
TTGATGCCGCTCGTCG-1,0,70,34,1431,6389
GCCAGGAAAGAACACT-1,0,71,35,1325,6329
TCCGACCGCTAATCAA-1,0,70,36,1431,6268
TATATCAAAGTGATCT-1,0,71,37,1325,6208
CCTCGGTTTCCTTGCC-1,0,70,38,1430,6147
TAAATTTAGTAACACC-1,0,71,39,1325,6087
CTCGTTACGGCTACCA-1,0,70,40,1430,6026
GCCGTCGGTTTCGGGC-1,0,71,41,1325,5965
GTTCCGTCCGCCTGCA-1,0,70,42,1430,5905
CTAGGGATAGGGACAA-1,0,71,43,1324,5844
GTCCAGGCACGTGTGC-1,0,70,44,1430,5783
GAGGAATATCTCTTTG-1,0,71,45,1324,5723
CGTTCAAGGAAACGGA-1,0,70,46,1430,5662
GTGGGAACAAACCGGG-1,0,71,47,1324,5602
GGGCACGTAGTACTGT-1,0,70,48,1429,5541
ACTACAAAGAGAGGTG-1,0,71,49,1324,5481
GGTGTAGGTAAGTAAA-1,0,70,50,1429,5420
CCTGTTCAACCTCGGG-1,0,71,51,1324,5359
TGAGGTGTGTGGCGGA-1,0,70,52,1429,5299
ATTGTCTGTTTCATGT-1,0,71,53,1323,5238
GCCGGTCGTATCTCTC-1,0,70,54,1429,5177
ATATGGGATAGCAACT-1,0,71,55,1323,5117
GATAGAACCCGCTAGG-1,0,70,56,1429,5056
ATCCCATTTCCGTGGG-1,0,71,57,1323,4996
GATGCTACCTTCGATG-1,0,70,58,1428,4935
TGCAAAGTTCGTCTGT-1,0,71,59,1323,4875
GTTCAGTCGCCAAATG-1,0,70,60,1428,4814
GTCTCCGCCTCAATAC-1,0,71,61,1323,4753
AGTAGAAGGCGCCTCA-1,0,70,62,1428,4693
GTTGTAGATTTATGAG-1,0,71,63,1323,4632
CTATTTGCTTGGAGGA-1,0,70,64,1428,4571
AGCCATATAGTATGTG-1,0,71,65,1322,4511
TGTTCCGGCCTGAGCT-1,0,70,66,1428,4450
TGCCGTGGGACCCAAT-1,0,71,67,1322,4390
TTGCAAGAAGACTCCT-1,0,70,68,1428,4329
CCGCTCCAGGGCGATC-1,0,71,69,1322,4269
CAAACCCTCCGGCGGG-1,0,70,70,1427,4208
CGGACCTTTACGTCCC-1,0,71,71,1322,4147
ACGTAGGAGAGTCGCT-1,0,70,72,1427,4087
CTGCGACCTCGCCGAA-1,0,71,73,1322,4026
GGCCCAGCTGGTTTGC-1,0,70,74,1427,3965
GGATTAATCATGGACC-1,0,71,75,1321,3905
GAGATGGCTTTAATCA-1,0,70,76,1427,3844
AGTACAGAAGCTTATA-1,0,71,77,1321,3784
GCGGCTTTAGCAAGTT-1,0,70,78,1427,3723
ACCGAGTCTCCTTATT-1,0,71,79,1321,3662
GACCACACTTCCCTTT-1,0,70,80,1426,3602
TGTAGCCAATTCCGTT-1,0,71,81,1321,3541
CTCGTCTGTGCCTTCG-1,0,70,82,1426,3481
GGACTCTTTGACTAAG-1,0,71,83,1321,3420
TCATCGACGACCGTCG-1,0,70,84,1426,3359
TACTACGTGCAATGCG-1,0,71,85,1320,3299
CCCTACTTGAACAATG-1,0,70,86,1426,3238
GCAGCTGTCAACGCAT-1,0,71,87,1320,3178
ATCTACCATCTGCTCC-1,0,70,88,1426,3117
TCTCAAATCAATCGGG-1,0,71,89,1320,3056
ACTCCGGCCGACCACT-1,0,70,90,1425,2996
TACACCTCTTCGAATC-1,0,71,91,1320,2935
GTGGCTGTTTCTGTTC-1,0,70,92,1425,2875
ACGACTCTAGGGCCGA-1,0,71,93,1320,2814
TCGTTTACGCGACCCT-1,0,70,94,1425,2753
AGGATATCCGACTGCA-1,0,71,95,1320,2693
GACACTTCCAATTACC-1,0,70,96,1425,2632
ACGGTACAGTTCAATG-1,0,71,97,1319,2572
CTTGATGACCATCCAG-1,0,70,98,1425,2511
CTGGTAAAGACTTACA-1,0,71,99,1319,2450
CTTGCCCACCCACGCA-1,0,70,100,1425,2390
CATTACGCAGGAAGGG-1,0,71,101,1319,2329
GGACAACCATGAAGCC-1,0,70,102,1424,2268
GTTATCAAGCTATCGA-1,0,71,103,1319,2208
AGGTGCACGTCCACAT-1,0,70,104,1424,2147
AAAGAATGTGGACTAA-1,0,71,105,1319,2087
ACCAAGTCATCGGCAG-1,0,70,106,1424,2026
AGTAACTATAGCAGCC-1,0,71,107,1318,1966
GGGAAAGAATGCCAAC-1,0,70,108,1424,1905
AATCGGTATAGCCCTC-1,0,71,109,1318,1844
GGCACTGCGGTGGTTT-1,0,70,110,1424,1784
CGTCCTCATCGCGTGC-1,0,71,111,1318,1723
CTTAACTTACAGTATA-1,0,70,112,1423,1662
GTGAGTCGACTAATAG-1,0,71,113,1318,1602
TGTACTTCCGGGCATG-1,0,70,114,1423,1541
CACAAACCGCAGAACT-1,0,71,115,1318,1481
GCTTTACACAACTGGG-1,0,70,116,1423,1420
CACCGATGATGGGTAC-1,0,71,117,1317,1360
TCAATATACAGGAGGC-1,0,70,118,1423,1299
AACGACCTCCTAGCCG-1,0,71,119,1317,1238
GTTACCAAGGCGTACG-1,0,70,120,1423,1178
TAGCTCACTGTGTTTG-1,0,71,121,1317,1117
TCGGCAGGGTTAAGGG-1,0,70,122,1422,1056
TGTTAACAAAGTGACT-1,0,71,123,1317,996
CAGAGCGATGGATGCT-1,0,70,124,1422,935
CATAGTGGGCACGCCT-1,0,71,125,1317,875
AAACGCTGGGCACGAC-1,0,70,126,1422,814
TGTTCTCATACTATAG-1,0,71,127,1317,754
TCCGCTGGGTCGATCG-1,0,72,0,1223,8450
TTAGCATCCCTCACGT-1,0,73,1,1118,8390
AGCCTTGTCACTGATA-1,0,72,2,1223,8329
GTTTCTTGTTAGAGCT-1,0,73,3,1117,8269
TCGGAGTCCTGGTTGC-1,0,72,4,1223,8208
ACGGGTTGTGACCTGT-1,0,73,5,1117,8147
TGACAGAAATCTTGCT-1,0,72,6,1222,8087
TAGCCATGATTGCCTA-1,0,73,7,1117,8026
CGAAGCCACAGCATGG-1,0,72,8,1222,7965
ACCCGTAGCAGAGAAT-1,0,73,9,1117,7905
AGCTTGATCAGGGTAG-1,0,72,10,1222,7844
CTATAAGTAGGGTTTG-1,0,73,11,1117,7784
TATAGTTAGGTGTACT-1,0,72,12,1222,7723
TACGCTGATAGTTGTA-1,0,73,13,1116,7663
TTCTCAATTGCTACAA-1,0,72,14,1222,7602
GTTGCCCTAACGGGTG-1,0,73,15,1116,7541
GACATTTCGCCCAGCC-1,0,72,16,1222,7481
GTAACTACGTAGACCT-1,0,73,17,1116,7420
CCAGTGTACAGACCGA-1,0,72,18,1221,7359
GCCCGATGCCCAGTTC-1,0,73,19,1116,7299
CGAACCTCTTTCCTAG-1,0,72,20,1221,7238
CATGCACATGAGAGGC-1,0,73,21,1116,7178
CCAAATCAAAGGGCAA-1,0,72,22,1221,7117
GTAGTTTAAGCACACG-1,0,73,23,1115,7057
TAAGTGAATAGTCTAC-1,0,72,24,1221,6996
GGTCCACGTCTATTTG-1,0,73,25,1115,6935
CCCTCAGATCGAGAAC-1,0,72,26,1221,6875
ACATTCGCGCGGAATA-1,0,73,27,1115,6814
CTATGAACACCTTGCC-1,0,72,28,1220,6753
CGAATGGTAGGTCGTC-1,0,73,29,1115,6693
TCGACATAGCGTAGCG-1,0,72,30,1220,6632
GACGTTGCTCGGCGGC-1,0,73,31,1115,6572
CTCGAGGCAAGTTTCA-1,0,72,32,1220,6511
GCTGGGAGCGCGTCAA-1,0,73,33,1114,6450
GACGATATCACTGGGT-1,0,72,34,1220,6390
CAGCTCTGGGCTCACT-1,0,73,35,1114,6329
TAGTCTGCGGCACATT-1,0,72,36,1220,6269
TGGTCGATATACCTCT-1,0,73,37,1114,6208
TTCAGTTCAAGAGGAG-1,0,72,38,1219,6147
GTCTGTAGGTTGAACA-1,0,73,39,1114,6087
GAGAGTCTCGGGAGAG-1,0,72,40,1219,6026
TTGTTTGTATTACACG-1,0,73,41,1114,5966
GCACAGCACGGGCCGA-1,0,72,42,1219,5905
AAACAGTGTTCCTGGG-1,0,73,43,1114,5844
TGGAGAATAATCGTCC-1,0,72,44,1219,5784
CGCCGCGTTCTGAACG-1,0,73,45,1113,5723
CATGCGTTGAGAGGAG-1,0,72,46,1219,5663
TACGCTCCTAGAACTG-1,0,73,47,1113,5602
CCTTGTGAACGTGGTT-1,0,72,48,1219,5541
TTAAAGGCGATGCTCG-1,0,73,49,1113,5481
TAAAGTGCACGTCTCG-1,0,72,50,1218,5420
TGTCCGCAAACAATTC-1,0,73,51,1113,5360
AGGCCTATCATACCAA-1,0,72,52,1218,5299
ACTGGGATGCCAGTGC-1,0,73,53,1113,5238
CGATCCACCATTGTTG-1,0,72,54,1218,5178
GGGCATGCATGTCGAG-1,0,73,55,1112,5117
TCCAGGCAGGACGATC-1,0,72,56,1218,5056
CAATGACCCTTAATTT-1,0,73,57,1112,4996
ATCAAGATCCCAGGAC-1,0,72,58,1218,4935
CTCAGAGCTAATGTCG-1,0,73,59,1112,4875
CTGCGATTTCGAGATT-1,0,72,60,1217,4814
ATGGTATTGGGAACCG-1,0,73,61,1112,4754
TAGGTTCTGCTGAGAA-1,0,72,62,1217,4693
GCCTGTCCCGGTGCAT-1,0,73,63,1112,4632
GGCCTGCTCTGATGTT-1,0,72,64,1217,4572
TAGAGGGAGTTTATCT-1,0,73,65,1111,4511
CTCTACATCCTGCGTG-1,0,72,66,1217,4450
ACACATTTCCGTAGAC-1,0,73,67,1111,4390
TGGGTGTTAAGTAGAA-1,0,72,68,1217,4329
GAGCTCAACATGAGCG-1,0,73,69,1111,4269
GCACACAGCTATTACC-1,0,72,70,1216,4208
GCGACGGTAGTCTCCT-1,0,73,71,1111,4148
GTATCAAGGTACTTCC-1,0,72,72,1216,4087
GGAAAGGGAATTGAGC-1,0,73,73,1111,4026
TACACAGCCGTGGTGC-1,0,72,74,1216,3966
CGGTTGGGCAGGGTCC-1,0,73,75,1111,3905
GCACGCCGATTCCCGC-1,0,72,76,1216,3844
CGCTTTCCGCCAAGGT-1,0,73,77,1110,3784
TGCCCGATAGTTAGAA-1,0,72,78,1216,3723
TCAGAACGGCGGTAAT-1,0,73,79,1110,3663
CCACTCAGATCCGCAA-1,0,72,80,1216,3602
GAAGGGTCATTAAGAC-1,0,73,81,1110,3542
GCGGTCTTGCTTTCAC-1,0,72,82,1215,3481
GGAAGGACACCGTATA-1,0,73,83,1110,3420
CGCGGGAATTCCTTTC-1,0,72,84,1215,3360
TCTATCCGATTGCACA-1,0,73,85,1110,3299
TACTCGTTTGAATCAA-1,0,72,86,1215,3238
GTCTGCCGACTCGACG-1,0,73,87,1109,3178
TACGGGTAATAACATA-1,0,72,88,1215,3117
CCAGTTCGGTAACTCA-1,0,73,89,1109,3057
CGTGCACACCACTGTA-1,0,72,90,1215,2996
CTTCAGTTGGACAACG-1,0,73,91,1109,2936
TGATCTATCACACTCT-1,0,72,92,1214,2875
TAGCAGATACTTAGGG-1,0,73,93,1109,2814
CACCGGGCATCACAAG-1,0,72,94,1214,2754
AGTGGCCCGCAAATGG-1,0,73,95,1109,2693
CTCGCTAGGTAAGCGA-1,0,72,96,1214,2632
GATAGATAGTACAGTC-1,0,73,97,1108,2572
CGAGACTACTGCTGCT-1,0,72,98,1214,2511
ACATTTGAAACCTAAC-1,0,73,99,1108,2451
GACACAGCCGGGACTG-1,0,72,100,1214,2390
ACGGAACACGAGTGCC-1,0,73,101,1108,2330
ACGCCAGTGCGTTTGC-1,0,72,102,1213,2269
GCACCTAGGCGAGTCC-1,0,73,103,1108,2208
TCACTATCCCTTCGGT-1,0,72,104,1213,2148
TGAGTGTAACAACGGG-1,0,73,105,1108,2087
ATTGGTTGTGCATTAC-1,0,72,106,1213,2026
CTGGCGATTTACATGT-1,0,73,107,1108,1966
TCCACCAAGACATAGG-1,0,72,108,1213,1905
AACGTCGCTGCACTTC-1,0,73,109,1107,1845
GTCTCCCGAGTCCCGT-1,0,72,110,1213,1784
AGCCCGCACTACAATG-1,0,73,111,1107,1724
GGCACGCTGCTACAGT-1,0,72,112,1212,1663
GCTTGAGTGACCTCTG-1,0,73,113,1107,1602
ATAGCCATAACAGTCA-1,0,72,114,1212,1542
TAGGAGGCTCGAGAAC-1,0,73,115,1107,1481
GTCGGGTGAAGTACCG-1,0,72,116,1212,1420
CACCCGCGTTTGACAC-1,0,73,117,1107,1360
TCTCAGGCTACTCGCT-1,0,72,118,1212,1299
TAGATTCTCTAGCAAA-1,0,73,119,1106,1239
CCCATTATTGTATCCT-1,0,72,120,1212,1178
GTTAATAGCGTCATTA-1,0,73,121,1106,1118
TACTCATTGACGCATC-1,0,72,122,1212,1057
TAGTGACAAGCTCTAC-1,0,73,123,1106,996
ATCGCCGTGGTTCATG-1,0,72,124,1211,936
CTGCTCTCAACACACC-1,0,73,125,1106,875
GCATGACACAAAGGAA-1,0,72,126,1211,814
CAACGATCGATCCAAT-1,0,73,127,1106,754
ATACAGCGTCCACTGA-1,0,74,0,1012,8451
TCACGATTAATACGTT-1,0,75,1,907,8390
CGTGAACTGACCCGAT-1,0,74,2,1012,8329
TCGATGTTACGGCCGT-1,0,75,3,906,8269
GACCGGTGATACTCTC-1,0,74,4,1012,8208
TCTGTTTAGATTGTTC-1,0,75,5,906,8148
GCTACTCGGACGCAGA-1,0,74,6,1012,8087
AAGAAAGTTTGATGGG-1,0,75,7,906,8026
CGCCAGTAGTACCTTG-1,0,74,8,1011,7966
CTCCCTTGTATCAAGG-1,0,75,9,906,7905
ACTTTATACACCACTT-1,0,74,10,1011,7844
AGATCTGGAGAGGATA-1,0,75,11,906,7784
TCATCCATCTGATCAC-1,0,74,12,1011,7723
AGAACACGGCGATGGT-1,0,75,13,905,7663
CCGCTCCGGATAAGCT-1,0,74,14,1011,7602
TGGTCGGGTACAGGGC-1,0,75,15,905,7542
ACGGACGCAGCGACAA-1,0,74,16,1011,7481
ACATGCTTACGGCAGC-1,0,75,17,905,7420
CAGGGAGATAGGCCAG-1,0,74,18,1010,7360
TCGCCACCCGGATTAC-1,0,75,19,905,7299
TCTTGGTCAATGATAC-1,0,74,20,1010,7238
CATAGGGACACTTGTG-1,0,75,21,905,7178
CACGAGCAAACCAGAC-1,0,74,22,1010,7117
GGGATATTGATCGCCA-1,0,75,23,905,7057
TAATGTCGGTTCATGG-1,0,74,24,1010,6996
CGATTTGTCATTAATG-1,0,75,25,904,6936
TTAAGATACCCAGAGA-1,0,74,26,1010,6875
CGACCGTTGGTATTCG-1,0,75,27,904,6814
ACTACCATCCGAGGGC-1,0,74,28,1010,6754
TCTACGCACGATCTCC-1,0,75,29,904,6693
AAGCCACTTGCAGGTA-1,0,74,30,1009,6632
ACGTTGTCGTTGAAAG-1,0,75,31,904,6572
ACCGCTAGTCATTGGT-1,0,74,32,1009,6511
CATGAGTCCATCACGG-1,0,75,33,904,6451
ATGTCTTGTTTGACTC-1,0,74,34,1009,6390
TCCCAAACATCCTCTA-1,0,75,35,903,6330
CAACGCGATGAGCCAA-1,0,74,36,1009,6269
GACACCCAAAGACGCG-1,0,75,37,903,6208
ACGTTCACTATGCCGC-1,0,74,38,1009,6148
ATGGACTGCTTAGTTG-1,0,75,39,903,6087
CCATGGCAAACGCTCA-1,0,74,40,1008,6026
TTGTCTCGGCAAGATG-1,0,75,41,903,5966
TTCGAACGAAACATGC-1,0,74,42,1008,5905
GGAAAGTCTTGATTGT-1,0,75,43,903,5845
ATCATAGATCGACGAG-1,0,74,44,1008,5784
GATTAGAAACAAGCGT-1,0,75,45,902,5724
GCTGCGAAGAATTATT-1,0,74,46,1008,5663
TTCCAGTGGGTTTCGT-1,0,75,47,902,5602
GCTCATTGATCATATC-1,0,74,48,1008,5542
ATACGAGGTTTGTAAG-1,0,75,49,902,5481
GTCTATACACGCATGG-1,0,74,50,1007,5420
GATTTGCGCTAACACC-1,0,75,51,902,5360
TGGTGCCCTGCCTTAC-1,0,74,52,1007,5299
TCGAATCGCAGGGTAG-1,0,75,53,902,5239
GGTAGGCCAATATCAC-1,0,74,54,1007,5178
CGTAAATAACAAAGGG-1,0,75,55,902,5118
GACTCTAGAGTTCCAA-1,0,74,56,1007,5057
ACTTGTTACCGGATCA-1,0,75,57,901,4996
GGCATTGAACATCTCA-1,0,74,58,1007,4936
AACCCGCTGTATTCCA-1,0,75,59,901,4875
TAACAGGTTCCCTTAG-1,0,74,60,1006,4814
GTTCTTGTAACTCAAT-1,0,75,61,901,4754
GATTCTGTTAATGAGT-1,0,74,62,1006,4693
GGACACCTCGGTGTTG-1,0,75,63,901,4633
CGATCGAGAAGCACCA-1,0,74,64,1006,4572
CTGCTCTGACGGCAAA-1,0,75,65,901,4512
CCCAGGAAGAATTCGA-1,0,74,66,1006,4451
TGTCGTGGGTATAGGC-1,0,75,67,900,4390
ATATGTCTAGAGCGTG-1,0,74,68,1006,4330
GCGGGCAGACGGGTGA-1,0,75,69,900,4269
CGAAGATCAGTTTCAT-1,0,74,70,1006,4208
ACGCCACTCGAAACAG-1,0,75,71,900,4148
CTTAGATGTTTCATCC-1,0,74,72,1005,4087
GCGAATGGACTAGCGA-1,0,75,73,900,4027
TAAATTGTGGGTAAAG-1,0,74,74,1005,3966
ATTTATACTGGTAAAG-1,0,75,75,900,3906
GCGTCGTAACATGGTC-1,0,74,76,1005,3845
CGGTATGGGCACTCTG-1,0,75,77,899,3784
CTATCACAACGCTGGA-1,0,74,78,1005,3724
ACCACACGGTTGATGG-1,0,75,79,899,3663
TCAGCGCACGCCGTTT-1,0,74,80,1005,3602
AATGTTAAGACCCTGA-1,0,75,81,899,3542
CTTACATAGATTTCTT-1,0,74,82,1004,3481
AACATAGCGTGTATCG-1,0,75,83,899,3421
AGCAGTCGAAGCATGC-1,0,74,84,1004,3360
GTACTACGGCCTCGTT-1,0,75,85,899,3300
TTGGCCAAATTGTATC-1,0,74,86,1004,3239
TCAGAGGACGCGTTAG-1,0,75,87,899,3178
AGTAATCTAAGGGTGG-1,0,74,88,1004,3118
AATTATACCCAGCAAG-1,0,75,89,898,3057
CCCTACCCACACCCAG-1,0,74,90,1004,2996
CTCTGTCCATGCACCA-1,0,75,91,898,2936
TCGCCTCCTTCGGCTC-1,0,74,92,1003,2875
CCTGATTCGCGAAGAA-1,0,75,93,898,2815
GACTTCAACGCATCAA-1,0,74,94,1003,2754
GCTTCCCGTAAGCTCC-1,0,75,95,898,2694
AGAACTGTACTTTGTA-1,0,74,96,1003,2633
CCTTAAGTACGCAATT-1,0,75,97,898,2572
GGCCAATTGTATAGAC-1,0,74,98,1003,2512
AGAATACAGGCTATCC-1,0,75,99,897,2451
AATACCTGATGTGAAC-1,0,74,100,1003,2390
TAGAGTGTTCCGGGTA-1,0,75,101,897,2330
GCTTCCATGTAACCGC-1,0,74,102,1003,2269
GGTTCGCATTTGCCGT-1,0,75,103,897,2209
TCAATCCGGGAAGTTT-1,0,74,104,1002,2148
CCGGAAGTGCAATATG-1,0,75,105,897,2088
CTCATAAATGTGTATA-1,0,74,106,1002,2027
GACGGGCATCGAATTT-1,0,75,107,897,1966
GCTAAGCCCAGTATGC-1,0,74,108,1002,1906
GCTATAAGGGCCAGGA-1,0,75,109,896,1845
GCGGATTACTTGTTCT-1,0,74,110,1002,1784
TACAACAGCGCATACA-1,0,75,111,896,1724
TCTAACCTAGCCTGCG-1,0,74,112,1002,1663
TCTACCCGCATCATTT-1,0,75,113,896,1603
GTCTTACCACGCCAAG-1,0,74,114,1001,1542
AATAACGTCGCGCCCA-1,0,75,115,896,1481
CGTTTCGGTTATATGC-1,0,74,116,1001,1421
TACGCTGCACGGTCGT-1,0,75,117,896,1360
CGTTAAATACGACCAG-1,0,74,118,1001,1300
TCGACTGACGATGGCT-1,0,75,119,895,1239
ACGCTACTGAATGGGC-1,0,74,120,1001,1178
AAGGGTTAGCCATGCG-1,0,75,121,895,1118
ACGTTTCGGTGCACTT-1,0,74,122,1001,1057
TTAACCCGAGGCGTGT-1,0,75,123,895,997
GCCCGTCAAGCCCAAT-1,0,74,124,1000,936
ATTCGTCCCGAGGTTA-1,0,75,125,895,875
TCAAATTATGTTCGAC-1,0,74,126,1000,815
AACGTTCTACCATTGT-1,0,75,127,895,754
CTGTCCTGCGCACTAC-1,0,76,0,801,8451
GCCCAGCGACACAAAG-1,0,77,1,696,8390
TATAGCTATTATCTCT-1,0,76,2,801,8330
AAGCTATGGATTGACC-1,0,77,3,696,8269
CCGAAACACGACCTCT-1,0,76,4,801,8208
ATCAGAAGCTGGTTGC-1,0,77,5,695,8148
TGAACCTGAATGTGAG-1,0,76,6,801,8087
TCAGAGCATGTCAACG-1,0,77,7,695,8027
ATACCCTCCCGGCCAA-1,0,76,8,801,7966
GCCACCTTATTCGCGA-1,0,77,9,695,7906
CAACGAGCTTATTATG-1,0,76,10,800,7845
GATCCAACCTTTAAAC-1,0,77,11,695,7784
TTGTGGAGACAGCCGG-1,0,76,12,800,7724
AGATAATCACACCTAT-1,0,77,13,695,7663
GGTTAGGGATGCTAAT-1,0,76,14,800,7602
TCATGAAGCGCTGCAT-1,0,77,15,694,7542
CCAGGCGAGATGGTCT-1,0,76,16,800,7481
CGACTTGCCGGGAAAT-1,0,77,17,694,7421
GTGCCAAACGTTTCGA-1,0,76,18,800,7360
TGCTCAAAGGATGCAC-1,0,77,19,694,7300
GCCTCAGGTACCGGTC-1,0,76,20,799,7239
ACAAGTAATTGTAAGG-1,0,77,21,694,7178
TTAGAGTATTGTCGAG-1,0,76,22,799,7118
GTCATCCCAAACTCAC-1,0,77,23,694,7057
CTCCTAGTAATCGTGA-1,0,76,24,799,6996
CCCTCATCACAGAGTA-1,0,77,25,693,6936
GGAAACAGAGCTTGGG-1,0,76,26,799,6875
ACATCGCAATATTCGG-1,0,77,27,693,6815
TTAGCCATAGGGCTCG-1,0,76,28,799,6754
CGGATTCTGCCTTATG-1,0,77,29,693,6694
TTGTTGGCAATGACTG-1,0,76,30,798,6633
GGATCTACCGTTCGTC-1,0,77,31,693,6572
GGTGGGATTAGGTCCC-1,0,76,32,798,6512
AATAGGCACGACCCTT-1,0,77,33,693,6451
GAGGTCCGTTCGCTGT-1,0,76,34,798,6390
TGACAACTTAAAGGTG-1,0,77,35,693,6330
AGCTAAGCTCCGTCCG-1,0,76,36,798,6269
CTAGCCCGGGAGACGA-1,0,77,37,692,6209
CCCAGATTCCCGTGAC-1,0,76,38,798,6148
GCCCGTTCACACAATT-1,0,77,39,692,6088
ACAAACTCCATCAGAG-1,0,76,40,797,6027
GGTTCCGTACGACTAA-1,0,77,41,692,5966
TTGCGGAAAGCTGCCC-1,0,76,42,797,5906
GGAACTCGTGAATACG-1,0,77,43,692,5845
GGTTACCGCTCCCTAC-1,0,76,44,797,5784
AGCGACTTTGAAGACA-1,0,77,45,692,5724
CCGTTTCCTTTCCGTG-1,0,76,46,797,5663
TGGATGGCATCTTGGA-1,0,77,47,691,5603
CAAGTCGTTGAAATCT-1,0,76,48,797,5542
TGCAAACGTACTAGTT-1,0,77,49,691,5482
GGCTGTCCTACTGCGG-1,0,76,50,797,5421
TACTGCATGATTAAAT-1,0,77,51,691,5360
CGGACCTCTGTAGTTA-1,0,76,52,796,5300
CCCTAGCTCTAAGGTC-1,0,77,53,691,5239
GTAACAGGTTAACGGC-1,0,76,54,796,5178
CCCGCAAATAATCATC-1,0,77,55,691,5118
AATCCCGCTCAGAGCC-1,0,76,56,796,5057
AACGTCATCCGGCTTG-1,0,77,57,690,4997
CTCGTGGCACTGAAAG-1,0,76,58,796,4936
CTTTATCCGACGCATG-1,0,77,59,690,4876
AAATGACTGATCAAAC-1,0,76,60,796,4815
TTCGTGCATGTTATAG-1,0,77,61,690,4754
ATCAAAGAGCCGTGGT-1,0,76,62,795,4694
ATGTCATAATAAACGA-1,0,77,63,690,4633
CTTAATCGACTTAGTA-1,0,76,64,795,4572
CTAAAGGATGAGATAC-1,0,77,65,690,4512
GTGCTATCCAGCTGGA-1,0,76,66,795,4451
GACAGAGGTCTTCAGT-1,0,77,67,689,4391
TCGATTTACGAAACGA-1,0,76,68,795,4330
AGGCTTAAGTTGCACA-1,0,77,69,689,4269
TAGGATCTTAACCGCA-1,0,76,70,795,4209
GACTTTCGAGCGGTTC-1,0,77,71,689,4148
CCCTGGGAGGGATCCT-1,0,76,72,794,4088
TAGTAGTTGCCGGACA-1,0,77,73,689,4027
GCCCTAAGTGCAGGAT-1,0,76,74,794,3966
ACTTGGGCTTTCGCCA-1,0,77,75,689,3906
CATGATACGGTGAAAC-1,0,76,76,794,3845
TCCTGCAGCCGCCAAT-1,0,77,77,689,3785
GTCCGTTAGAGGGCCT-1,0,76,78,794,3724
GCTTTATTAAGTTACC-1,0,77,79,688,3663
AATCGAGGTCTCAAGG-1,0,76,80,794,3603
GTGCTGTTAGAACATA-1,0,77,81,688,3542
GGCTTCTCGTGGGTGG-1,0,76,82,794,3482
CCTACAGTTGAGGGAG-1,0,77,83,688,3421
TATCCCTCGATCTGCA-1,0,76,84,793,3360
CCGGTATCTGGCGACT-1,0,77,85,688,3300
CTCTAACACCGGCAGC-1,0,76,86,793,3239
CTTCATCACCAGGGCT-1,0,77,87,688,3179
GGCTGGCAATCCCACG-1,0,76,88,793,3118
CAAACCATAAGCGTAT-1,0,77,89,687,3057
CATGTGGGCTCATCAC-1,0,76,90,793,2997
CCCGTGACAGTGCCTT-1,0,77,91,687,2936
GATTATCTTGCATTAT-1,0,76,92,793,2875
GAGTCCACCAGGTTTA-1,0,77,93,687,2815
TGTACTATCGCTCGTT-1,0,76,94,792,2754
TTAGCGAATAGATAGG-1,0,77,95,687,2694
ACATACAATCAAGCGG-1,0,76,96,792,2633
ATTCGTGTACCCATTC-1,0,77,97,687,2573
GCTAGCAACGCACCTA-1,0,76,98,792,2512
ACCTCAGCGAGGCGCA-1,0,77,99,686,2451
TCCGGGCCACTAACGG-1,0,76,100,792,2391
TCCCAATATCGACGAC-1,0,77,101,686,2330
GGATTGAAGTAGCCTC-1,0,76,102,792,2269
GGCGCACAGTTTACCT-1,0,77,103,686,2209
CCCGGCACGTGTCAGG-1,0,76,104,791,2148
AGTAAGGGACAGAATC-1,0,77,105,686,2088
TTGCGCACAACCACGT-1,0,76,106,791,2027
CCTGCTACAACCATAC-1,0,77,107,686,1967
CTGGGCTACTGGAGAG-1,0,76,108,791,1906
AGCTACGAATGGTGGT-1,0,77,109,686,1845
ATTCGTTTATCGTATT-1,0,76,110,791,1785
GGCATTCCCTCCCTCG-1,0,77,111,685,1724
AGTTATTCAGACTGTG-1,0,76,112,791,1663
CCACTTTCCTTCTAGG-1,0,77,113,685,1603
CGCAGTTCTATCTTTC-1,0,76,114,791,1542
AGGAGCGTTTATTATC-1,0,77,115,685,1482
GACAGGTAATCCGTGT-1,0,76,116,790,1421
TTCCCAAAGTACTGAT-1,0,77,117,685,1361
CTGCAGGGTGACGCTC-1,0,76,118,790,1300
TCATGGAGGCCTTTGT-1,0,77,119,685,1239
ATGGCCCGAAAGGTTA-1,0,76,120,790,1179
CGTAATATGGCCCTTG-1,0,77,121,684,1118
AGAGTCTTAATGAAAG-1,0,76,122,790,1057
GAACGTTTGTATCCAC-1,0,77,123,684,997
ATTGAATTCCCTGTAG-1,0,76,124,790,936
TACCTCACCAATTGTA-1,0,77,125,684,876
AGTCGAATTAGCGTAA-1,0,76,126,789,815
TTGAAGTGCATCTACA-1,0,77,127,684,755
