barcode,in_tissue,array_row,array_col,pxl_row_in_fullres,pxl_col_in_fullres
ACGCCTGACACGCGCT-1,0,0,0,9131,8699
TACCGATCCAACACTT-1,0,1,1,9025,8639
ATTAAAGCGGACGAGC-1,0,0,2,9131,8578
GATAAGGGACGATTAG-1,0,1,3,9025,8518
GTGCAAATCACCAATA-1,0,0,4,9130,8457
TGTTGGCTGGCGGAAG-1,0,1,5,9025,8396
GCATCCTCTCCTATTA-1,0,0,6,9130,8335
GCGAGGGACTGCTAGA-1,0,1,7,9024,8275
TGGTACCGGCACAGCC-1,0,0,8,9130,8214
GCGCGTTTAAATCGTA-1,0,1,9,9024,8154
TGCCTTGCCCTTACGG-1,0,0,10,9129,8093
GACGACTTTCCAAGAA-1,0,1,11,9024,8032
CCAGTGAGCTCCTTGT-1,0,0,12,9129,7972
ATACCCTGGCTCAAAT-1,0,1,13,9023,7911
GGGTTTCCGGCTTCCA-1,0,0,14,9129,7850
TAACCGTCCAGTTCAT-1,0,1,15,9023,7790
AAACAACGAATAGTTC-1,0,0,16,9129,7729
CAAGGGAGTGTATTTG-1,0,1,17,9023,7669
CCAAGCTTGATCTCCT-1,0,0,18,9128,7608
TTATTTCATCCCAAAC-1,0,1,19,9023,7547
GAGCGCTATGTCAGGC-1,0,0,20,9128,7486
TATGGCAGACTTTCGA-1,0,1,21,9022,7426
CTTCGTGCCCGCATCG-1,0,0,22,9128,7365
AAACGGGTTGGTATCC-1,0,1,23,9022,7305
TGCAAACCCACATCAA-1,0,0,24,9127,7244
GACGGGATGTCTTATG-1,0,1,25,9022,7183
GGCGAGCATCGAGGAC-1,0,0,26,9127,7123
CGCGTGCTATCAACGA-1,0,1,27,9022,7062
TGAAACCTCAACTCAC-1,0,0,28,9127,7001
CACATAAGGCGACCGT-1,0,1,29,9021,6941
TGACCCAACTCACATT-1,0,0,30,9127,6880
ATACGCCGATCTACCG-1,0,1,31,9021,6820
ACTTATCTGATCTATA-1,0,0,32,9126,6759
GTGTGAGCCGAGGTGC-1,0,1,33,9021,6698
GATGATTTGAAACTGG-1,0,0,34,9126,6637
GGGAACCACCTGTTTC-1,0,1,35,9020,6577
GTTCGTTGCGGACCAG-1,0,0,36,9126,6516
TGAGGTTGATCCCAAG-1,0,1,37,9020,6456
GATGCCACACTACAGC-1,0,0,38,9126,6395
AGGCAAAGAGGAATCA-1,0,1,39,9020,6335
AAGTAAGCTTCCAAAC-1,0,0,40,9125,6274
AACGTAGTCTACCCAT-1,0,1,41,9020,6213
GTTTGAGCGGTTATGT-1,0,0,42,9125,6152
GAAGCAAGGCAATGTT-1,0,1,43,9019,6092
TCACTCAGCGCATTAG-1,0,0,44,9125,6031
TACAATGAAACCAGCA-1,0,1,45,9019,5971
GTGCGCTTACAAATGA-1,0,0,46,9124,5910
GCACTCCCACAGTCCC-1,0,1,47,9019,5849
CGAAGACTGCCCGGGA-1,0,0,48,9124,5789
CAGGATCCGCCCGACC-1,0,1,49,9018,5728
CACGATTGGTCGTTAA-1,0,0,50,9124,5667
GGTTGTATCGTGAAAT-1,0,1,51,9018,5607
TCTTATGGGTAGTACC-1,0,0,52,9124,5546
TACAAGCTGTTCACTG-1,0,1,53,9018,5486
GTATCTTGTTGCTCAC-1,0,0,54,9123,5425
ATACCAGGTGAGCGAT-1,1,1,55,9018,5364
CCTAAACAGGGTCCGT-1,0,0,56,9123,5303
ATGGTGCTCAAAGCCA-1,1,1,57,9017,5243
CAAATGCGGAGTGTTC-1,1,0,58,9123,5182
CGTGCCCGACATTTGT-1,1,1,59,9017,5122
GTATCTCCCTAACTGT-1,1,0,60,9122,5061
ATTTGCCTAGTTACGA-1,1,1,61,9017,5000
ACGTCCTAAACGAGAT-1,0,0,62,9122,4940
CTGGGATCGCCCAGAT-1,1,1,63,9017,4879
CTGCAAATGGGCTCCA-1,0,0,64,9122,4818
CATTATAACAGGGTCC-1,0,1,65,9016,4758
ACCTTTCCTTTAGAAG-1,0,0,66,9122,4697
ATAGATTTGCAGTCGG-1,0,1,67,9016,4637
CTCGGGCATCGTCGGG-1,0,0,68,9121,4576
GTGGCGGGCCGTAGCT-1,0,1,69,9016,4515
CAACAGTGCCAAACGG-1,0,0,70,9121,4454
TGCGGGTATTGGGATC-1,0,1,71,9015,4394
GTCTCGCCAACACGCC-1,0,0,72,9121,4333
CTGGGCGGCCAAATGT-1,0,1,73,9015,4273
TAAAGGAGAAACTAGT-1,0,0,74,9121,4212
TCCCACGGAGGGAGCT-1,0,1,75,9015,4151
AGCTTCAATACTTTGA-1,0,0,76,9120,4091
TTCCACATTTCTCGTC-1,0,1,77,9015,4030
ACAAACCGACAAGGCG-1,0,0,78,9120,3969
AGACGGGATTGGTATA-1,0,1,79,9014,3909
AACCTAAAGCCGTCCG-1,0,0,80,9120,3848
TACAAATTGCGGAGGT-1,0,1,81,9014,3788
CCCGCTAGAGGGTTAA-1,0,0,82,9119,3727
CATTGCAAAGCATAAT-1,0,1,83,9014,3666
TGTACGCTATCAGCTT-1,0,0,84,9119,3605
TTCTTCGCAATAGAGC-1,0,1,85,9013,3545
TGTGATTCCAGCGCTT-1,0,0,86,9119,3484
ATTCAGGATCGCCTCT-1,0,1,87,9013,3424
GCCCATGGGTGCAATG-1,0,0,88,9119,3363
TTCCCGACGCTTCACT-1,0,1,89,9013,3303
AGCGGTTGAGATGTAC-1,0,0,90,9118,3242
GCTGTCTGTGATCGAC-1,0,1,91,9013,3181
AAAGACATGAAGTTTA-1,0,0,92,9118,3120
CAACAGAATAACGCTA-1,0,1,93,9012,3060
TGCGGTCTACGAGTAA-1,0,0,94,9118,2999
AAGACTCACGCCCACT-1,0,1,95,9012,2939
CTTTGAAACATATTCC-1,0,0,96,9117,2878
CTGGGCACTAGTCGGA-1,0,1,97,9012,2817
CGCCCTTACATCCACC-1,0,0,98,9117,2757
CACGACCACAGACTTT-1,0,1,99,9012,2696
CAATCCATTATCCGTT-1,0,0,100,9117,2635
GTGGCGTGCACCAGAG-1,0,1,101,9011,2575
CGGAGTCCTAACCTGG-1,0,0,102,9117,2514
GGTCCCATAACATAGA-1,0,1,103,9011,2454
ATCTCATAAACCTACC-1,0,0,104,9116,2393
TGCATGGCAGTCTTGC-1,0,1,105,9011,2332
TTGCAGGTCATGAAGT-1,0,0,106,9116,2271
AGCTGCATTTGAGGTG-1,0,1,107,9010,2211
TAATCAGGAATGCTGC-1,0,0,108,9116,2150
CCATCATAAGAACAGG-1,0,1,109,9010,2090
TCGTATCACCAAGCTA-1,0,0,110,9116,2029
ATTCAGATGAATCCCT-1,0,1,111,9010,1968
AAAGGTCAACGACATG-1,0,0,112,9115,1908
AGCTGCTGTGCCGAAT-1,0,1,113,9010,1847
CTAGCGCCAATCCTAC-1,0,0,114,9115,1786
GCTCGACCGAACTGAA-1,0,1,115,9009,1726
ACAGTGCAGCGCATTT-1,0,0,116,9115,1665
CGGCTGAAGGTTACGC-1,0,1,117,9009,1605
CACCTCTACGAGTGTG-1,0,0,118,9114,1544
ATACGACAGATGGGTA-1,0,1,119,9009,1483
ACTTCCTGTCGTGCGA-1,0,0,120,9114,1422
CGTAACGGAACGATCA-1,0,1,121,9008,1362
AAATCACTCCTAAACG-1,0,0,122,9114,1301
CTCCGAGTAAATCCGC-1,0,1,123,9008,1241
ACGCTAGTATCAGTGC-1,0,0,124,9114,1180
AGAGTGAACAGACACC-1,0,1,125,9008,1119
ACACCCGTAAATCTGT-1,0,0,126,9113,1059
GCTTTGCTGCCGGGTA-1,0,1,127,9008,998
ACAGGAGGCGCAGCCG-1,0,2,0,8920,8700
AGGCAATACGGAGGAC-1,0,3,1,8814,8639
TGGTGTGACAGACGAT-1,0,2,2,8919,8578
ATCTATCGATGATCAA-1,0,3,3,8814,8518
CGGTAACAAGATACAT-1,0,2,4,8919,8457
TCGCCGGAGAGTCTTA-1,0,3,5,8814,8397
GGAGGAGTGTGTTTAT-1,0,2,6,8919,8336
TTAGGTGTGACTGGTC-1,0,3,7,8813,8275
CAGGGCTAACGAAACC-1,0,2,8,8919,8215
CCCGTGGGTTAATTGA-1,0,3,9,8813,8154
GACCGACCGCTAATAT-1,0,2,10,8918,8093
GGTATCAAGCATAGAA-1,0,3,11,8813,8033
TGCATGAGTAGATTCG-1,0,2,12,8918,7972
AATTCCAACTTGGTGA-1,0,3,13,8812,7912
TGCCGATGTCATCAAT-1,0,2,14,8918,7851
GCTGGGTCCGCTGTTA-1,0,3,15,8812,7790
TGAACACCCGAAGCAG-1,0,2,16,8918,7729
AACATTGGTCAGCCGT-1,0,3,17,8812,7669
GTGGGTCTTCTTTGCG-1,0,2,18,8917,7608
CATCGAATGGATCTCT-1,0,3,19,8812,7548
GCTACACTGTCCGAAC-1,0,2,20,8917,7487
CGGGTTGTAGCTTTGG-1,0,3,21,8811,7427
CCTAAGTGTCTAACCG-1,0,2,22,8917,7366
TCTGTGACTGACCGTT-1,0,3,23,8811,7305
TTATCATACTCGCAAA-1,0,2,24,8916,7244
AGCGTAGCGCTAGACC-1,0,3,25,8811,7184
TCCCTCCGAAATCGTT-1,0,2,26,8916,7123
AGGTCGCCACTTCGGT-1,0,3,27,8811,7063
CTAGCAACTAATTTAC-1,0,2,28,8916,7002
TTGCTAGCTACCAATC-1,0,3,29,8810,6941
GCCGGTTTGGGCGGAT-1,0,2,30,8916,6881
TGTAACTTGTCAACCT-1,0,3,31,8810,6820
CGAGATGTTGCCTATA-1,0,2,32,8915,6759
GTTACGAAATCCACGC-1,0,3,33,8810,6699
CTTGTCGTACGTGTCA-1,0,2,34,8915,6638
GCGTCCAGCTCGTGGC-1,0,3,35,8809,6578
CCCTTCTCGTACGCGA-1,0,2,36,8915,6517
CCAAAGTCCCGCTAAC-1,0,3,37,8809,6456
CCGCTTCGCGGTTAAC-1,0,2,38,8914,6395
GTTACGGCCCGACTGC-1,0,3,39,8809,6335
CCCGCTTGCCCTCGTC-1,0,2,40,8914,6274
TAGTGAGAAGTGGTTG-1,0,3,41,8809,6214
CGCTACCGCCCTATGA-1,0,2,42,8914,6153
AAACAATCTACTAGCA-1,0,3,43,8808,6092
GCGCGATGGGTCAAGT-1,0,2,44,8914,6032
ATAAACCATTGGACGG-1,0,3,45,8808,5971
TCGGGCACTTCTGGAT-1,0,2,46,8913,5910
TCTGTGGCTACATTTC-1,0,3,47,8808,5850
CTCTGTGCCTGCTATG-1,0,2,48,8913,5789
CACGACTAAAGTTCTG-1,1,3,49,8807,5729
GAGGAGTAATTCCTAC-1,1,2,50,8913,5668
AGAGGTATCTCGGTCC-1,1,3,51,8807,5607
GGCGTACCCTATATAA-1,1,2,52,8913,5546
GCCGGAAACACATCTT-1,1,3,53,8807,5486
AAATGTGGGTGCTCCT-1,1,2,54,8912,5425
ACCAGGAGTGTGATCT-1,1,3,55,8807,5365
TGTGGAGGAAGCTTAA-1,1,2,56,8912,5304
AAGGAGAACTTATAAG-1,1,3,57,8806,5243
CCCTCGGGAGCCTTGT-1,1,2,58,8912,5183
ACTGTTTAGTGTAGGC-1,1,3,59,8806,5122
CGTCAGTTTATCGTCT-1,1,2,60,8911,5061
GCGTGTATGTCGTATT-1,1,3,61,8806,5001
ACAATCGATCTTTATA-1,1,2,62,8911,4940
CAGCCCTCACAGGCAG-1,1,3,63,8806,4880
CGCGTCATATTAAACC-1,1,2,64,8911,4819
GAAGACTTCAATGCCG-1,0,3,65,8805,4758
TTGCGGCGACTCATGC-1,0,2,66,8911,4697
ACCAAACTAGAAATCC-1,0,3,67,8805,4637
TTACTGTTTCTCTACG-1,0,2,68,8910,4576
GACCAGGTCATTCATA-1,0,3,69,8805,4516
TTCTTCCCTTTGATAT-1,0,2,70,8910,4455
ACGCCCAGCTGTCGAT-1,0,3,71,8804,4395
AGTAGCGTGAACGAAC-1,0,2,72,8910,4334
CCTCGACCCACTGCCT-1,0,3,73,8804,4273
AGTTATTGAAAGGTAA-1,0,2,74,8909,4212
TCAGTTACGGAATGAT-1,0,3,75,8804,4152
GAATCTATACTCGGAC-1,0,2,76,8909,4091
TCGGCTAACTTCCCTT-1,0,3,77,8804,4031
ACGTGGTCGAATGTGC-1,0,2,78,8909,3970
ATATCGTGCCAGACCC-1,0,3,79,8803,3909
GTAGCTAGTAAGCGCG-1,0,2,80,8909,3849
ACGCTTAGTGTCTCTC-1,0,3,81,8803,3788
TCCGGCCTGCATCGAT-1,0,2,82,8908,3727
TAGTGGAACTCATACA-1,0,3,83,8803,3667
ATCATCTGCCCAGTGT-1,0,2,84,8908,3606
GTTATTAAATACGACC-1,0,3,85,8802,3546
GCGCTAAGTATGCATG-1,0,2,86,8908,3485
CCTGACGCAACCTTTA-1,0,3,87,8802,3424
CCCAAGAATGCACGGT-1,0,2,88,8908,3363
AACTGGGTTCGAGCCG-1,0,3,89,8802,3303
GGTTCCACCCGCTTCT-1,0,2,90,8907,3242
CATGCACGTGTTACTG-1,0,3,91,8802,3182
AGCGTTCCGATTTAAA-1,0,2,92,8907,3121
CCTACGCGACCTTACA-1,0,3,93,8801,3060
CGAATTACATGGTGTT-1,0,2,94,8907,3000
GAGGTCTTAGTGGGTC-1,0,3,95,8801,2939
GCCGCTAGATACGCAG-1,0,2,96,8906,2878
GTCACCTGTCTATGTC-1,0,3,97,8801,2818
CCGATTGGTCAATGAA-1,0,2,98,8906,2757
CCTGTGCGGATTGTAA-1,0,3,99,8801,2697
TTACGTAGCGCGTGCT-1,0,2,100,8906,2636
GGAGGCGAAGAACCGC-1,0,3,101,8800,2575
GGGTCACGTGCTTATG-1,0,2,102,8906,2514
GCTCCGGACGTTGATA-1,0,3,103,8800,2454
ATGTTTGTAAGATCAT-1,0,2,104,8905,2393
TGACCCAGCATTCCCG-1,0,3,105,8800,2333
TGGTCGTTTGATAGAT-1,0,2,106,8905,2272
TGTAATGCCTTCGGAC-1,0,3,107,8799,2211
TGCTCACACAACAACC-1,0,2,108,8905,2151
TACGATCCAAGCCACT-1,0,3,109,8799,2090
TTGTAACTTCATAGCG-1,0,2,110,8905,2029
AGATTCAAGCGGGTCG-1,0,3,111,8799,1969
CTCAGCAGACTGCCGA-1,0,2,112,8904,1908
GTAACATCAGCTCATC-1,0,3,113,8799,1848
ATGGAACAGAATAAAC-1,0,2,114,8904,1787
GGGCCTATACAACCGG-1,0,3,115,8798,1726
TCAAACAATTAGGACA-1,0,2,116,8904,1665
AAACCACTACACAGAT-1,0,3,117,8798,1605
AAACGACAGTCTTGCC-1,0,2,118,8903,1544
TTGAGGGTCGAACGCG-1,0,3,119,8798,1484
TGTTGATCACTGTTTA-1,0,2,120,8903,1423
AGGGTGTGCTACACGC-1,0,3,121,8797,1363
GTAGTTAGACAATATA-1,0,2,122,8903,1302
AATGGCCGCCAATGCG-1,0,3,123,8797,1241
TCGGCGGTATTAGATT-1,0,2,124,8903,1180
GGGTCACTGAGTAGTG-1,0,3,125,8797,1120
GAATTATGCAACCTAC-1,0,2,126,8902,1059
GATCTTAGTGAACGTG-1,0,3,127,8797,999
CTAATGCGCCCAACAA-1,0,4,0,8709,8700
GCCACCCATTCCACTT-1,0,5,1,8603,8640
TACTCACAACGTAGTA-1,0,4,2,8708,8579
GTTCGGTGTGGATTTA-1,0,5,3,8603,8519
TCTTTCGGCGGGACAC-1,0,4,4,8708,8458
GGAGACATTCACGGGC-1,0,5,5,8603,8397
GGGATTATCTCACAAC-1,0,4,6,8708,8336
TAGAACGCCAGTAACG-1,0,5,7,8602,8276
ACGAGTCGCCGGCGTT-1,0,4,8,8708,8215
TGATGGGACTAAGTCA-1,0,5,9,8602,8155
TGCGAGAAACGTTACG-1,0,4,10,8707,8094
TCGCCTCGACCTGTTG-1,0,5,11,8602,8033
AACTCGATAAACACGT-1,0,4,12,8707,7973
AGGAAAGCCTCTGATG-1,0,5,13,8601,7912
GAAGGACTAAATTGAA-1,0,4,14,8707,7851
GTATCGGGACGAGCTG-1,0,5,15,8601,7791
CCTGTGCATAGGAGAC-1,0,4,16,8707,7730
CATACGGGTGCATGAT-1,0,5,17,8601,7670
CCACTAAACTGAATCG-1,0,4,18,8706,7609
AAATTGCGGCGGTTCT-1,0,5,19,8601,7548
AGTCCAGCGGGTACGT-1,0,4,20,8706,7487
CATTCAGGTCAGTGCG-1,0,5,21,8600,7427
CTAAAGTCCGAAGCTA-1,0,4,22,8706,7366
AATCAGACTGCAGGAC-1,0,5,23,8600,7306
AGTATCCATAATAACG-1,0,4,24,8705,7245
CTGGCTGCTAACGTAA-1,0,5,25,8600,7184
GTTCCAAGACAGCGAC-1,0,4,26,8705,7124
AAGACTAACCCGTTGT-1,0,5,27,8599,7063
GATTAATCCTGGCTCA-1,0,4,28,8705,7002
CGCGCAAGGAACTACA-1,0,5,29,8599,6942
CAGTAGCGAGGTAGTA-1,0,4,30,8705,6881
ACGGCGGGTTGCCCTG-1,0,5,31,8599,6821
CTAGGCGGCAGAGAAT-1,0,4,32,8704,6760
GTGCGCAGCTTGCTCC-1,0,5,33,8599,6699
TCACTATCGTGCAATC-1,0,4,34,8704,6638
TATGATTCTGCTTGGT-1,0,5,35,8598,6578
TAAGATTTAGCGGGAG-1,0,4,36,8704,6517
TTACGGTGTCACCGAG-1,0,5,37,8598,6457
CTACACTAGCTTGTTC-1,0,4,38,8703,6396
TGAGCAGTCGTGAAGT-1,0,5,39,8598,6335
CGCTGAGGACGTCCAA-1,0,4,40,8703,6275
GTGTATGACTTTAAAG-1,0,5,41,8598,6214
CTAAACGGGTGTAATC-1,0,4,42,8703,6153
TGTACTGTGCCAAAGT-1,0,5,43,8597,6093
GGCCACAAGCGATGGC-1,0,4,44,8703,6032
GTCAATTGTACTGAAG-1,0,5,45,8597,5972
AGGGACAGCACGGCGG-1,0,4,46,8702,5911
AGCTTATAGAGACCTG-1,0,5,47,8597,5850
AACTAGCGTATCGCAC-1,0,4,48,8702,5789
AACTTTAGCTGCTGAG-1,1,5,49,8596,5729
CCCAAGACAGAGTATG-1,1,4,50,8702,5668
GGCATCAACGAGCACG-1,1,5,51,8596,5608
ATGCATTCCGTGATGG-1,1,4,52,8702,5547
TTATAGATGCACATTA-1,0,5,53,8596,5487
GAACCATCTGGGAGAC-1,1,4,54,8701,5426
TGCTATACAAACGGAC-1,1,5,55,8596,5365
ACTTGCCATATTGTAC-1,1,4,56,8701,5304
TATTCCGGCAGTCCTA-1,1,5,57,8595,5244
GACGGACCGCGTTCCT-1,1,4,58,8701,5183
ATGTGTAGTTTAGTCA-1,1,5,59,8595,5123
ATACCAGCAAATTGCT-1,1,4,60,8700,5062
AAGTTTACTAATGGCA-1,1,5,61,8595,5001
CTCTCGATGTGCGCCT-1,1,4,62,8700,4941
GATTGACACTCTGCTC-1,1,5,63,8594,4880
TATCACAGCACGGGCA-1,1,4,64,8700,4819
ACCGTTCCCGCTCTGA-1,0,5,65,8594,4759
CCGCCACCACAATCCA-1,1,4,66,8700,4698
CATTCACTGACAGCTA-1,0,5,67,8594,4638
CGGCTGCAAGATTAAG-1,0,4,68,8699,4577
CATGAACCTCTTATCA-1,0,5,69,8594,4516
TTAATGCGAGGTAACT-1,0,4,70,8699,4455
AATAAGTCCTCGAGAC-1,0,5,71,8593,4395
ACCAGCCCGGTCTTTG-1,0,4,72,8699,4334
CTACGAACTAGGTCGA-1,0,5,73,8593,4274
ACATCTCAACGCGTAA-1,0,4,74,8698,4213
CACTACTCAGTTCTGT-1,0,5,75,8593,4152
CCGACTCGCATAGTCT-1,0,4,76,8698,4092
CATTTATCGTTCAAGA-1,0,5,77,8593,4031
CAAACGTGGTCTTGCG-1,0,4,78,8698,3970
TAGAAACCACTAAGTA-1,0,5,79,8592,3910
ACTGATTTAGTGATTC-1,0,4,80,8698,3849
TCGTATTTCGTCCGGA-1,0,5,81,8592,3789
CGGAAATTTCACATCC-1,0,4,82,8697,3728
ATCCACGCTAAATGTT-1,0,5,83,8592,3667
GTTCAATCTATGTCAA-1,0,4,84,8697,3606
ATAAAGGTCAAGTACG-1,0,5,85,8591,3546
CAACTCCAACGTTTAG-1,0,4,86,8697,3485
TAGGAACAGCCTCCAG-1,0,5,87,8591,3425
ATGGGAACGGAAGCGG-1,0,4,88,8697,3364
CACACGTTTCAATGGG-1,0,5,89,8591,3303
GGTGTTCTGTTTCTAC-1,0,4,90,8696,3243
AGTAACGTTCATCCTG-1,0,5,91,8591,3182
GTATAGTGGCCCATGT-1,0,4,92,8696,3121
TCTACACGTTCATGCA-1,0,5,93,8590,3061
AATCTGGGTAGACCCT-1,0,4,94,8696,3000
TCGGTTAGCCATGTAG-1,0,5,95,8590,2940
TGCCATGGCTTATAAG-1,0,4,96,8695,2879
TAAGTAAATGTGCCGC-1,0,5,97,8590,2818
GTGTCCGATAAGGCAT-1,0,4,98,8695,2757
TGGCACGAGCTCGAGT-1,0,5,99,8589,2697
ACCGGTCTGAGTACGG-1,0,4,100,8695,2636
GAACTTAGCGCCCGGT-1,0,5,101,8589,2576
AGTAGCTAGACGCCGA-1,0,4,102,8695,2515
ATAGGAATCTAAGCTT-1,0,5,103,8589,2455
CTTCCTGCATATTTAC-1,0,4,104,8694,2394
CAATATGTAGATTTAC-1,0,5,105,8589,2333
ACAAGGCCTACCAGCC-1,0,4,106,8694,2272
TTATAGTCCAAGGTGC-1,0,5,107,8588,2212
AAACGCCCGAGATCGG-1,0,4,108,8694,2151
CCTCGTTACGCCTGTT-1,0,5,109,8588,2091
GAACGGTGTAAAGCAG-1,0,4,110,8693,2030
ACGCATAAATGACATG-1,0,5,111,8588,1969
GGTTCGATGCTGAGTT-1,0,4,112,8693,1909
CTTTGGCAGACAGAGT-1,0,5,113,8588,1848
TTCGTGGGCTGGAAGC-1,0,4,114,8693,1787
CAAAGGTTAAATTCAG-1,0,5,115,8587,1727
GTTTGGCGTCAGGCAC-1,0,4,116,8693,1666
GCTTTCTATCTCAACT-1,0,5,117,8587,1606
TGCATCTCCGGATCTT-1,0,4,118,8692,1545
CTGAAACGGCCCTCAG-1,0,5,119,8587,1484
TAGCAGTAAATACGCG-1,0,4,120,8692,1423
CGGGCTACTTAAATTG-1,0,5,121,8586,1363
ATTATGCTCAGTATTG-1,0,4,122,8692,1302
TGATGCTCACGTAGTC-1,0,5,123,8586,1242
GTCTAAGATGCCCAGC-1,0,4,124,8692,1181
AACCCGATAGGGCTTC-1,0,5,125,8586,1120
CGCTATCGTGGCTTTA-1,0,4,126,8691,1060
CGTCTCTCGCCGAGGC-1,0,5,127,8586,999
AGTGGGAGTATACACG-1,0,6,0,8498,8701
GGTCTTGGTGTTAACT-1,0,7,1,8392,8640
GGCTGGCAGCTTTATG-1,0,6,2,8497,8579
CGCCAATTATTGCGTT-1,0,7,3,8392,8519
GGTAACCGGCAAAGGT-1,0,6,4,8497,8458
TGGGACCATTGGGAGT-1,0,7,5,8392,8398
CTGCAGGTGCTCGGCC-1,0,6,6,8497,8337
CCGGTGCGAGTGATAG-1,0,7,7,8391,8276
GGGTACACTCTGGAGG-1,0,6,8,8497,8216
TAGCCAGAGGGTCCGG-1,0,7,9,8391,8155
CTTGTGAGGACAGCGG-1,0,6,10,8496,8094
GAAGGGCATAACCATG-1,0,7,11,8391,8034
CAACATGGCCTGATAA-1,0,6,12,8496,7973
CAATTTGACCGGGAAG-1,0,7,13,8390,7913
TCTGACTGTAATGGTT-1,0,6,14,8496,7852
TTCATAGCCTTGTAAC-1,0,7,15,8390,7791
TGGAAACGGAGTGAAC-1,0,6,16,8495,7730
ATCGCACGATTGTTCA-1,0,7,17,8390,7670
CGCCACCCGCATTAAC-1,0,6,18,8495,7609
TGGACCACGGCGTTGA-1,0,7,19,8390,7549
GTATATGTTACGGCGG-1,0,6,20,8495,7488
GTATTCTTACCGTGCT-1,0,7,21,8389,7427
TTCAGAGTAACCTGAC-1,0,6,22,8495,7367
GCGGTAACCCAAATGA-1,0,7,23,8389,7306
CTACGTGTTGCCACCA-1,0,6,24,8494,7245
CTAGATAAACTCCTCG-1,0,7,25,8389,7185
TCCATTAGTTGGATAG-1,0,6,26,8494,7124
CTGGCTCCTGCGGGAT-1,0,7,27,8388,7064
CAGTCTCTCGGCTAAT-1,0,6,28,8494,7003
GTATGACGTGGGAAAC-1,0,7,29,8388,6942
AGTCACTCCGCCTCAT-1,0,6,30,8494,6881
GCAGCGGTGGGCATTA-1,0,7,31,8388,6821
TATGGAGTTTCTCGTT-1,0,6,32,8493,6760
ACTCAACGAATGTATT-1,0,7,33,8388,6700
AACACGCGGCCGCGAA-1,0,6,34,8493,6639
CGATATTAGCCGCAGG-1,0,7,35,8387,6579
AGCGTCTGAACCCGCA-1,0,6,36,8493,6518
GATGTCCGGATCACAT-1,0,7,37,8387,6457
GGTCACGTTAGATTCA-1,0,6,38,8492,6396
TTAAGGATACGGAGGT-1,0,7,39,8387,6336
GTGCGGGACCATCGGC-1,0,6,40,8492,6275
CCATCTTGTTCACAAT-1,0,7,41,8387,6215
TCCGAGAAGGCTAAGC-1,0,6,42,8492,6154
TGGCGGTGTGCGATTG-1,1,7,43,8386,6093
ATCCTGCTGCAGATAG-1,1,6,44,8492,6033
TTATGCGTCCCGGTCC-1,1,7,45,8386,5972
CATAATGAGCGGGCGA-1,1,6,46,8491,5911
AGACATAGATCCTTCC-1,1,7,47,8386,5851
GGTGAAACCGGGAATG-1,0,6,48,8491,5790
AACTGGTGTGGGCCTT-1,1,7,49,8385,5730
GTAGCGCTGTTGTAGT-1,0,6,50,8491,5669
TTGTTTGTGTAAATTC-1,1,7,51,8385,5608
GGATCAAAGGACGAGG-1,1,6,52,8490,5547
CGTAGCGCCGACGTTG-1,1,7,53,8385,5487
CAAGTGAACTTTGGTT-1,1,6,54,8490,5426
GTAGACAACCGATGAA-1,1,7,55,8385,5366
CAATGGTCGGCCTGGG-1,1,6,56,8490,5305
ACAGATTAGGTTAGTG-1,1,7,57,8384,5244
GTTATCACCTTCTGAA-1,1,6,58,8490,5184
TGGTATCGGTCTGTAT-1,1,7,59,8384,5123
GGAATAACCTCAAGAA-1,1,6,60,8489,5062
ATTATCTCGACAGATC-1,1,7,61,8384,5002
CCGAGGGATGTTAGGC-1,1,6,62,8489,4941
TGAGATCAAATACTCA-1,0,7,63,8383,4881
AAACGAAGAACATACC-1,1,6,64,8489,4820
CTGGTCCTAACTTGGC-1,0,7,65,8383,4759
TGCACGAGTCGGCAGC-1,0,6,66,8489,4698
ATAGTCTTTGACGTGC-1,0,7,67,8383,4638
TGGAGCTAAAGTTCCC-1,0,6,68,8488,4577
GGGTGGTCCAGCCTGT-1,0,7,69,8383,4517
CATGCATGGAGACCCT-1,0,6,70,8488,4456
ACACGGCACTATGCAT-1,0,7,71,8382,4395
CCCTGGTATGGGCGGC-1,0,6,72,8488,4335
GGAGGATTGAAAGGAG-1,0,7,73,8382,4274
CCGCTGGTGCCATTCA-1,0,6,74,8487,4213
GTTAGAGTGTGCCGCT-1,0,7,75,8382,4153
TCGGAATGACCATCAA-1,0,6,76,8487,4092
TTCAATTAGCCATAAT-1,0,7,77,8382,4032
GATGTGTTGTCACAAG-1,0,6,78,8487,3971
TCTTTCTCTTAAGGAG-1,0,7,79,8381,3910
ACCCTTTAGTTCTCCA-1,0,6,80,8487,3849
ACCACAACTCAGAACA-1,0,7,81,8381,3789
TATGATAAATCTAACG-1,0,6,82,8486,3728
GATCCTCTTGCGCTTA-1,0,7,83,8381,3668
TTCTACCTTTATGTTG-1,0,6,84,8486,3607
GAAATACCTGCTGGCT-1,0,7,85,8380,3547
ATTCTGAGTATGAACT-1,0,6,86,8486,3486
GGATTAAGCTAAGGTC-1,0,7,87,8380,3425
AGTACGTGGCCTGTCT-1,0,6,88,8486,3364
TCAGGGTGCACGAAAC-1,0,7,89,8380,3304
AAATTTACCGAAATCC-1,0,6,90,8485,3243
TTGAGGCATTTAACTC-1,0,7,91,8380,3183
AACCAGTATCACTCTT-1,0,6,92,8485,3122
CACCGGAGATATCTCC-1,0,7,93,8379,3061
GACTGGGCGCCGCAAC-1,0,6,94,8485,3001
CACGTCTATGATGTGG-1,0,7,95,8379,2940
TTAAGACGAACGAACC-1,0,6,96,8484,2879
TGACCAGCTTCAAAGT-1,0,7,97,8379,2819
AGAGTTAGAGACCGAT-1,0,6,98,8484,2758
TTCGGACTGATGCCTT-1,0,7,99,8378,2698
CTCGAATGGAACGTAT-1,0,6,100,8484,2637
GGACGGCTTGCGCAAC-1,0,7,101,8378,2576
CTAAGTACAGGGCTAC-1,0,6,102,8484,2515
ACAAATTCAGATCTGA-1,0,7,103,8378,2455
CATGGAAATGGGACCA-1,0,6,104,8483,2394
GGTGGACCACGTGTTA-1,0,7,105,8378,2334
CACGACGTAATAGTAA-1,0,6,106,8483,2273
CGGGTTCGGCACGTAT-1,0,7,107,8377,2212
CTGGGCTATCCTTTGG-1,0,6,108,8483,2152
GTATTAGGGTTCGCGT-1,0,7,109,8377,2091
TCATTCGTATAATTTG-1,0,6,110,8482,2030
AATAGCAAGCCTCCTG-1,0,7,111,8377,1970
CATCTACCCGAGAACG-1,0,6,112,8482,1909
GCTTCAGTGGGATTAC-1,0,7,113,8377,1849
TCTGTGATGGAGGTTG-1,0,6,114,8482,1788
ATCCACTTTCAGACTA-1,0,7,115,8376,1727
ATGGTTACGAAACATG-1,0,6,116,8482,1666
GGCCCAATCTAGAGGG-1,0,7,117,8376,1606
GATGGTGAAATAACCC-1,0,6,118,8481,1545
AGAGGGACAATTGTCC-1,0,7,119,8376,1485
CGCGTACATTCTGGAA-1,0,6,120,8481,1424
CAAGAAACCCTAAACT-1,0,7,121,8375,1363
TTGGTGCGGTGTTGAA-1,0,6,122,8481,1303
GGTTCCCTAGTGTCTC-1,0,7,123,8375,1242
CGATAACCAATTTGAG-1,0,6,124,8481,1181
GCCCACTGGTCCACAA-1,0,7,125,8375,1121
GAGGGCCGGCAGAGTC-1,0,6,126,8480,1060
CGACACGGATGCCCAC-1,0,7,127,8375,1000
CTGTCTGTGGCTGGCT-1,0,8,0,8287,8701
ATATTATCCCGTATTT-1,0,9,1,8181,8641
GCGCTGGCGGAAAGTC-1,0,8,2,8286,8580
ATCTAACGTCCCTATG-1,0,9,3,8181,8519
GTCAGACAGCGTTGGA-1,0,8,4,8286,8459
GCCAGGCTTAGTGGTA-1,0,9,5,8180,8398
ATTCAAAGTACCTGTT-1,0,8,6,8286,8337
TGGACGTAGGCGAATC-1,0,9,7,8180,8277
ACACATTGACGCAACA-1,0,8,8,8286,8216
GATATCAGTATGTATC-1,0,9,9,8180,8156
TGGGCCTTGCCTGCAT-1,0,8,10,8285,8095
CAAAGTCAGGTTAGCT-1,0,9,11,8180,8034
GGATCCCTACCAGCTA-1,0,8,12,8285,7973
ATCGTCCAATCGAGTC-1,0,9,13,8179,7913
ACATGGCTCAATTTAG-1,0,8,14,8285,7852
AGGCCCAGTGACTGGT-1,0,9,15,8179,7792
GCTTCCAGCTTAGATT-1,0,8,16,8284,7731
TGCTTGAAACCATGCA-1,0,9,17,8179,7671
CAATATTGGACTAGTG-1,0,8,18,8284,7610
CGTGCTGGCCTAGTCG-1,0,9,19,8179,7549
CCTGCGATAGAACTGT-1,0,8,20,8284,7488
GGGTAATGCTGTGTTT-1,0,9,21,8178,7428
AACGCGAACGGCAACA-1,0,8,22,8284,7367
TGTCGGCATGGTGGAA-1,0,9,23,8178,7307
AGCGTACGAGAGCTAG-1,0,8,24,8283,7246
ATACTCTCGCCACTCT-1,0,9,25,8178,7185
AATCCATGCAAGGGTG-1,0,8,26,8283,7125
TTAAACAGAGTCCCGC-1,0,9,27,8177,7064
CCACAGCTGAAATCAT-1,0,8,28,8283,7003
CGGTTCCGGCTTCTTG-1,0,9,29,8177,6943
GACGTGAGACTCCATG-1,0,8,30,8283,6882
TCGTTGGCTCGTCAAT-1,0,9,31,8177,6822
GGTGAACGGGCTAGCC-1,0,8,32,8282,6761
GCACTGTGCAAATGTA-1,0,9,33,8177,6700
ACGAGAACCCATCACG-1,0,8,34,8282,6639
CCAGCTACGCCTCATA-1,0,9,35,8176,6579
TCCCGGTCAGGAATTT-1,0,8,36,8282,6518
TCGCATTCAATGACTT-1,0,9,37,8176,6458
CTGGTTCAACGCATCA-1,0,8,38,8281,6397
GGTGATTTCATCTTGT-1,0,9,39,8176,6336
CACCCTTTCCTCGCTC-1,0,8,40,8281,6276
CAACTTGTAGTGGGCA-1,1,9,41,8175,6215
AATATCAAGGTCGGAT-1,1,8,42,8281,6154
ACTCAGACCTGCTTCT-1,1,9,43,8175,6094
TTGGAGTCTCCCTTCT-1,1,8,44,8281,6033
GGATACTCATGAATTG-1,1,9,45,8175,5973
TGGGCACAAACAGAAC-1,1,8,46,8280,5912
GAGCCACGGTAGTAGG-1,1,9,47,8175,5851
TCGATAGGCTAGTCGC-1,1,8,48,8280,5790
TAACCGCCCGCAGTGC-1,1,9,49,8174,5730
GCCTATTTGCTACACA-1,1,8,50,8280,5669
TTGACGATTCAGCACG-1,1,9,51,8174,5609
TTAAACCGGTAGCGAC-1,1,8,52,8279,5548
ACCGAAAGGGCCCTGC-1,1,9,53,8174,5487
ACGTTCCGCGCTCCGT-1,1,8,54,8279,5427
ATACCAGGCTAATAGA-1,1,9,55,8174,5366
CGGCTTTGTATGATAA-1,0,8,56,8279,5305
CTTGACCCGAAAGATA-1,0,9,57,8173,5245
CGCAGAAACATTTGCG-1,0,8,58,8279,5184
GACCCGTCGCCGGCTA-1,0,9,59,8173,5124
AATCGGGACACTACGA-1,0,8,60,8278,5063
GTCACAAAGTTTCCAA-1,0,9,61,8173,5002
TATATTCGCGTCGATA-1,0,8,62,8278,4941
CCTCCCGACAATCCCT-1,0,9,63,8172,4881
CGACATGCGATCTTCT-1,0,8,64,8278,4820
AACACGACTGTACTGA-1,0,9,65,8172,4760
CCCAACCACACTAACA-1,0,8,66,8278,4699
CACCGCCGACCAGCGA-1,0,9,67,8172,4639
TGGTATCGCATCCCAA-1,0,8,68,8277,4578
CAGAGTGATTTAACGT-1,0,9,69,8172,4517
AACCCTGGTGGAACCA-1,0,8,70,8277,4456
GTCAGTTGTGCTCGTT-1,0,9,71,8171,4396
ATTGACGTAACTCGGT-1,0,8,72,8277,4335
GATGTCGGTCAACTGC-1,0,9,73,8171,4275
AGGGCAGCGGCGTGGT-1,0,8,74,8276,4214
ACATCGTTAACCTAGT-1,0,9,75,8171,4153
TCCATTGTGACCTCGT-1,0,8,76,8276,4093
TGTTTAATACTTCATC-1,0,9,77,8170,4032
TTGCTGGCCGGGCTTC-1,0,8,78,8276,3971
CATATTATTTGCCCTA-1,0,9,79,8170,3911
CTGCCTAGCCACCAAG-1,0,8,80,8276,3850
ACGAGATATTTGCTTA-1,0,9,81,8170,3790
GACTACAATTGCTCGT-1,0,8,82,8275,3729
AACGTGATGAAGGACA-1,0,9,83,8170,3668
ACTCTCTTATACACGA-1,0,8,84,8275,3607
CGCATCATGGCTTCAG-1,0,9,85,8169,3547
CGGCTCTTCGTCGAAC-1,0,8,86,8275,3486
ATTCTTCGTACTTATG-1,0,9,87,8169,3426
AGTGAGGGTTTCTGAC-1,0,8,88,8274,3365
GCCAGGCGTTCGCATG-1,0,9,89,8169,3304
GACTAACACAGCACCT-1,0,8,90,8274,3244
CAATGGAATCTACATA-1,0,9,91,8169,3183
GTGGTCAGCGAAGTAT-1,0,8,92,8274,3122
ATGGCTGGAAATGGCC-1,0,9,93,8168,3062
ATCAGGTCGCCATTGC-1,0,8,94,8274,3001
TATCACCATGTAAAGT-1,0,9,95,8168,2941
AGCGCTTATGGGCAAG-1,0,8,96,8273,2880
AAGCGGCGTCATGGGT-1,0,9,97,8168,2819
ACTAATACGTCAGGCG-1,0,8,98,8273,2758
GGCTGAGCATCGTAAG-1,0,9,99,8167,2698
CGGTTGGGTTCAAGTT-1,0,8,100,8273,2637
GACTGATTGGTCACAA-1,0,9,101,8167,2577
AGACGGGCCGATTTAA-1,0,8,102,8273,2516
ACCAGTGCCCGGTCAA-1,0,9,103,8167,2455
GTCCTTTAATGACTTC-1,0,8,104,8272,2395
CCTACAAGTCCGGAAT-1,0,9,105,8167,2334
GCCTGCTACACTGAGA-1,0,8,106,8272,2273
GACTCGGTCGGCGGAT-1,0,9,107,8166,2213
CTAGACATATATGTAG-1,0,8,108,8272,2152
TCGCCCAACTGACTCC-1,0,9,109,8166,2092
AAACTAACGTGGCGAC-1,0,8,110,8271,2031
AACTGAGGTCAGCGTC-1,0,9,111,8166,1970
ACAATGATTCTTCTAC-1,0,8,112,8271,1909
ATAAGTACCCGATTGT-1,0,9,113,8165,1849
ATTGGGAGTTCTGTAA-1,0,8,114,8271,1788
CGAACATAGTCAGAAA-1,0,9,115,8165,1728
TAGCTCAGATCCTAGT-1,0,8,116,8271,1667
GTGTCGTATTCACCTT-1,0,9,117,8165,1607
CTCACCGATCCAAACT-1,0,8,118,8270,1546
ATATGTGCACAAACCA-1,0,9,119,8165,1485
CAGTCCAACGCCTTCT-1,0,8,120,8270,1424
TCGTCCGGGTACACTC-1,0,9,121,8164,1364
GCAGAAACGTAATCCA-1,0,8,122,8270,1303
TTCGAGCCGGCGCTAC-1,0,9,123,8164,1243
GGAAGATAAGACTGTA-1,0,8,124,8269,1182
ATAAGCAAACACCGAG-1,0,9,125,8164,1121
GCATAAATTGAACGCC-1,0,8,126,8269,1061
CGCCGGTGTCGCAGTA-1,0,9,127,8164,1000
GACCTGGTCTGGGCGT-1,0,10,0,8076,8702
AGCCGCTTGATTAGCG-1,0,11,1,7970,8641
CCCGGCTAGGTGAGAA-1,0,10,2,8075,8580
CGAGCCGAGCACTCGA-1,0,11,3,7970,8520
TAGTGCTTGAATCCTT-1,0,10,4,8075,8459
CAACCGCACCTAGACA-1,0,11,5,7969,8399
ACCACTGTTCAAGAAG-1,0,10,6,8075,8338
AGATGCTATAACGAGC-1,0,11,7,7969,8277
AATTACTCGTACGCTC-1,0,10,8,8075,8217
CGTCAATCTTTAACAT-1,0,11,9,7969,8156
CCAAAGCAGTTGGTTG-1,0,10,10,8074,8095
CCATATTGGATCATGA-1,0,11,11,7969,8035
CGTACCGAAAGTCTAG-1,0,10,12,8074,7974
CTCGAGATCCAAAGCA-1,0,11,13,7968,7914
TGGATAGAGTAACAGA-1,0,10,14,8074,7853
TCACAGATCCTCAAAC-1,0,11,15,7968,7792
AGAGCTACGAAAGCAT-1,0,10,16,8073,7731
TGCGTGATTGGGTGTC-1,0,11,17,7968,7671
CACATGTTTGGACATG-1,0,10,18,8073,7610
TTCGCATCCGGAAGCA-1,0,11,19,7968,7550
CCCTAGTGTCAGGTGT-1,0,10,20,8073,7489
TTACCGCCTTAGGGAA-1,0,11,21,7967,7428
CCAGTCCATTATTCGA-1,0,10,22,8073,7368
CGTAAACGCTTGAGTG-1,0,11,23,7967,7307
ATTCCTTCCAGGCGGT-1,0,10,24,8072,7246
TTCCTTTCTGTGTTGC-1,0,11,25,7967,7186
AGTTGACATCGGCTGG-1,0,10,26,8072,7125
AACTCGATGGCGCAGT-1,0,11,27,7966,7065
GATAAGGCAGATGCAA-1,0,10,28,8072,7004
GGCTGGCTAGCTTAAA-1,0,11,29,7966,6943
CCTCATGCAGCTACGA-1,0,10,30,8071,6882
GACGCCTGTTGCAGGG-1,0,11,31,7966,6822
TAATTAGATGGATATG-1,0,10,32,8071,6761
GAGGGCATCGCGTATC-1,0,11,33,7966,6701
CTTGTGAGTCTTTGAC-1,0,10,34,8071,6640
TCAACACATTGGGTAA-1,0,11,35,7965,6579
ACTGTATACGCGAGCA-1,0,10,36,8071,6519
GTGAAACGTGCTCCAC-1,0,11,37,7965,6458
CGAGTGCTATAGTTCG-1,0,10,38,8070,6397
GTACTGCATGAAGCGT-1,0,11,39,7965,6337
GTAACTTGCGGCAGTC-1,1,10,40,8070,6276
GAATCGCCGGACACGG-1,1,11,41,7964,6216
GGGAGTAATGGCTGGC-1,1,10,42,8070,6155
CATGAACCGACATTTG-1,1,11,43,7964,6094
TCTGTCATACAAGAGC-1,1,10,44,8070,6033
GTCGTCAATTATAAGG-1,1,11,45,7964,5973
TAAAGAGCCCGAAACC-1,1,10,46,8069,5912
GTACTGAGGTCGTAAC-1,1,11,47,7964,5852
AAAGACCCAAGTCGCG-1,1,10,48,8069,5791
CGTCAGTGCGCACAAG-1,1,11,49,7963,5731
TGTATCCTTATTCCAT-1,1,10,50,8069,5670
ATTCTCGTCTCTTTAG-1,1,11,51,7963,5609
AAAGTCACTGATGTAA-1,1,10,52,8068,5548
TGTCTACAGTTTCTGT-1,1,11,53,7963,5488
TTAACGTCGCAAGACC-1,1,10,54,8068,5427
CTATGTCTATTGAAAC-1,1,11,55,7963,5367
TCGGGTGAAACTGCTA-1,1,10,56,8068,5306
TGTCCCGACATAGCAC-1,1,11,57,7962,5245
ACAGCATAGAGCCAGT-1,1,10,58,8068,5185
ATATTCCCACAGGTCA-1,0,11,59,7962,5124
TTGGATCGACTTCTGG-1,0,10,60,8067,5063
CACCATCGGAGGAGAC-1,0,11,61,7962,5003
TCGTTCGTTATTATGT-1,0,10,62,8067,4942
CTTAACTTCGAAGTAC-1,0,11,63,7961,4882
GCACAAGTGTCGGAAG-1,0,10,64,8067,4821
TACCAGCTAGGTTTAA-1,0,11,65,7961,4760
ACGTACAGATTTCTCT-1,0,10,66,8066,4699
AATTTGGTTCCAAAGA-1,0,11,67,7961,4639
GTAAGGATTTGTCGGA-1,0,10,68,8066,4578
CATCATCTACCCGGAC-1,0,11,69,7961,4518
ACGATGGATCCGATGC-1,0,10,70,8066,4457
CACTCAGCTCTTGAGG-1,0,11,71,7960,4396
TAGATCCGAAGTCGCA-1,0,10,72,8066,4336
TGAAACTTATGCAAGC-1,0,11,73,7960,4275
GCGATTCTGGAAGCAG-1,0,10,74,8065,4214
CAAACTATTGAGCTTC-1,0,11,75,7960,4154
TAGAATTAAGGGCAAC-1,0,10,76,8065,4093
CGAAACATAGATGGCA-1,0,11,77,7959,4033
GATGGTGCCCTAGGCA-1,0,10,78,8065,3972
CCCGCAGGGCCCAAAG-1,0,11,79,7959,3911
ACAGCGCACCCGCAGC-1,0,10,80,8065,3850
GGTAAATGTGCGTTAC-1,0,11,81,7959,3790
GTCCTTCTAGTGGGTT-1,0,10,82,8064,3729
GGAAGCTCGCTTACAG-1,0,11,83,7959,3669
CACCGATACACCGAGC-1,0,10,84,8064,3608
CAGCCGGGCCCTCTAT-1,0,11,85,7958,3547
CGGAGCTTATAACACC-1,0,10,86,8064,3487
ATTACAACTACCGGCC-1,0,11,87,7958,3426
TCCTCTGGCCCATTAG-1,0,10,88,8063,3365
CGGCACCGTTAGCGCC-1,0,11,89,7958,3305
TCGGTCCCTGACTCCA-1,0,10,90,8063,3244
TGGTTGGAGGATCCTG-1,0,11,91,7958,3184
CTGCGGTAGTCACGTG-1,0,10,92,8063,3123
GTGCCTCAGTGTACGG-1,0,11,93,7957,3062
ATCGTTCACTTTCGCC-1,0,10,94,8063,3001
ACTTACCGGGCGCGCA-1,0,11,95,7957,2941
CTAGACTGCATTTCGT-1,0,10,96,8062,2880
TTGCCGGTGATCCCTC-1,0,11,97,7957,2820
CTGTCACGCCAGGCGC-1,0,10,98,8062,2759
CGGTATAGGTATTAGC-1,0,11,99,7956,2699
CCAACGCTTGCCAGGG-1,0,10,100,8062,2638
CGTTGAGTAATTGCGT-1,0,11,101,7956,2577
TGTATTTACCTAATGC-1,0,10,102,8062,2516
TAAATGCCGTCTCATG-1,0,11,103,7956,2456
CGGTTTATGAAGGAAC-1,0,10,104,8061,2395
GCAAGATGTGTTCGCG-1,0,11,105,7956,2335
AAAGGTAAGCTGTACC-1,0,10,106,8061,2274
GTACGTCACGTATTAA-1,0,11,107,7955,2213
AGTACCTTCGAGTGCT-1,0,10,108,8061,2153
ATTGTGACTTCGCTGC-1,0,11,109,7955,2092
TGTATCAGACTGAAGC-1,0,10,110,8060,2031
GAGACCCTGCAACGCC-1,0,11,111,7955,1971
TGGGTGGGATGTCATT-1,0,10,112,8060,1910
GGCTAATGATTGAAAT-1,0,11,113,7954,1850
ATAACGTTACCTCCAC-1,0,10,114,8060,1789
TGCGAGATGGCGGCCA-1,0,11,115,7954,1728
CACACTTGTATTGCGA-1,0,10,116,8060,1667
GCTGGTGACTCGTAGT-1,0,11,117,7954,1607
CGACACCGCTTAAGGA-1,0,10,118,8059,1546
GTAACAACTGACCTTG-1,0,11,119,7954,1486
CAACTGAGGGTATGAC-1,0,10,120,8059,1425
CTAATTATGAAGCGTA-1,0,11,121,7953,1364
CCGATCTTAAGAGGCT-1,0,10,122,8059,1304
CGACTCGGTACACGGT-1,0,11,123,7953,1243
TGCTGCGTCAGAGTTA-1,0,10,124,8058,1182
AGAGTTGCAGGCCTCC-1,0,11,125,7953,1122
ACTGGCGAACCTGCGT-1,0,10,126,8058,1061
ACTAAGGACGCACACC-1,0,11,127,7953,1001
CGTCCAGATGGCTCCA-1,0,12,0,7865,8702
ACTATCGCCGGCTAAA-1,0,13,1,7759,8642
GATAGCGTACCACGCG-1,0,12,2,7864,8581
AGGACTTATAGGAGAA-1,0,13,3,7759,8520
TAGTCGGGATTCTTCG-1,0,12,4,7864,8460
ACCATTAAGGGTGTCA-1,0,13,5,7758,8399
TTAATGTGTTTGCAGG-1,0,12,6,7864,8338
TCCGCAGCCACCTAGC-1,0,13,7,7758,8278
GAGGAGATCCTCATGC-1,0,12,8,7864,8217
GGTCCTTCATACGACT-1,0,13,9,7758,8157
CCCTGTTGGCAAAGAC-1,0,12,10,7863,8096
GTGCCTAGCTATGCTT-1,0,13,11,7758,8035
GTCATCTCCTACAGCT-1,0,12,12,7863,7974
GCGAGAAACGGGAGTT-1,0,13,13,7757,7914
CGTCGCGGCGGGATTT-1,0,12,14,7863,7853
CATTGTGTGCTAGATC-1,0,13,15,7757,7793
CGCGGCAGTATTACGG-1,0,12,16,7862,7732
GAAATGGGATGTAAAC-1,0,13,17,7757,7672
CATTCCCTAAGTACAA-1,0,12,18,7862,7611
AGTTCTGCGTTGTATC-1,0,13,19,7756,7550
ACCCTATAGGACTGAG-1,0,12,20,7862,7489
TTAGATAGGTCGATAC-1,0,13,21,7756,7429
ATTGATAGCAACGAGA-1,0,12,22,7862,7368
TCTCGGCTCCAGGACT-1,0,13,23,7756,7308
CTTGAGGTTATCCCGA-1,0,12,24,7861,7247
AAGAAGGATCAGTTAG-1,0,13,25,7756,7186
GTACGACGGCGCTGCG-1,0,12,26,7861,7126
CTTATGTTGACTACCA-1,0,13,27,7755,7065
CGGCACTCAAGAAAGT-1,0,12,28,7861,7004
GTCAAAGTTTACATAG-1,0,13,29,7755,6944
CTCCTAAGTTATGTCT-1,0,12,30,7860,6883
ACTGTGCTAGTAGATC-1,0,13,31,7755,6823
GTTTGGCCGCTCAGCG-1,0,12,32,7860,6762
TTATCCAATCGAACTC-1,0,13,33,7755,6701
CCGTACCCAAGCGCCA-1,0,12,34,7860,6640
CATACAAAGCCGAACC-1,0,13,35,7754,6580
GGTCGGTAATTAGACA-1,0,12,36,7860,6519
AGCGGGAAGGGTCCAT-1,0,13,37,7754,6459
GCCCACCAAGGCTGTC-1,1,12,38,7859,6398
GTAGACGTCGTTACAT-1,1,13,39,7754,6337
GAGCATCATCCCTGGG-1,1,12,40,7859,6277
AGGTAACCTCCTATTC-1,0,13,41,7753,6216
GGTTTGAGTGCTGGAA-1,0,12,42,7859,6155
GCACTAGTCGCGCTAT-1,0,13,43,7753,6095
GGTAACTATGTATCTG-1,1,12,44,7859,6034
GCGGTCCCTAGACGCA-1,0,13,45,7753,5974
CGAGCGTTGATCAGCC-1,1,12,46,7858,5913
AATCCAAGGGCCTGAG-1,1,13,47,7753,5852
CCGTGCCCATGACGGC-1,1,12,48,7858,5791
GAAATTCACATCGCTG-1,1,13,49,7752,5731
CTCTGCGAAGCAAGCA-1,1,12,50,7858,5670
AGTAGGTAACATACAT-1,1,13,51,7752,5610
ATTGGGAATATCTTGG-1,1,12,52,7857,5549
TAGAGCTACGAAGAAC-1,1,13,53,7752,5488
TGCGGCATAGTTCAAC-1,1,12,54,7857,5428
CCGCCGGTCAACACAC-1,1,13,55,7751,5367
TCGTATAGTGCAATTA-1,1,12,56,7857,5306
TAGTTTATTCTTGCTT-1,1,13,57,7751,5246
GATATCTCATGCAATA-1,1,12,58,7857,5185
CGTTTAAGCGGAGCAC-1,0,13,59,7751,5125
CATGCTGGCTCCAATT-1,0,12,60,7856,5064
GAAACAGCCATGCAGT-1,0,13,61,7751,5003
AGTTTCGCAGGTCGGA-1,0,12,62,7856,4942
CTCATGGCTCACAATC-1,0,13,63,7750,4882
AACCGTTGTGTTTGCT-1,0,12,64,7856,4821
ACCCTTCATCTGCGAA-1,0,13,65,7750,4761
TGCGGTGAAATTTCAT-1,0,12,66,7855,4700
CAAATTGTCAGCAAGC-1,0,13,67,7750,4639
GAGGTACATCCATCTT-1,0,12,68,7855,4579
AAATGGCATGTCTTGT-1,0,13,69,7750,4518
TCATCCCAGAGGGTGG-1,0,12,70,7855,4457
CGTAGCGAATTGTCAG-1,0,13,71,7749,4397
CCTAGTTAGTCGCATG-1,0,12,72,7855,4336
GAAACTCTAATGAAGG-1,0,13,73,7749,4276
TTGTATCACACAGAAT-1,0,12,74,7854,4215
TTCAAGCCGAGCTGAG-1,0,13,75,7749,4154
AGGTACGATATTGCCA-1,0,12,76,7854,4093
TTAAGCCGACAACTTC-1,0,13,77,7748,4033
GTCTTAGTACAGCCGG-1,0,12,78,7854,3972
TGGGTAAGGTTCCCGC-1,0,13,79,7748,3912
CTACGCCATTTCCGAT-1,0,12,80,7854,3851
GACCGTCAGGTCGTGA-1,0,13,81,7748,3791
TAGTTAAGATAGGATA-1,0,12,82,7853,3730
GAATATTCGGAGTCCC-1,0,13,83,7748,3669
CAAACTACGATAGAGA-1,0,12,84,7853,3608
CAGGAAGACTTTATAT-1,0,13,85,7747,3548
TTCGTAATCCCAGCGG-1,0,12,86,7853,3487
GTGAGGAGCGGTTGAG-1,0,13,87,7747,3427
CAATCCCTATACCAGC-1,0,12,88,7852,3366
AGGGAAACGAGGTACT-1,0,13,89,7747,3305
TCCTGCCAACTGGAGA-1,0,12,90,7852,3245
AATTTGGGACATAGTA-1,0,13,91,7746,3184
AACTCCTAATCCCATG-1,0,12,92,7852,3123
GCTCATTACTGCATGT-1,0,13,93,7746,3063
TCTCGAACGAGGTCAC-1,0,12,94,7852,3002
TCACTACGACCAATGC-1,0,13,95,7746,2942
GTGATGCACAACATCT-1,0,12,96,7851,2881
CCGACGTAAACACAAC-1,0,13,97,7746,2820
TGGGATGCACTCATTC-1,0,12,98,7851,2759
TTCCATCATGCGGTGA-1,0,13,99,7745,2699
TGCACAGTGAAGTTAT-1,0,12,100,7851,2638
CTATTGTGTTTGGTCA-1,0,13,101,7745,2578
TGCGAGCCCTTCCGCG-1,0,12,102,7850,2517
TTGAAAGGTGTAAAGG-1,0,13,103,7745,2456
GGTGCAGAGCCTATCG-1,0,12,104,7850,2396
ACTATATGCTGTGTTC-1,0,13,105,7745,2335
TCCTGGCGCTGCCTGG-1,0,12,106,7850,2274
GAGCCGAGCGTTTATT-1,0,13,107,7744,2214
AGAATGCGGGTTCGGA-1,0,12,108,7850,2153
ATGCGACAATTGGTCC-1,0,13,109,7744,2093
TTCCGGCTCGACTTCT-1,0,12,110,7849,2032
TGATTATGGCACGCAG-1,0,13,111,7744,1971
GGTTTGACAAGAAGCT-1,0,12,112,7849,1910
GCAGCTATGGACAGGT-1,0,13,113,7743,1850
CACCATGATCGCAAAG-1,0,12,114,7849,1789
GTCGGAAGGATACCAG-1,0,13,115,7743,1729
GGCCCAGTTATCAGCA-1,0,12,116,7849,1668
GGGCCTATTTAAGTAT-1,0,13,117,7743,1607
GTTGTTACATTGCGCT-1,0,12,118,7848,1547
CAACTCCGTAACTTGC-1,0,13,119,7743,1486
GATCTTTGCTCAAAGA-1,0,12,120,7848,1425
TCGCTTAATTACGAAG-1,0,13,121,7742,1365
CGATCATTAGAGGCAC-1,0,12,122,7848,1304
TGTTCTCTACTCCCTA-1,0,13,123,7742,1244
GCTTAGGGAAGCGGTA-1,0,12,124,7847,1183
CAGGTTTAGTACTACA-1,0,13,125,7742,1122
AAGCGGAGTGCGCGCA-1,0,12,126,7847,1061
TCAGATGGAGACGTAG-1,0,13,127,7741,1001
TCGCACTAACGTTTGT-1,0,14,0,7654,8703
CACGTCGGGTTCTAGA-1,0,15,1,7548,8642
GGAGTACACATGAGCT-1,0,14,2,7653,8581
GTGTGTCGACGTCGCT-1,0,15,3,7548,8521
GAAGCTCTTTGCTTAG-1,0,14,4,7653,8460
ACACCGAGCGCTCTTT-1,0,15,5,7547,8400
CGTAATAATTACGAGT-1,0,14,6,7653,8339
CATCAACACCTACTAA-1,0,15,7,7547,8278
CCAAGTTTCTACAGAT-1,0,14,8,7652,8218
ACGGGTCATGTGACTT-1,0,15,9,7547,8157
AGTGTGCTAAGATCGC-1,0,14,10,7652,8096
GGCGGTTTGCCGGTGC-1,0,15,11,7547,8036
GTATAATCTCCCGGAT-1,0,14,12,7652,7975
TAGTCCGTATGCATAA-1,0,15,13,7546,7915
CACTTCGTCTTATCTC-1,0,14,14,7652,7854
CATCCGCAGGCCCGAA-1,0,15,15,7546,7793
CCCTGATGTAACTCGT-1,0,14,16,7651,7732
CCATAGTCAGTAACCC-1,0,15,17,7546,7672
CGGGCCATAGCCGCAC-1,0,14,18,7651,7611
CTCCGGCTTGTAGACA-1,0,15,19,7545,7551
AACTTGCGTTCTCGCG-1,0,14,20,7651,7490
AATGAGTTCGCATATG-1,0,15,21,7545,7429
CGAGGCCAGGCATTGG-1,0,14,22,7651,7369
TCTGCGTCCGGTTTCT-1,0,15,23,7545,7308
CAATCCTGCCGTGGAG-1,0,14,24,7650,7247
CTGAGCAAGTAACAAG-1,0,15,25,7545,7187
GGGTACCCACGGTCCT-1,0,14,26,7650,7126
ACGGAATTTAGCAAAT-1,0,15,27,7544,7066
GGGCGGTCCTATTGTC-1,0,14,28,7650,7005
ATGTTACGAGCAATAC-1,0,15,29,7544,6944
AACCATGGGATCGCTA-1,0,14,30,7649,6883
TCGCATCCCTAAGTGT-1,0,15,31,7544,6823
ACTTAGTACGACAAGA-1,0,14,32,7649,6762
GAGCTCTCGGACCTAA-1,0,15,33,7544,6702
TCTATTACGCTGGCGA-1,0,14,34,7649,6641
AGATACGACTTCATAT-1,0,15,35,7543,6580
CGCTATACCGCCCACT-1,0,14,36,7649,6520
CAGTGTCCGCAGAATG-1,1,15,37,7543,6459
CCATCCATACCAAGTC-1,1,14,38,7648,6398
AACCCAGAGACGGAGA-1,1,15,39,7543,6338
GAAGAACGGTGCAGGT-1,0,14,40,7648,6277
GATAAATCGGTGGATG-1,0,15,41,7542,6217
CAGCTCGTGCTTGTGT-1,0,14,42,7648,6156
GAGTACGGGTATACAA-1,1,15,43,7542,6095
CATCGCCCGCGGCCAA-1,0,14,44,7647,6034
TCTTACAGAGGTACCG-1,1,15,45,7542,5974
TGGAAGACGAACACCA-1,1,14,46,7647,5913
GTTGTCGTGTTAGTTG-1,1,15,47,7542,5853
CCAAGGAACAGAGAGG-1,1,14,48,7647,5792
CTGCACCTGGAACCGC-1,1,15,49,7541,5732
CGCTTTCATACCGGTG-1,1,14,50,7647,5671
GTTCTTCCCTCGATGT-1,1,15,51,7541,5610
ATTTAACTCGTATTAC-1,1,14,52,7646,5549
AACGATAGAAGGGCCG-1,1,15,53,7541,5489
TATCCTGCATGGGAAT-1,1,14,54,7646,5428
AGGCCCATTGTACAGG-1,1,15,55,7540,5368
CCGGCGCATATTGGAT-1,1,14,56,7646,5307
ATCTGTAATTGTACCC-1,1,15,57,7540,5246
GAGCGAGGGAGTACCG-1,0,14,58,7646,5186
TTATTAGGGAAGCATC-1,1,15,59,7540,5125
CTTCTTACGTCGTATA-1,0,14,60,7645,5064
GAAGTGCTGGATAGCT-1,0,15,61,7540,5004
GTGCAACAAATGTGGC-1,0,14,62,7645,4943
CATGCGTTAGACAGAA-1,0,15,63,7539,4883
ACACACTTTCTACACG-1,0,14,64,7645,4822
AGCCCTAAGCGAAGTT-1,0,15,65,7539,4761
ATTAATTCGGTCACTC-1,0,14,66,7644,4700
AACAGGAAATCGAATA-1,0,15,67,7539,4640
ACGTTTAGTTGTGATC-1,0,14,68,7644,4579
TCCTTCAGTGGTCGAA-1,0,15,69,7539,4519
CGAACGCCCAGTGCCG-1,0,14,70,7644,4458
CCTCGAAGTGGACGGG-1,0,15,71,7538,4397
CTCTGTTTGAGGATTC-1,0,14,72,7644,4337
TGGGCACGTTCTATGG-1,0,15,73,7538,4276
ACTATTCGTCCGTGGT-1,0,14,74,7643,4215
CCTCTGGCCTAGACGG-1,0,15,75,7538,4155
CCATAAACAACCCGAC-1,0,14,76,7643,4094
CATAGTACATTGAGAG-1,0,15,77,7537,4034
ATTTCATTATTTCGCG-1,0,14,78,7643,3973
CAACTATATCGAATGC-1,0,15,79,7537,3912
CTAGTATTCGGAATTA-1,0,14,80,7642,3851
GTGGAACCTACATGCG-1,0,15,81,7537,3791
CCTAAAGGCTGACGCT-1,0,14,82,7642,3730
CGTGACATTGGGTCGT-1,0,15,83,7537,3670
CCAATCGGTAGATCGA-1,0,14,84,7642,3609
ATTGTCGCAATACCTT-1,0,15,85,7536,3548
AAATTACACGACTCTG-1,0,14,86,7642,3488
CACTCCTCTCGGTCGG-1,0,15,87,7536,3427
AAATAACCATACGGGA-1,0,14,88,7641,3366
AGTTACTCTATCGTGG-1,0,15,89,7536,3306
CGTTAGCTCACAACTG-1,0,14,90,7641,3245
GAATGTATGGCAGGTC-1,0,15,91,7535,3185
GCAACCACCAGACCGG-1,0,14,92,7641,3124
TCACTCGTGCAACGGC-1,0,15,93,7535,3063
AAACAGAGCGACTCCT-1,0,14,94,7641,3002
CAGCCTCTCCTCAAGA-1,0,15,95,7535,2942
TTGCGTGAACGCTTAG-1,0,14,96,7640,2881
CCGCCTGCGAATTGGT-1,0,15,97,7535,2821
AGATGAGGGTTGCGAT-1,0,14,98,7640,2760
CGGTGGGCTCCAGCCT-1,0,15,99,7534,2699
GGCAGCGGTAATCCTA-1,0,14,100,7640,2639
GCTAGCAGGGAGTGGG-1,0,15,101,7534,2578
CTCAAGACATTAGCGC-1,0,14,102,7639,2517
CACGGCGCGCCAAAGG-1,0,15,103,7534,2457
TGCAATTTGGGCACGG-1,0,14,104,7639,2396
ATGCCAATCGCTCTGC-1,0,15,105,7534,2336
GCTGGACCCAAAGTGG-1,0,14,106,7639,2275
ATTCCTAAGACGTGGA-1,0,15,107,7533,2214
TCCGGAGGAAGGGCTG-1,0,14,108,7639,2153
TCGGTGACCGCTCCGG-1,0,15,109,7533,2093
TCCGAAGTAGTCACCA-1,0,14,110,7638,2032
CATGTAGGAGCGCCAA-1,0,15,111,7533,1972
CACAAGAAAGATATTA-1,0,14,112,7638,1911
AGGGTCAGTAACCCTA-1,0,15,113,7532,1851
TAAGCCCTTACGACCA-1,0,14,114,7638,1790
ATACCGTCATCCATAA-1,0,15,115,7532,1729
GGACGTCCATAGTTGG-1,0,14,116,7638,1668
CATCAAACTGGCGCCC-1,0,15,117,7532,1608
AAACGTGTTCGCCCTA-1,0,14,118,7637,1547
AAATTGGTGAGAAGCA-1,0,15,119,7532,1487
GGTCATTGTAGTCATA-1,0,14,120,7637,1426
TGCAGTGAGGCTCGGG-1,0,15,121,7531,1365
GAACATTAGTATGTTA-1,0,14,122,7637,1305
GGTTTGCGAACACGTA-1,0,15,123,7531,1244
ACACAAATATTCCTAG-1,0,14,124,7636,1183
TTGGGTTTATTCAGCG-1,0,15,125,7531,1123
ATTCGCAGAGGACACT-1,0,14,126,7636,1062
GATTTAGTGCGTACTG-1,0,15,127,7530,1002
TAGAAACACAATAGTG-1,0,16,0,7443,8703
CAGTAGATGATGTCCG-1,0,17,1,7337,8643
TCTTAACTCGGATGTA-1,0,16,2,7442,8582
TACATCTTGTTTCTTG-1,0,17,3,7337,8521
TTCATAGGGTGTCCAT-1,0,16,4,7442,8461
TGAAGTAGCTTACGGA-1,0,17,5,7336,8400
GCACAAGTGGATCATA-1,0,16,6,7442,8339
GGGCGAATTTCTCCAC-1,0,17,7,7336,8279
ATGTTCCTGCCCACCT-1,0,16,8,7441,8218
GCTCAACCTCTTAGAG-1,0,17,9,7336,8158
ATAGCTGCTCTTGTTA-1,0,16,10,7441,8097
CGTCAGCTATTTACTC-1,0,17,11,7336,8036
ATCTGATAGTGTCTTA-1,0,16,12,7441,7975
TGCACTATGTGAGTGC-1,0,17,13,7335,7915
CCGACAAACACATGAG-1,0,16,14,7441,7854
GCCTTGTATATGCAGT-1,0,17,15,7335,7794
ATAATACCGTTAGCCG-1,0,16,16,7440,7733
ACACTCCAATGTCACT-1,0,17,17,7335,7672
AGTTGCTGACTGATAT-1,0,16,18,7440,7612
GGCGCTCCTCATCAAT-1,0,17,19,7334,7551
TGCCTGACATCGGTCA-1,0,16,20,7440,7490
TTGGCCATCTTGCGCT-1,0,17,21,7334,7430
CAGTGGTTGCACATGA-1,0,16,22,7440,7369
AGAATTGTTTGACATA-1,0,17,23,7334,7309
AAATGCTCGTTACGTT-1,0,16,24,7439,7248
CACCTAATAGAGTCGT-1,0,17,25,7334,7187
CATTTCTAGCAGACTA-1,0,16,26,7439,7126
CCGAAAGTGGTGAGCA-1,0,17,27,7333,7066
AGTCAGCCACCGCCTG-1,0,16,28,7439,7005
TCATCACTCGAGCTCG-1,0,17,29,7333,6945
CTCAGGACTCACCTGT-1,0,16,30,7438,6884
CGGTGTACTTGATCCC-1,0,17,31,7333,6824
CCTACGGCTCAGTCGA-1,0,16,32,7438,6763
GTACTTGGGCACTTCT-1,0,17,33,7332,6702
TGATTTCCTCCTGACG-1,0,16,34,7438,6641
CCTCACCAATCTTGAC-1,1,17,35,7332,6581
GGTGAGATGCAGATAA-1,1,16,36,7438,6520
GCTAGTTTCATTGAGG-1,1,17,37,7332,6460
AGGACATCGCACGTCG-1,1,16,38,7437,6399
GTGGACGTGCTGAGAC-1,1,17,39,7332,6338
TAAGGAACTTGTGGGA-1,1,16,40,7437,6278
TCGCTGTGCGTAAATC-1,1,17,41,7331,6217
GCATCCCTAACTTTGA-1,1,16,42,7437,6156
CACCCACACGTCACCC-1,1,17,43,7331,6096
CCCTCATTCTGGAATT-1,1,16,44,7436,6035
AGGGCGTGATCGGCTA-1,1,17,45,7331,5975
GGTGCGGATAAGTGGC-1,1,16,46,7436,5914
TAATATTGAAATTCGC-1,1,17,47,7331,5853
CTTACACTGGGAAATA-1,1,16,48,7436,5792
ACCAAGAACGCGTGTC-1,1,17,49,7330,5732
GCCTTCAGCCCTACCG-1,1,16,50,7436,5671
GATGCTACAAGCGCCT-1,1,17,51,7330,5611
CCGGGACCCGCAGAGA-1,1,16,52,7435,5550
GTTCCAGTCTGACCAT-1,1,17,53,7330,5489
ATGATCGGGAATAGAC-1,1,16,54,7435,5429
TTGGATTGGGTACCAC-1,1,17,55,7329,5368
TACCTCACGCTTGTAC-1,1,16,56,7435,5307
CATGGCAGGAAGATCG-1,1,17,57,7329,5247
ATGACGCCGGCTCTAA-1,0,16,58,7435,5186
AGCGACATCCCATTCA-1,0,17,59,7329,5126
AGTAATGTCTTGCCGC-1,0,16,60,7434,5065
TTCTTAGTGGCTCAGA-1,0,17,61,7329,5004
CGTCTGGAAGGGCCCG-1,0,16,62,7434,4943
ACGTGCGCCTCGTGCA-1,0,17,63,7328,4883
AGAGCGGGCTAATCAT-1,0,16,64,7434,4822
GCGTCGAAATGTCGGT-1,0,17,65,7328,4762
AACTGATATTAGGCCT-1,0,16,66,7433,4701
CGAGCTGGGCTTTAGG-1,0,17,67,7328,4640
GGGTGTTTCAGCTATG-1,0,16,68,7433,4580
TTAATTTCAGACGCGG-1,0,17,69,7327,4519
ACTGCCGTCGTAACTC-1,0,16,70,7433,4458
GTGCACGAAAGTGACT-1,0,17,71,7327,4398
ATCTCCCTGCAATCTA-1,0,16,72,7433,4337
ACGCCAGATGATTTCT-1,0,17,73,7327,4277
AGCTATTTAATCCAAC-1,0,16,74,7432,4216
CCACGAGAAGAGAATC-1,0,17,75,7327,4155
GATTCCGCGTTTCCGT-1,0,16,76,7432,4094
GTCGGATGTAGCGCGC-1,0,17,77,7326,4034
TATTTATACCGAGTAG-1,0,16,78,7432,3973
GTAGGTGATCCGTGTA-1,0,17,79,7326,3913
AGTTAAGCGGTCCCGG-1,0,16,80,7431,3852
CTGGCGACATAAGTCC-1,0,17,81,7326,3792
TTGGCCTAGAATTTCG-1,0,16,82,7431,3731
GGCATATCGGTTCTGC-1,0,17,83,7326,3670
GGGCGTCCACTGGCTC-1,0,16,84,7431,3609
TTACCCATTGCCGGGT-1,0,17,85,7325,3549
TTAGACACGATCGTTG-1,0,16,86,7431,3488
GCGCTGATCCAGACTC-1,0,17,87,7325,3428
TTCGGCAACCCGCTGA-1,0,16,88,7430,3367
GATATTTCCTACATGG-1,0,17,89,7325,3306
CTGCGTTACGATATAA-1,0,16,90,7430,3245
TAATAAACAAGGAGAT-1,0,17,91,7324,3185
AACCTTTACGACGTCT-1,0,16,92,7430,3124
AGTCCCGCCTTTAATT-1,0,17,93,7324,3064
TGAGATTAGGCCCTAA-1,0,16,94,7430,3003
AGTGTATTGCGCATTG-1,0,17,95,7324,2943
GTTGGATTCAGTGGCT-1,0,16,96,7429,2882
TAAAGCTGCAATAGGG-1,0,17,97,7324,2821
AGTAGGAAGGAAGTTG-1,0,16,98,7429,2760
TATCACTTCGAGTAAC-1,0,17,99,7323,2700
TGATCTACGCTGATCT-1,0,16,100,7429,2639
GGATCATCCCGTACGC-1,0,17,101,7323,2579
TGACACTTCTCTTTGC-1,0,16,102,7428,2518
AGCCCTTCTAATCCGA-1,0,17,103,7323,2457
CACCGCGTCCACTCTA-1,0,16,104,7428,2397
TAATTGGAATCGGGAA-1,0,17,105,7322,2336
TCGTAAGCTCCGAGGA-1,0,16,106,7428,2275
TATATTACAAATGTCG-1,0,17,107,7322,2215
CGCGAGAGGGACTTGT-1,0,16,108,7428,2154
GGACCTACGGTAACGT-1,0,17,109,7322,2094
GAAATATGCTTGAATG-1,0,16,110,7427,2033
CCGTATTAGCGCAGTT-1,0,17,111,7322,1972
AGGCGTCTATGGACGG-1,0,16,112,7427,1911
AACATCGATACGTCTA-1,0,17,113,7321,1851
TGAATATGCTATAAAC-1,0,16,114,7427,1790
ACCAAACACCCAGCGA-1,0,17,115,7321,1730
TGGCTTGTACAAGCTT-1,0,16,116,7426,1669
GAATGAAGGTCTTCAG-1,0,17,117,7321,1608
AGATACCAGCACTTCA-1,0,16,118,7426,1548
GCGGTCCCGGTGAAGG-1,0,17,119,7321,1487
GAGGCATTTGCAGCAG-1,0,16,120,7426,1426
GGCAAGCCAGGGATAG-1,0,17,121,7320,1366
TCTACGGGCTCAGTTG-1,0,16,122,7426,1305
TCTGCGAATCGTTCGC-1,0,17,123,7320,1245
AGCTCGTTGATGGAAA-1,0,16,124,7425,1184
TGAATGAGATACAGCA-1,0,17,125,7320,1123
ACCCTTGCCTGGGTCG-1,0,16,126,7425,1062
GGCGAACCGTTCTGAT-1,0,17,127,7319,1002
GCGATGTCTGTGCTTG-1,0,18,0,7232,8704
ATTAACACCTGAGATA-1,0,19,1,7126,8643
GAAATCTGACCAAGTT-1,0,18,2,7231,8582
CCTGACAAACTCGCGC-1,0,19,3,7126,8522
ATGTCATTTCCCATTG-1,0,18,4,7231,8461
GCGGTGCGGAGCATCG-1,0,19,5,7125,8401
CGGAAAGCAAATGTGC-1,0,18,6,7231,8340
GCTGAGCAACGGTTCT-1,0,19,7,7125,8279
TCACTCTTCGTCTGTC-1,0,18,8,7230,8218
GATCTTCATTGTCCTC-1,0,19,9,7125,8158
ACTCGATGTATTTCAT-1,0,18,10,7230,8097
TGAAGAGCGGTCCTAG-1,0,19,11,7125,8037
TAAACGTCGTCAATGA-1,0,18,12,7230,7976
ACGTTATTGGTCACTC-1,0,19,13,7124,7916
ATAGCCTCAGTACCCA-1,0,18,14,7230,7855
CGGGAGTATACCGCCG-1,0,19,15,7124,7794
GTCCTACAGGCGGCTC-1,0,18,16,7229,7733
CGGATAAGCGGACATG-1,0,19,17,7124,7673
AACTTCTGCGTCTATC-1,0,18,18,7229,7612
GGGTTCAGACGAACAA-1,0,19,19,7123,7552
AGTCTGGACATCCTTG-1,0,18,20,7229,7491
TTGAACGAATCCTTTG-1,0,19,21,7123,7430
GAAATACTAAACGTTT-1,0,18,22,7228,7370
CCCGCGCAATGCACCC-1,0,19,23,7123,7309
TTCGGCTAGAGATGGT-1,0,18,24,7228,7248
GACACGAGTTAGAGGA-1,0,19,25,7123,7188
GAGGTCCCAAAGATCT-1,0,18,26,7228,7127
TAACTCCATGGAGGCT-1,0,19,27,7122,7067
CTTGTTTATGTAGCCA-1,0,18,28,7228,7006
GATGGCGCACACATTA-1,0,19,29,7122,6945
ATAATAGTGTAGGGAC-1,0,18,30,7227,6884
CGCTATTCAATGTATG-1,0,19,31,7122,6824
ATATTGCTGTCAAAGT-1,0,18,32,7227,6763
GGATTCAGTACGGTGG-1,0,19,33,7121,6703
TTCTTAGTGAACGGTG-1,0,18,34,7227,6642
AATGGTTCTCACAAGC-1,0,19,35,7121,6581
TATACACGCAAAGTAT-1,1,18,36,7227,6521
CTTCATAGCTCAAGAA-1,1,19,37,7121,6460
CAACGGTTCTTGATAC-1,1,18,38,7226,6399
ACACCCGAGAAATCCG-1,1,19,39,7121,6339
TCTATCATGCAGTTAC-1,1,18,40,7226,6278
CCCGCCATGCTCCCGT-1,1,19,41,7120,6218
CGCTTCCACTGAAATC-1,1,18,42,7226,6157
CACTGTCCAAGTGAGA-1,1,19,43,7120,6096
ATTACTAGCCTCTTGC-1,1,18,44,7225,6035
CATAGTAGCATAGTAG-1,1,19,45,7120,5975
CAACTCCTTGATCCCG-1,1,18,46,7225,5914
AAGTAGAAGACCGGGT-1,1,19,47,7120,5854
GCGGGAACCAGGCCCT-1,1,18,48,7225,5793
ATTAGATTGATAGCGG-1,1,19,49,7119,5732
CTCGGTCCGTAGCCTG-1,1,18,50,7225,5672
TGGCTTTGGGTAGACA-1,1,19,51,7119,5611
TATCCATATCATGCGA-1,1,18,52,7224,5550
GGAGTGCCGCCCTGGA-1,1,19,53,7119,5490
TGAGAATGCTTTACCG-1,1,18,54,7224,5429
TTAACCAACCCTCCCT-1,0,19,55,7118,5369
TGTTTCGGTACTTCTC-1,1,18,56,7224,5308
TTGCTGAAGGAACCAC-1,0,19,57,7118,5247
TATTTAGTCTAGATCG-1,0,18,58,7223,5186
CTCCGGCCTAATATGC-1,0,19,59,7118,5126
TTGTGGCCCTGACAGT-1,0,18,60,7223,5065
TCGCCGGTCGATCCGT-1,0,19,61,7118,5005
CCATAGGTTGGCGTGG-1,0,18,62,7223,4944
GAACGACCGAATGATA-1,0,19,63,7117,4884
TCCGATAATTGCCATA-1,0,18,64,7223,4823
CATTACGTCGGCCCGT-1,0,19,65,7117,4762
CAAGCACCAAATGCCT-1,0,18,66,7222,4701
TGCATGGATCGGATCT-1,0,19,67,7117,4641
GAAATCGCGCGCAACT-1,0,18,68,7222,4580
CTGAAAGAGATCCGAC-1,0,19,69,7116,4520
CACCTCGATGGTGGAC-1,0,18,70,7222,4459
ATTTGTTCCAGGGCTC-1,0,19,71,7116,4398
TGGGCCACAAGAGCGC-1,0,18,72,7222,4338
CCTTCTTGATCCAGTG-1,0,19,73,7116,4277
CCTCGCCAGCAAATTA-1,0,18,74,7221,4216
TTCATGGCGCAACAGG-1,0,19,75,7116,4156
TTAATCAGTACGTCAG-1,0,18,76,7221,4095
CCTATCTATATCGGAA-1,0,19,77,7115,4035
ATTATACTTTGCTCGT-1,0,18,78,7221,3974
ATGGATCCGGCGTCCG-1,0,19,79,7115,3913
CGCCCGCTTCCGTACA-1,0,18,80,7220,3852
GGATTCCGCTATACCC-1,0,19,81,7115,3792
CGGTCTATCAACCCGT-1,0,18,82,7220,3731
ATGCCGGTTGATGGGA-1,0,19,83,7115,3671
TCATGCAGGTTCTCAT-1,0,18,84,7220,3610
TGAGCTTTAATGACGC-1,0,19,85,7114,3549
TCCCTTAGATTACTCG-1,0,18,86,7220,3489
ATATCTCCCTCGTTAA-1,0,19,87,7114,3428
AGCTCTTCCCAGTGCA-1,0,18,88,7219,3367
TCGCTAAACCGCTATC-1,0,19,89,7114,3307
CACATTCTTTCGATGG-1,0,18,90,7219,3246
GATATGCGGTAGCCAA-1,0,19,91,7113,3186
CGTTTCACTTCGGGCG-1,0,18,92,7219,3125
CCAATTACGGGTCGAG-1,0,19,93,7113,3064
GCAGGTAGAGTATGGT-1,0,18,94,7219,3003
GTCGTATTGGCGTACA-1,0,19,95,7113,2943
GAAATTAGCACGGATA-1,0,18,96,7218,2882
AATGCACCAAGCAATG-1,0,19,97,7113,2822
AGGACGCTCGATGTTG-1,0,18,98,7218,2761
GGCTAAAGGGCGGGTC-1,0,19,99,7112,2700
CATCTATCCCGTGTCT-1,0,18,100,7218,2640
CAGTAACTATTTATTG-1,0,19,101,7112,2579
CATATACTACTGATAA-1,0,18,102,7217,2518
GCGTTCGGAGACCGGG-1,0,19,103,7112,2458
AAGTTCAGTCTGCGTA-1,0,18,104,7217,2397
CGAAGCTATAAATTCA-1,0,19,105,7111,2337
CGCGGTCACAAACCAA-1,0,18,106,7217,2276
GGGAATGAGCCCTCAC-1,0,19,107,7111,2215
ACGGAGCGCAAATTAC-1,0,18,108,7217,2154
CGTTCTTCGCACACCT-1,0,19,109,7111,2094
GAATAGCCCTGCGGTC-1,0,18,110,7216,2033
AATAGCTACCGCGTGC-1,0,19,111,7111,1973
CCGAGCTGTGCTTGTC-1,0,18,112,7216,1912
GATGACGATGATCGCG-1,0,19,113,7110,1852
GCCTATGCTGGGCCTT-1,0,18,114,7216,1791
TTACTGTCTAGAGCTC-1,0,19,115,7110,1730
AGCGGTTGCCGCTCTG-1,0,18,116,7215,1669
GCTTGCAGCACAATTG-1,0,19,117,7110,1609
CCGGAGGTCTTATGGT-1,0,18,118,7215,1548
ACAGTATACCGTGGGA-1,0,19,119,7110,1488
GGGATCCCAATACAAA-1,0,18,120,7215,1427
ATTACGACTCCACAGT-1,0,19,121,7109,1366
CTCACACGCAAGCCTA-1,0,18,122,7215,1305
CCAGATGTAAATGGGT-1,0,19,123,7109,1245
GAACTTGTGCACGGGA-1,0,18,124,7214,1184
AAGCCGCTTTACCTTG-1,0,19,125,7109,1124
TCCATTCCCACTAGAG-1,0,18,126,7214,1063
AGAGCGCTTGTAACGG-1,0,19,127,7108,1003
TGGGTTCCCGGACGGA-1,0,20,0,7021,8704
GCTGCGCCTCCCACGT-1,0,21,1,6915,8644
CTGTTGGCTCTTCTGA-1,0,20,2,7020,8583
TTGTTCTAGATACGCT-1,0,21,3,6915,8522
CCCTCAAGCTCTTAGT-1,0,20,4,7020,8462
TGGTCTAGCTTACATG-1,0,21,5,6914,8401
ATGCACCTTCCTTAAT-1,0,20,6,7020,8340
GGGATACGGTAATAAT-1,0,21,7,6914,8280
AGTTCACCGGTTGGAC-1,0,20,8,7019,8219
GACATACTGTCGCAGA-1,0,21,9,6914,8159
TGGACACCGTTGCTTG-1,0,20,10,7019,8098
TGCGATGCTAATGGCT-1,0,21,11,6913,8037
TTCTGTTTCCTGTCGC-1,0,20,12,7019,7976
CGTTGTAAACGTCAGG-1,0,21,13,6913,7916
GATCGGCGATAAGTCG-1,0,20,14,7019,7855
AGCCTTAAAGCGGAAG-1,0,21,15,6913,7795
TCCGTAACCACAATCC-1,0,20,16,7018,7734
GAATGCCGAAATGACC-1,0,21,17,6913,7673
TATACTCATGCGGCAA-1,0,20,18,7018,7613
TAGTGTCAGAAACGGC-1,0,21,19,6912,7552
CGTCATACCATATCCA-1,0,20,20,7018,7491
TAGTACCTTAGTGGTC-1,0,21,21,6912,7431
CTGGCGGGAATAAGTA-1,0,20,22,7017,7370
AGTGTGGTCTATTGTG-1,0,21,23,6912,7310
GCTATCGCGGCGCAAC-1,0,20,24,7017,7249
CAGTAATCCCTCCCAG-1,0,21,25,6912,7188
GTATTAAGGCGTCTAA-1,0,20,26,7017,7127
CTAATTTCAACAACAC-1,0,21,27,6911,7067
TTAGCAACATGGATGT-1,0,20,28,7017,7006
ATGCTCAGTGTTGCAT-1,0,21,29,6911,6946
GATGTTTGTGCGAGAT-1,0,20,30,7016,6885
CACTTCGCCACAGGCT-1,0,21,31,6911,6824
CTGTATGGTGTAGAAA-1,0,20,32,7016,6764
TACGTGCACTATGCTG-1,0,21,33,6910,6703
GTATCAGCTTGGGTTC-1,0,20,34,7016,6642
TAACAAAGGGAGAAGC-1,0,21,35,6910,6582
TTACATCGTGGCCTGG-1,1,20,36,7016,6521
TCTGAACCGGTCGGCT-1,1,21,37,6910,6461
GGCTCGTGCCACCAGC-1,1,20,38,7015,6400
TATAAGTGAGGATAGC-1,1,21,39,6910,6339
GCCCGCGCGTTTGACA-1,1,20,40,7015,6278
TGCTGGTTGGACAATT-1,1,21,41,6909,6218
GCCTAGCGATCTGACC-1,1,20,42,7015,6157
CCATGCTCTGCAGGAA-1,1,21,43,6909,6097
TATAAATCCACAAGCT-1,1,20,44,7014,6036
CGCTCGACATAATGAT-1,1,21,45,6909,5976
CCAATTGAATGTTAAT-1,1,20,46,7014,5915
GCTAATACCGAATGCC-1,1,21,47,6908,5854
TTCAACGACCCGACCG-1,1,20,48,7014,5793
TTCCTCGAGGGTGTCT-1,1,21,49,6908,5733
CAACGACCCGTTTACA-1,1,20,50,7014,5672
CTTGTACTTGTTGACT-1,0,21,51,6908,5612
TCTCTAATAGCTGGTA-1,1,20,52,7013,5551
ATTATGCCATAGGGAG-1,0,21,53,6908,5490
GACAACGCAGCTTACG-1,0,20,54,7013,5430
AGATGACTCGCCCACG-1,0,21,55,6907,5369
GTGCGGGTCTCCAAAT-1,0,20,56,7013,5308
GTACGAGATTGCGACA-1,0,21,57,6907,5248
GTATAGGACTCAGTAG-1,0,20,58,7012,5187
TTGCACGGAGCAGCAC-1,0,21,59,6907,5127
CACAGCTAGGGAGTGA-1,0,20,60,7012,5066
ATACTAGCATGACCCT-1,0,21,61,6907,5005
CCAAGACTTCTGCGAA-1,0,20,62,7012,4944
ACATAATAAGGCGGTG-1,0,21,63,6906,4884
TAATACACAGTAGTAT-1,0,20,64,7012,4823
TCTTGGTAACACCAAA-1,0,21,65,6906,4763
AACTGGGTCCCGACGT-1,0,20,66,7011,4702
ATCACTTCATCCTCGC-1,0,21,67,6906,4641
TGGAAGGATAAAGATG-1,0,20,68,7011,4581
CATGATGCACAATTCT-1,0,21,69,6905,4520
TGCCTGATCAAACGAT-1,0,20,70,7011,4459
ATAGGGATATCCTTGA-1,0,21,71,6905,4399
CACCTAATCAGTTTAC-1,0,20,72,7011,4338
TGTGACTACGCCAGTC-1,0,21,73,6905,4278
CCCGACCATAGTCCGC-1,0,20,74,7010,4217
CGCGCCCGACTTAATA-1,0,21,75,6905,4156
TGCCACCTGGCGAAAC-1,0,20,76,7010,4095
CTGCCAAGGTTGGAAG-1,0,21,77,6904,4035
TCTCCAACGTAGGTTA-1,0,20,78,7010,3974
TTCTTGGAGTAATGAG-1,0,21,79,6904,3914
GTCTCGATCTGCTTTC-1,0,20,80,7009,3853
TACTCTCCGAACAAAT-1,0,21,81,6904,3792
ATCACATTAGAATATC-1,0,20,82,7009,3732
TACGGGATGCTAGCAG-1,0,21,83,6903,3671
AGCTGAAGTAAACCAA-1,0,20,84,7009,3610
CATGGGTCGGGTGTGG-1,0,21,85,6903,3550
CACCCACGAGGCAATT-1,0,20,86,7009,3489
TGCCATTACTAAAGAA-1,0,21,87,6903,3429
CCGTTACGTTAGAACA-1,0,20,88,7008,3368
GCCAGGAGTAACCGAT-1,0,21,89,6903,3307
GGAAAGTGCCCATGCC-1,0,20,90,7008,3246
TCTTACCGGAACTCGT-1,0,21,91,6902,3186
TATGTCAAGACCGACT-1,0,20,92,7008,3125
CCTAACTAAGGCTCTA-1,0,21,93,6902,3065
GCGGTGAACTGCGCTC-1,0,20,94,7007,3004
CCTCGCGCGATATAGG-1,0,21,95,6902,2944
ATCGGCAAGCAGTCCA-1,0,20,96,7007,2883
AGATCGTGCATAAGAT-1,0,21,97,6902,2822
ATTCAGGACCTATTTC-1,0,20,98,7007,2761
AGCTAGAAGCAGAAGT-1,0,21,99,6901,2701
TTCGCTATCTGACGTG-1,0,20,100,7007,2640
TTCCGCAGAGAAATAT-1,0,21,101,6901,2580
CAGTACATTCTCTAAA-1,0,20,102,7006,2519
GTGAAGATTTCAAGTG-1,0,21,103,6901,2458
AACGCATGATCTGGGT-1,0,20,104,7006,2398
CCCAGAGGAGGGCGTA-1,0,21,105,6900,2337
GGAAACCTTGTTGAAT-1,0,20,106,7006,2276
GTGAAGCCGTATAGTC-1,0,21,107,6900,2216
GAGCTGTCGTCTCGGA-1,0,20,108,7006,2155
TGTCATTTGTTGGGAA-1,0,21,109,6900,2095
ACCAACACCACACACT-1,0,20,110,7005,2034
AAATGATTCGATCAGC-1,0,21,111,6900,1973
CTGCTTTATGTCCGCG-1,0,20,112,7005,1912
GCGAGAGGCCATGTAA-1,0,21,113,6899,1852
ATTGACCGGCGATGAC-1,0,20,114,7005,1791
ACCCTGGTAACGCCCT-1,0,21,115,6899,1731
GTTGGACCGCATCAGG-1,0,20,116,7004,1670
CGTTTACAAGGCAGCT-1,0,21,117,6899,1609
CGGTCCATGAGACTCC-1,0,20,118,7004,1549
GTTCGTCTGGGTCCCT-1,0,21,119,6898,1488
TGTACTACTCTCACGG-1,0,20,120,7004,1427
AGTGAAGATGGTGTCC-1,0,21,121,6898,1367
GAGGGCCATAATATTA-1,0,20,122,7004,1306
ACTCCCGTAGACTAGG-1,0,21,123,6898,1246
CGTCAAATGGTCGCAG-1,0,20,124,7003,1185
AAGTCTAGTAGCTGCC-1,0,21,125,6898,1124
AAGAAATCACCAGATT-1,0,20,126,7003,1063
GAGTGCACGGACAACA-1,0,21,127,6897,1003
GTTCAAATCAGATGTC-1,0,22,0,6809,8705
CATGGCTCCCTATGTC-1,0,23,1,6704,8644
GGCCACACGAAAGCCT-1,0,22,2,6809,8583
GAAGCCGGGTAAGCTC-1,0,23,3,6704,8523
TTGCGCTCTCTCGCTT-1,0,22,4,6809,8462
TACATGACCTTATCCG-1,0,23,5,6703,8402
GTCCTTCTACAACCCA-1,0,22,6,6809,8341
TATATGCTGGGTTGCC-1,0,23,7,6703,8280
GTTTATGGGATTTAGA-1,0,22,8,6808,8219
GGAACCCGAACAAGAA-1,0,23,9,6703,8159
AACGTTATCAGCACCT-1,0,22,10,6808,8098
CATCGTCCGGTTACTA-1,0,23,11,6702,8038
AGACAGCTCAGAATCC-1,0,22,12,6808,7977
GCAGATCCTCGCAAAT-1,0,23,13,6702,7916
GGGTCATGCGTACCAT-1,0,22,14,6808,7856
CTGGTCATTCCAATCC-1,0,23,15,6702,7795
TCAGGGCGCAAACTCG-1,0,22,16,6807,7734
GATGCCAGCAGAAGGC-1,0,23,17,6702,7674
GTTATTAACGTGGGAG-1,0,22,18,6807,7613
AATACAATGTTTCAGG-1,0,23,19,6701,7553
TTGCTGCACCTATCCA-1,0,22,20,6807,7492
CCAGAGACAAAGCCGG-1,0,23,21,6701,7431
CCGAAGTATATTGTTC-1,0,22,22,6806,7370
GCTAAACCTGAGGTGA-1,0,23,23,6701,7310
TCATACTTACAGATCC-1,0,22,24,6806,7249
CGAGCACTTCAAGTTT-1,0,23,25,6701,7189
TAGCAACCTGTCACAA-1,0,22,26,6806,7128
TGGGAAATGCCTTTCC-1,0,23,27,6700,7068
AGACCATGGGATACAA-1,0,22,28,6806,7007
TAAATGAATCCGTTTC-1,0,23,29,6700,6946
ACAACGGTCCCTGCGA-1,0,22,30,6805,6885
GTCACTCTCCAAATCT-1,0,23,31,6700,6825
TTCTACTTGCGAGGGC-1,0,22,32,6805,6764
CGCAATTACTTTCGGT-1,0,23,33,6699,6704
CTGTTCATCTCACGGG-1,0,22,34,6805,6643
TTCTTGTAACCTAATG-1,0,23,35,6699,6582
GCTTGATGATAATCAG-1,0,22,36,6804,6522
TTGGCTCGCATGAGAC-1,1,23,37,6699,6461
GCCCAGTTGGTATGCC-1,1,22,38,6804,6400
ATTCCTCCGCCAGTGC-1,1,23,39,6699,6340
TCGTCCGCTGGCGTCT-1,1,22,40,6804,6279
GGAGAAGTCATTGGCA-1,1,23,41,6698,6219
TTGTTAGCAAATTCGA-1,1,22,42,6804,6158
TCTAGCATCTTCGATG-1,0,23,43,6698,6097
TTCTAGGCCAATTGTG-1,1,22,44,6803,6036
TCACGGTCATCGCACA-1,1,23,45,6698,5976
ATGAAGCCAAGGAGCC-1,1,22,46,6803,5915
AATGACTGTCAGCCGG-1,0,23,47,6697,5855
CCAAACAGAACCCTCG-1,1,22,48,6803,5794
TATCGATGATTAAACG-1,0,23,49,6697,5733
GAACACACATCAACCA-1,1,22,50,6803,5673
CCCGTCAGCGTCTGAC-1,0,23,51,6697,5612
AGCATCGTCGATAATT-1,0,22,52,6802,5551
GACTAAGATCATGCAC-1,0,23,53,6697,5491
TAGGGTGTTTCAAGAG-1,0,22,54,6802,5430
TGGTTCGTAGCAAAGG-1,0,23,55,6696,5370
CTGTTCACTGCCTGTG-1,0,22,56,6802,5309
ATGTGCATCCGACGCA-1,0,23,57,6696,5248
TTGTCGTTCAGTTACC-1,0,22,58,6801,5187
CGGGATCAATGTAAGA-1,0,23,59,6696,5127
TTATCTGTATCATAAC-1,0,22,60,6801,5066
ATCGACTCTTTCCGTT-1,0,23,61,6696,5006
CTCATTTGATGGGCGG-1,0,22,62,6801,4945
GTAAGCGGGCAGTCAG-1,0,23,63,6695,4884
TCTATCGGTCGCAACA-1,0,22,64,6801,4824
AACGCGGTCTCCAGCC-1,0,23,65,6695,4763
ATTAATACTACGCGGG-1,0,22,66,6800,4702
CTTTAACTTTCAAAGG-1,0,23,67,6695,4642
CGTACCTGATAGGCCT-1,0,22,68,6800,4581
GAATGTTGGGTAATCT-1,0,23,69,6694,4521
TGCGGAGTAAAGGTGC-1,0,22,70,6800,4460
CCTGAATATTTACATA-1,0,23,71,6694,4399
TTGCTCCCATACCGGA-1,0,22,72,6799,4338
CCTCTAATCTGCCAAG-1,0,23,73,6694,4278
AGGTTGAGGCACGCTT-1,0,22,74,6799,4217
TCCCGTCAGTCCCGCA-1,0,23,75,6694,4157
TCCGATGACTGAGCTC-1,0,22,76,6799,4096
CAGCCTCCTGCAGAGG-1,0,23,77,6693,4036
CTTAGCCTTCCACATG-1,0,22,78,6799,3975
ATTAATGAACCAGTCG-1,0,23,79,6693,3914
ACGATACATAGAACTA-1,0,22,80,6798,3853
AGCCACTCCCGTGCTT-1,0,23,81,6693,3793
ATACGGGTTTCGATTG-1,0,22,82,6798,3732
CTGTCAAATGGCTCGG-1,0,23,83,6692,3672
GCTCGGAATTTAAAGC-1,0,22,84,6798,3611
TAGGCATGTTACGCCA-1,0,23,85,6692,3550
TGGCAACTCGCGCGCC-1,0,22,86,6798,3490
ATCAGTAGGCAGGGAT-1,0,23,87,6692,3429
TATCGATCTATGCATA-1,0,22,88,6797,3368
CGACTCAGGATGTTAT-1,0,23,89,6692,3308
GCCATATTGCACACAG-1,0,22,90,6797,3247
AATTCATAAGGGATCT-1,0,23,91,6691,3187
CGGTAGAGGTGCAGGT-1,0,22,92,6797,3126
AATGATGATACGCTAT-1,0,23,93,6691,3065
CTTGTGCTCACCGATT-1,0,22,94,6796,3004
TTCCAATCAGAGCTAG-1,0,23,95,6691,2944
CGATGGACCCTACGCC-1,0,22,96,6796,2883
GGTCGGATAAACGGCG-1,0,23,97,6691,2823
TTAGCTAATACGATCT-1,0,22,98,6796,2762
CTCGATATTTGCGAGC-1,0,23,99,6690,2701
ATTACTTACTGGGCAT-1,0,22,100,6796,2641
CTAGCCGATGTTATGA-1,0,23,101,6690,2580
TACTGCAATCAATTAC-1,0,22,102,6795,2519
TAGTCTGTGACGTTGC-1,0,23,103,6690,2459
CTCGTTTCTAATGTTT-1,0,22,104,6795,2398
TTCGTTCAACGAAGTT-1,0,23,105,6689,2338
CTGAATTTATTGCCAG-1,0,22,106,6795,2277
TGGAATATCCTTGACC-1,0,23,107,6689,2216
CAGATCATTTAAAGTC-1,0,22,108,6795,2155
CTCCTTTACGCAAGTC-1,0,23,109,6689,2095
TCCCAAACAGACAACG-1,0,22,110,6794,2034
ATCGCTGCGTGCAGCA-1,0,23,111,6689,1974
TTAGTTCAAGTGTTCG-1,0,22,112,6794,1913
AAACTCGTGATATAAG-1,0,23,113,6688,1852
TTAACGAACAAGCAGT-1,0,22,114,6794,1792
GTTATATCAGGAGCCA-1,0,23,115,6688,1731
CAAATTGGATTATGCC-1,0,22,116,6793,1670
CGAGGAGCTTCCATAT-1,0,23,117,6688,1610
GGAGACCAATGTGCTT-1,0,22,118,6793,1549
CATTGATGAACACGCC-1,0,23,119,6687,1489
GTCAATGCTATAATTT-1,0,22,120,6793,1428
ACCACCCTCTCTTCTA-1,0,23,121,6687,1367
TGGAGGGAAACACCTC-1,0,22,122,6793,1306
CACGGACGTGGATGGC-1,0,23,123,6687,1246
AACTTTCTCGATCATG-1,0,22,124,6792,1185
CGTATTGTTTCCTAAT-1,0,23,125,6687,1125
CCTACTGCGGCGGCCA-1,0,22,126,6792,1064
CTTAGGTCCCAATCGT-1,0,23,127,6686,1004
CGCAATCGATCATTAG-1,0,24,0,6598,8705
TGGTTATGCTTGCGGT-1,0,25,1,6493,8645
GGCTTGGCTCTCACCT-1,0,24,2,6598,8584
ATTGGTAGGATCCGCT-1,0,25,3,6493,8523
TCAGGGCGACTTCCTT-1,0,24,4,6598,8462
TCTGCAGATTCGAGTC-1,0,25,5,6492,8402
CTCTCGCTGTACTATG-1,0,24,6,6598,8341
AATAGTCGCGAGTCGG-1,0,25,7,6492,8281
AGTTACCCTTAAGACT-1,0,24,8,6597,8220
CTTAAATAAGACCCAT-1,0,25,9,6492,8160
GGTTGTGCTCTTGTCC-1,0,24,10,6597,8099
GTGAGTCTAAGACGGA-1,0,25,11,6491,8038
CGCGACACTGCGCAGC-1,0,24,12,6597,7977
GCTCGCGGTTCCGCTC-1,0,25,13,6491,7917
TTAACTCACGCGTGGA-1,0,24,14,6597,7856
GGAACGGCCTGCAGCC-1,0,25,15,6491,7796
GTAGAAACGGGTGGAG-1,0,24,16,6596,7735
TAATGAAAGACCCTTG-1,0,25,17,6491,7674
AGGCTTGCTAGACACC-1,0,24,18,6596,7614
TTGCGTAGTTTGAGGA-1,0,25,19,6490,7553
CGCCCTTGAAGGCTGA-1,0,24,20,6596,7492
CCCGGTGGAAGAACCT-1,0,25,21,6490,7432
TTAACACCTCGAACAT-1,0,24,22,6595,7371
GATTCCTATACGGCGC-1,0,25,23,6490,7311
TTACCCTAACAGTCCT-1,0,24,24,6595,7250
ACCCACCTACATGCTC-1,0,25,25,6489,7189
AAAGGGCAGCTTGAAT-1,0,24,26,6595,7128
CACACAGGGATAGATT-1,0,25,27,6489,7068
AGAGCGTACAAGCTCG-1,0,24,28,6595,7007
TCTTACGGCATCCGAC-1,0,25,29,6489,6947
GCCTATTCCGATATAG-1,0,24,30,6594,6886
GAAAGTGACTAACTGC-1,0,25,31,6489,6825
CCGGAATGGTTTCAGT-1,0,24,32,6594,6765
AGTATAATACTAGGCA-1,0,25,33,6488,6704
TAACTATCGAAGGTCC-1,0,24,34,6594,6643
ATGAGGAGTGTTAATC-1,0,25,35,6488,6583
TGTGTCGCGAGTTGCA-1,0,24,36,6593,6522
ATCCAACGCAGTCATA-1,0,25,37,6488,6462
AAGGCGCGTAAAGCTT-1,0,24,38,6593,6401
AGTCGGCCCAAACGAC-1,0,25,39,6488,6340
AACGTCAGACTAGTGG-1,1,24,40,6593,6279
ACTACCAGCTCTCTGG-1,0,25,41,6487,6219
GCAAGTGCACAGAGAA-1,0,24,42,6593,6158
ACACCTTAAGTAGGGC-1,0,25,43,6487,6098
TTCGACGGGAAGGGCG-1,0,24,44,6592,6037
TTCGCACTCGCGTGCT-1,0,25,45,6487,5976
TATTTGTTACCCTTTA-1,0,24,46,6592,5916
CGCTGTGACGCCGCAC-1,0,25,47,6486,5855
GTTGCACGGAGTTTCG-1,0,24,48,6592,5794
GTTTCCTGGAGGGTGA-1,0,25,49,6486,5734
ACACCCAGCATGCAGC-1,0,24,50,6592,5673
TCAACCATGTTCGGGC-1,0,25,51,6486,5613
TTACAACTACGCATCC-1,0,24,52,6591,5552
TCCGATGGTGCGACAT-1,0,25,53,6486,5491
GGGCGTACATTTATAT-1,0,24,54,6591,5430
AGCGACCAACGATATT-1,0,25,55,6485,5370
ACACAAAGACGGGTGG-1,0,24,56,6591,5309
ATCGCACGCCGGGAGA-1,0,25,57,6485,5249
GCTCTAAACCCTGACG-1,0,24,58,6590,5188
AATGCAACCGGGTACC-1,0,25,59,6485,5128
TCAAACAACCGCGTCG-1,0,24,60,6590,5067
TATGCTCCCTACTTAC-1,0,25,61,6484,5006
AAAGGGATGTAGCAAG-1,0,24,62,6590,4945
ACGATCATACATAGAG-1,0,25,63,6484,4885
TTGTTCAGTGTGCTAC-1,0,24,64,6590,4824
ATGCATGATCCAGGAT-1,0,25,65,6484,4764
AGTCTTCTCCTCAAAT-1,0,24,66,6589,4703
GATTCCCTTGTCGCAG-1,0,25,67,6484,4642
CTCGCACCTATATAGT-1,0,24,68,6589,4582
ACTCAATAAAGGCACG-1,0,25,69,6483,4521
AACCGAGCTTGGTCAT-1,0,24,70,6589,4460
TAAGGCAACATAAGAT-1,0,25,71,6483,4400
CACGCACAGCGCAGCT-1,0,24,72,6588,4339
GGTTTACAATCTCAAT-1,0,25,73,6483,4279
TGCAGGATCGGCAAAG-1,0,24,74,6588,4218
ATAACGGAGTCCAACG-1,0,25,75,6483,4157
AACGATATGTCAACTG-1,0,24,76,6588,4096
GACAACGACCATTGAA-1,0,25,77,6482,4036
TTGACCATGTTCTCCG-1,0,24,78,6588,3975
AGTACGGGCACCTGGC-1,0,25,79,6482,3915
CGCCATCCGATTATGA-1,0,24,80,6587,3854
AAGGTATCCTAATATA-1,0,25,81,6482,3793
TGTTGTCAAGAAGTCT-1,0,24,82,6587,3733
CAGTGAATAAATGACT-1,0,25,83,6481,3672
CACCTTGCGAAACTCG-1,0,24,84,6587,3611
CATTTAGCGGACCATG-1,0,25,85,6481,3551
CCAGTCTAGACGGCGC-1,0,24,86,6587,3490
TCGCTTTAAACGTTTG-1,0,25,87,6481,3430
GTGAAACGGCGCCACC-1,0,24,88,6586,3369
GGGCTCATCGAACCCA-1,0,25,89,6481,3308
TTGATGTGTAGTCCCG-1,0,24,90,6586,3247
CAGTAGCCCACGCGGT-1,0,25,91,6480,3187
AGCGCGGGTGCCAATG-1,0,24,92,6586,3126
TAATCGATCCGTACGT-1,0,25,93,6480,3066
AGTGGCGGCAATTTGA-1,0,24,94,6585,3005
CCTTTCAATGAAGAAA-1,0,25,95,6480,2944
CTCAGTCACGACAAAT-1,0,24,96,6585,2884
ATAGGCTAGCTTCGCA-1,0,25,97,6479,2823
CGGTTCAAGTAGGTGT-1,0,24,98,6585,2762
CAGTCGAGGATGCAAT-1,0,25,99,6479,2702
TATCACCCAACCGACC-1,0,24,100,6585,2641
AATGATGCGACTCCTG-1,0,25,101,6479,2581
TGGAACCACTGACACA-1,0,24,102,6584,2520
GCCAATAGGGCATCTC-1,0,25,103,6479,2459
TTCTTTGGTCGCGACG-1,0,24,104,6584,2398
ATTAGATTCCTCAGCA-1,0,25,105,6478,2338
CCGTGGAACGATCCAA-1,0,24,106,6584,2277
GGGTCGTGGCAAGTGT-1,0,25,107,6478,2217
TCGCTCGGCACCAGCG-1,0,24,108,6583,2156
ACGCAATCACTACAGC-1,0,25,109,6478,2096
CTCTAATGCATTGATC-1,0,24,110,6583,2035
GTCTCGACTAAGTTTG-1,0,25,111,6478,1974
TGGTTTAAACGTGGGT-1,0,24,112,6583,1913
CGCAGATCTTCACCCG-1,0,25,113,6477,1853
TCCAGATGTACGCCAA-1,0,24,114,6583,1792
CATTGCGGGTCAATTC-1,0,25,115,6477,1732
GACGTTCGTAAATACA-1,0,24,116,6582,1671
TACACCGTCGTTAGTC-1,0,25,117,6477,1610
ACGGGCGTATGCGACA-1,0,24,118,6582,1550
GAAGGCTACCATTGTT-1,0,25,119,6476,1489
TAAATCTTTACACCTC-1,0,24,120,6582,1428
AGTTTATGTAAAGACA-1,0,25,121,6476,1368
AGGAGACATCCACAGT-1,0,24,122,6582,1307
CAACCTGAACCTGCCA-1,0,25,123,6476,1247
AGTCCCTCGCAGAAAG-1,0,24,124,6581,1186
TGTATACGGATGATGA-1,0,25,125,6476,1125
TTGTGGTATAGGTATG-1,0,24,126,6581,1064
TCTGCACCATTAGTAA-1,0,25,127,6475,1004
AAATGTATCTTATCCC-1,0,26,0,6387,8706
ACTCTAAACCTGGGAT-1,0,27,1,6282,8645
GCTGGCAGGTGCCGTG-1,0,26,2,6387,8584
CTCATTCGTGAACATC-1,0,27,3,6282,8524
TCGCCGGATGGGCAAG-1,0,26,4,6387,8463
GGACTAAGTCAGGAGT-1,0,27,5,6281,8403
TATCAAAGGTCTGTAA-1,0,26,6,6387,8342
TTCAGTTTGTGGCAGC-1,0,27,7,6281,8281
TGTTCATAAATGTGCT-1,0,26,8,6386,8220
CTTAGCCCGGATAGTG-1,0,27,9,6281,8160
GATGCGAATGGTATTA-1,0,26,10,6386,8099
TCTAACTGTATGTAAA-1,0,27,11,6280,8039
TTAAACCTGGTTCCTT-1,0,26,12,6386,7978
GCTAAGTAAAGGCGAT-1,0,27,13,6280,7917
AGTTACCGCACATGGT-1,0,26,14,6385,7857
GACTGCGGCACGTGTA-1,0,27,15,6280,7796
TGGTGATCGTATTTGT-1,0,26,16,6385,7735
TTATCGCCTGCGAAGC-1,0,27,17,6280,7675
TGGAATTAGACGCTTT-1,0,26,18,6385,7614
TCGTCACACTGTTAGC-1,0,27,19,6279,7554
TTATGTTTGCGATAGA-1,0,26,20,6385,7493
GGTGCTGATCACAAAG-1,0,27,21,6279,7432
CATAGCCGCCCGGGAT-1,0,26,22,6384,7371
GGTTAGTTACGGCGCC-1,0,27,23,6279,7311
ATTCCCACATAAACAA-1,0,26,24,6384,7250
ATTCAGTAGCAGGGTC-1,0,27,25,6278,7190
CAGTTCCGCGGGTCGA-1,0,26,26,6384,7129
AAGAGATGAATCGGTA-1,0,27,27,6278,7068
CGCAATTCTACAATAA-1,0,26,28,6384,7008
TAACGCTTTGAGAGCG-1,0,27,29,6278,6947
AGGCTATGGTTAGCTT-1,0,26,30,6383,6886
GAGGAATGGAGAGGTT-1,0,27,31,6278,6826
TCCTCTACGAGATGGC-1,0,26,32,6383,6765
TTGATTATGCAGATGA-1,0,27,33,6277,6705
TCAGTACTGACCCGCG-1,0,26,34,6383,6644
TTATGACAAACTGGAT-1,0,27,35,6277,6583
GTAAGTAGGGTATACC-1,0,26,36,6382,6522
CGCAAACACGAGTTAC-1,0,27,37,6277,6462
TGGCCGTATATTGACC-1,0,26,38,6382,6401
ACTGTAGCACTTTGGA-1,0,27,39,6277,6341
GCTCTATGTTACGTGC-1,0,26,40,6382,6280
TGCGCGATTAACGGAG-1,0,27,41,6276,6220
GAATCGACATGGTCAC-1,0,26,42,6382,6159
GACTAAGTAGGCTCAC-1,0,27,43,6276,6098
ATCTTGACCTGCAACG-1,0,26,44,6381,6037
ATGCACTACCGCATTG-1,0,27,45,6276,5977
CAGATACTAACATAGT-1,0,26,46,6381,5916
GATCGACACTATCTGA-1,0,27,47,6275,5856
ATAGAGTACTGGGACA-1,0,26,48,6381,5795
CCTACTGCTTACACTT-1,0,27,49,6275,5734
CCTGCTATTTGAGAAG-1,0,26,50,6380,5674
CGCGTTCATGAAATAC-1,0,27,51,6275,5613
CATTATGCTTGTTGTG-1,0,26,52,6380,5552
CCAGGGACGTGGCCTC-1,0,27,53,6275,5492
TATGGATGTGCTACGC-1,0,26,54,6380,5431
GTACTAAGATTTGGAG-1,0,27,55,6274,5371
AGACCCGCCCTCCTCG-1,0,26,56,6380,5310
CGCATTAGCTAATAGG-1,0,27,57,6274,5249
GCTCTCGGGTACCGAA-1,0,26,58,6379,5188
CACCGCCAGAAGGTTT-1,0,27,59,6274,5128
TCCCAAAGACGAAGGA-1,0,26,60,6379,5067
ATGGATTGACCAAACG-1,1,27,61,6273,5007
GTCATGGACATGACTA-1,0,26,62,6379,4946
CTACTGCCACCTGACC-1,1,27,63,6273,4885
TTATATTTGGCAATCC-1,1,26,64,6379,4825
AGCACCAGTACTCACG-1,1,27,65,6273,4764
CATGGTCTAGATACCG-1,1,26,66,6378,4703
TCTACCGTCCACAAGC-1,1,27,67,6273,4643
CTAGTTGGGCCCGGTA-1,1,26,68,6378,4582
TCCCGCGTACTCCTGG-1,1,27,69,6272,4522
CAGAGCATGAGCTTGC-1,1,26,70,6378,4461
ACACGGGAACTTAGGG-1,0,27,71,6272,4400
GGCTCTGCTCCAACGC-1,0,26,72,6377,4339
AGAACGTGGTACATTC-1,0,27,73,6272,4279
CAATAAACCTTGGCCC-1,0,26,74,6377,4218
ACTTCGCCATACGCAC-1,0,27,75,6272,4158
ATCTGGTTAAGACTGT-1,0,26,76,6377,4097
TCGTAAGACGACATTG-1,0,27,77,6271,4036
GTGTACCTTGGCTACG-1,0,26,78,6377,3976
GCCCGTAATACCTTCT-1,0,27,79,6271,3915
CGGTCAAGTGGGAACC-1,0,26,80,6376,3854
TTGTAAGGCCAGTTGG-1,0,27,81,6271,3794
GGAGCACCAAGAACTA-1,0,26,82,6376,3733
TAATAGTGACGACCAG-1,0,27,83,6270,3673
CTAAATCCTATTCCGG-1,0,26,84,6376,3612
CGAGTTCTGTCCCACC-1,0,27,85,6270,3551
AGGCAGATGCGTAAAC-1,0,26,86,6376,3490
AAGGATGAGGGACCTC-1,0,27,87,6270,3430
AGAGAACCGTCTAGGA-1,0,26,88,6375,3369
GAGGGCGCAGCTCTGC-1,0,27,89,6270,3309
AAGATTGGCGGAACGT-1,0,26,90,6375,3248
CCAGTAGTCTGATCCA-1,0,27,91,6269,3188
AAGGGACAGATTCTGT-1,0,26,92,6375,3127
ATAGAGTTATCAACTT-1,0,27,93,6269,3066
AAATTACCTATCGATG-1,0,26,94,6374,3005
GATCCTAAATCGGGAC-1,0,27,95,6269,2945
TTACAGACCTAAATGA-1,0,26,96,6374,2884
CCTCACCTTAGCATCG-1,0,27,97,6268,2824
CATGCGACCAGTTTAA-1,0,26,98,6374,2763
AACATATCAACTGGTG-1,0,27,99,6268,2702
CTATAAGAGCCAATCG-1,0,26,100,6374,2642
AATATCGAGGGTTCTC-1,0,27,101,6268,2581
GTACTCCTGGGTATGC-1,0,26,102,6373,2520
ATAAGTAGGATTCAGA-1,0,27,103,6268,2460
AGGTCGCGGAGTTACT-1,0,26,104,6373,2399
CTAATTCTCAGATATT-1,0,27,105,6267,2339
GCCAACCATTTCCGGA-1,0,26,106,6373,2278
TGATCCCAGCATTAGT-1,0,27,107,6267,2217
CGTTGTAAGATTGATT-1,0,26,108,6372,2156
GAAACCATGGTGCGCT-1,0,27,109,6267,2096
AATCTATGCCGGAGCC-1,0,26,110,6372,2035
GACTCCCAGAATAAGG-1,0,27,111,6267,1975
TATGATCCGGCACGCC-1,0,26,112,6372,1914
CCGCTTGCTGACATGG-1,0,27,113,6266,1853
TGGTTAAGGGCGCTGG-1,0,26,114,6372,1793
TTGATAGTCAATACAT-1,0,27,115,6266,1732
GGTTTAATTGAGCAGG-1,0,26,116,6371,1671
CATTACATAGATTGTG-1,0,27,117,6266,1611
GGTACACCAGATTTAT-1,0,26,118,6371,1550
GGCCCGTATACCATGC-1,0,27,119,6265,1490
ATCTTTCGTATAACCA-1,0,26,120,6371,1429
GAGATGACAATCCTTA-1,0,27,121,6265,1368
AAAGCTTGCCTACATA-1,0,26,122,6371,1307
GAACGATAAGTTAAAG-1,0,27,123,6265,1247
TAATAGCTAAATGATG-1,0,26,124,6370,1186
TATGGCTAGGCTAATT-1,0,27,125,6265,1126
AGGAGAGTCTGGCTAC-1,0,26,126,6370,1065
TGCTCTGCCGGTTCAC-1,0,27,127,6264,1004
CCAATAGATTTCATCT-1,0,28,0,6176,8706
GGGCACGAATTGGCCG-1,0,29,1,6071,8646
TCGTTGACAGGGTCCC-1,0,28,2,6176,8585
ATCGTATTCCGAGAAC-1,0,29,3,6070,8524
GGGAATTCTGTCCAGT-1,0,28,4,6176,8463
ACGCGTTTCTTAAGAG-1,0,29,5,6070,8403
GAGAGCGCAGTCCCTG-1,0,28,6,6176,8342
GTCCTATTGTTGTGGT-1,0,29,7,6070,8282
CATCTGCAGGATCATT-1,0,28,8,6175,8221
GAGTCGACAGACCCTC-1,0,29,9,6070,8160
AAGTGCAAAGGTAGAC-1,0,28,10,6175,8100
AGGGTGGATAGTGCAT-1,0,29,11,6069,8039
TGATAGCGGGATTCTA-1,0,28,12,6175,7978
GTCAGTTTGGTAGTCG-1,0,29,13,6069,7918
GCATTCGAAATGAACA-1,0,28,14,6174,7857
AAAGACTGGGCGCTTT-1,0,29,15,6069,7797
TAACAATATTTGTTGC-1,0,28,16,6174,7736
CCAGCTTCCGCCCGCA-1,0,29,17,6069,7675
GATATGGATTACGCGG-1,0,28,18,6174,7614
AGAGCAGTTATGAGAC-1,0,29,19,6068,7554
TCACATCTTATCTGAT-1,0,28,20,6174,7493
TATGAAGACAGGTGCG-1,0,29,21,6068,7433
TACCTGCTGCACTGTG-1,0,28,22,6173,7372
TAGGTCCAAGTAAGGA-1,0,29,23,6068,7312
GAAACTCGTGCGATGC-1,0,28,24,6173,7251
AACAATTACTCTACGC-1,0,29,25,6067,7190
CCGCACGTGACCTCGG-1,0,28,26,6173,7129
AACTTGCCCGTATGCA-1,0,29,27,6067,7069
GGGTATGTATGCACTT-1,0,28,28,6173,7008
TTCGTACTCCAGAACG-1,0,29,29,6067,6948
GAATTTCTCGCTGCAG-1,0,28,30,6172,6887
AACAGGATGGGCCGCG-1,0,29,31,6067,6826
GACGTGTAGGGATTAT-1,0,28,32,6172,6766
TAGGTGAGCCCTACTC-1,0,29,33,6066,6705
CTAATTCGCACGCGCT-1,0,28,34,6172,6644
GAAGCTTGCTGACCGC-1,0,29,35,6066,6584
GGTTAGGCTTGGAGAA-1,0,28,36,6171,6523
ACAAGGACAAGAGGTT-1,0,29,37,6066,6463
AGGCCACCCGTTATGA-1,0,28,38,6171,6402
GTGGGCTTAGACACAC-1,0,29,39,6065,6341
CGTGTCCCATTCGCGA-1,0,28,40,6171,6280
TGGAGTGATGCGATGA-1,0,29,41,6065,6220
AACAACTGGTAGTTGC-1,0,28,42,6171,6159
CCTGGCTAGACCCGCC-1,0,29,43,6065,6099
CGCAATTAGGGTAATA-1,0,28,44,6170,6038
TCGAAATTTAGGACCA-1,0,29,45,6065,5977
AGACTAGCCTTCCAGA-1,0,28,46,6170,5917
TTGATCTAACTTTGTC-1,0,29,47,6064,5856
AAGGAGCGGTTGGTGC-1,0,28,48,6170,5795
ACTTGGGACCCGGTGG-1,0,29,49,6064,5735
TGATCTCCGGCGCCAG-1,0,28,50,6169,5674
CAGTTCAAATTGACAC-1,0,29,51,6064,5614
GTCCGGCTGAATTGCG-1,0,28,52,6169,5553
CTGGAAATGGATGCTT-1,0,29,53,6064,5492
TGATCGGTTTGACCCT-1,0,28,54,6169,5431
TAGAGTCTAAGCGAAC-1,0,29,55,6063,5371
GAGACTGATGGGTAGA-1,0,28,56,6169,5310
TAGCTAAGTCCGGGAG-1,0,29,57,6063,5250
GGGCGATATGTGTGAA-1,0,28,58,6168,5189
CTCGAGGTCGAACAGT-1,1,29,59,6063,5128
GATCCCTTTATACTGC-1,1,28,60,6168,5068
GTCATGCACCTCCGTT-1,1,29,61,6062,5007
ACTTTCCTATAGCTTC-1,1,28,62,6168,4946
TCGCTCGATATATTCC-1,1,29,63,6062,4886
ATAGGTTGGGCAGATG-1,1,28,64,6168,4825
CAATTAAGGGTGATGA-1,1,29,65,6062,4765
ACCGACTGAGTCCCAC-1,1,28,66,6167,4704
CCTGTCACCCGGGCTC-1,1,29,67,6062,4643
GATCGGTGGCCATAAC-1,1,28,68,6167,4582
CCTATGGGTTACCGTC-1,1,29,69,6061,4522
TTGGGACACTGCCCGC-1,1,28,70,6167,4461
CGAGGCTAAATATGGC-1,1,29,71,6061,4401
TCAGGGTGTAACGTAA-1,1,28,72,6166,4340
CGAGAGATGTGAACCT-1,1,29,73,6061,4280
TCGCTGGGCGGATTGT-1,1,28,74,6166,4219
AGATCTCAGGTGTGAT-1,0,29,75,6060,4158
TGGCCAAACTGAAGTA-1,0,28,76,6166,4097
GCTTCCGTCCCTAGAC-1,0,29,77,6060,4037
CAGCAGCCCGTTCCTT-1,0,28,78,6166,3976
TGTATAACAGATCCTG-1,0,29,79,6060,3916
CGCGGGAATTAGGCAG-1,0,28,80,6165,3855
TGCATGTGGTAATCTA-1,0,29,81,6060,3794
ACAATTTGAGCAGTGG-1,0,28,82,6165,3734
GAGCTAAGGGCATATC-1,0,29,83,6059,3673
CCAGATAGTTGAGTGA-1,0,28,84,6165,3612
CCACAATGTACGTCTT-1,0,29,85,6059,3552
CAATGGATCTCTACCA-1,0,28,86,6164,3491
TGTGGCAAAGCGTATG-1,0,29,87,6059,3431
TAAAGCGTTAGGAGAA-1,0,28,88,6164,3370
TCCGTTTAGCCTTGAA-1,0,29,89,6059,3309
CAGCTCGACAAGTTAA-1,0,28,90,6164,3248
GCCTATAGTGTCAGGG-1,0,29,91,6058,3188
ATAGACAACGGGACCT-1,0,28,92,6164,3127
CTACTATCTTTCAGAG-1,0,29,93,6058,3067
GCGCTGCTTTGCATTT-1,0,28,94,6163,3006
GCGCATCCAGTCAGCA-1,0,29,95,6058,2945
GACTCGCGGGAATGAC-1,0,28,96,6163,2885
CTGGTAACGAGCTCTT-1,0,29,97,6057,2824
TCCGGCCTAGCGTACA-1,0,28,98,6163,2763
TCTAGGTGGCGACGCT-1,0,29,99,6057,2703
ACGCTAGTGATACACT-1,0,28,100,6163,2642
ATCTGCACCTCTGCGA-1,0,29,101,6057,2582
CCTCACCTGAGGGAGC-1,0,28,102,6162,2521
AGTGAGCCTCGCCGCC-1,0,29,103,6057,2460
ACGAGTACGGATGCCC-1,0,28,104,6162,2399
GGTACCATTAAGACGG-1,0,29,105,6056,2339
TTCTGCTAGACTCCAA-1,0,28,106,6162,2278
TAACTATTACGCCAAA-1,0,29,107,6056,2218
GCATTCAAGGCAACGC-1,0,28,108,6161,2157
AGTACATCATTTATCA-1,0,29,109,6056,2096
GTCGTGTCTGGTCATC-1,0,28,110,6161,2036
AGTCTAAAGTATACTC-1,0,29,111,6055,1975
CGGCCCAACCTGTAGT-1,0,28,112,6161,1914
AGGGAGACATACTTCG-1,0,29,113,6055,1854
TCCCTAGATCAATAGG-1,0,28,114,6161,1793
TCCCGTCGCGTCATAG-1,0,29,115,6055,1733
CGCATCCATCAGCCAG-1,0,28,116,6160,1672
CTGCACCTAGTCCACA-1,0,29,117,6055,1611
CGAGGATCGGGAACGA-1,0,28,118,6160,1550
CAATGAGGTTCGACTA-1,0,29,119,6054,1490
TCTGACGGGCTAACCC-1,0,28,120,6160,1429
TTCTATGCCTTTCGCA-1,0,29,121,6054,1369
AGAGTATAGTGTTACG-1,0,28,122,6159,1308
CCATTGTTTCCTCCAT-1,0,29,123,6054,1248
CTCATCACTTAGTGAT-1,0,28,124,6159,1187
CCGAAGGGCGTACCGC-1,0,29,125,6054,1126
TCAAGCTGCCTTGAAA-1,0,28,126,6159,1065
CTCATTAACGTTGCCC-1,0,29,127,6053,1005
GTCTTCCTCACCTAAG-1,0,30,0,5965,8706
GGTGATGAAGGAAGTG-1,0,31,1,5860,8646
TCAATACAATTGCTGC-1,0,30,2,5965,8585
GCAACCCAAGTTGTTT-1,0,31,3,5859,8525
ATGAAGTGGACCCAGC-1,0,30,4,5965,8464
GAGAATCTCACGATCA-1,0,31,5,5859,8404
TATATCATTGATCAGT-1,0,30,6,5965,8343
AACTTTACGGGAGCTT-1,0,31,7,5859,8282
TTCTTGTGTCCATCAG-1,0,30,8,5964,8221
ACAATTTAGGAGGCTC-1,0,31,9,5859,8161
ATACTTGTTCTCGAGC-1,0,30,10,5964,8100
CACGGGATTGAGGGTT-1,0,31,11,5858,8040
GTTAATGTCTATCTTA-1,0,30,12,5964,7979
GCGTTATATTTGGAAC-1,0,31,13,5858,7918
CGTCAAGGCTATAAAT-1,0,30,14,5963,7858
TTAGCTCTGTAATCCG-1,0,31,15,5858,7797
AATGGTCCACCGTTCA-1,0,30,16,5963,7736
GTCATTGCATTGACCC-1,0,31,17,5858,7676
TGTCCGTGGCGCCTTT-1,0,30,18,5963,7615
TCAACTAACGTATAAC-1,0,31,19,5857,7555
TCCTCTCCAGTTGTCC-1,0,30,20,5963,7494
TGTGTTCGTATCCAAG-1,0,31,21,5857,7433
CCGCGTAGGTAAGGGC-1,0,30,22,5962,7372
CTGCGGGTGAAATGTT-1,0,31,23,5857,7312
TATCTACAGAGGTAAT-1,0,30,24,5962,7251
CTACTCTAGGCCCGGC-1,0,31,25,5856,7191
ACAAGCAGTGCCTAGC-1,0,30,26,5962,7130
TACAAGTCTCGTGCAT-1,0,31,27,5856,7069
TCGGAATGCGCTCTGA-1,0,30,28,5961,7009
TCGCGTCCAGAAGGTC-1,0,31,29,5856,6948
TATGGCCCGGCCTCGC-1,0,30,30,5961,6887
GCTGGCATATTCACCT-1,0,31,31,5856,6827
GTCAGAATAGTCTATG-1,0,30,32,5961,6766
GGCGTCCTATCCGCTG-1,0,31,33,5855,6706
CGGAGTTTGAGAGACA-1,0,30,34,5961,6645
AGCACTTAAGGACGCC-1,0,31,35,5855,6584
TCCACAATGGTTTACG-1,0,30,36,5960,6523
CCAACGATGCACTGAT-1,0,31,37,5855,6463
ATTTACAGTTTACTGG-1,0,30,38,5960,6402
CCCTGAAATGAGTTGA-1,0,31,39,5854,6342
CAAACGGTCGCACTTT-1,0,30,40,5960,6281
TGATTCGTCTATCACT-1,0,31,41,5854,6220
TCAGGTTCTTTGAGAA-1,0,30,42,5960,6160
CACGCAGCGAGGCTTT-1,0,31,43,5854,6099
TTAAGCGCCTGACCCA-1,0,30,44,5959,6038
CTTACACGGTATTCCA-1,0,31,45,5854,5978
AAGGCTGTGCTCATCG-1,0,30,46,5959,5917
GACCAGAGCCCTGTAG-1,0,31,47,5853,5857
TCCCAGGCTTAGCTAA-1,0,30,48,5959,5796
ATTGAAGATCTTAGTG-1,0,31,49,5853,5735
AGTTCCTACAGAATTA-1,0,30,50,5958,5674
GGGCTGGTTAGTCGCG-1,0,31,51,5853,5614
GAAATGGCGGTGTTAG-1,0,30,52,5958,5553
TACGAACACGACTTCA-1,0,31,53,5853,5493
ACCACAAGTTTCTATC-1,0,30,54,5958,5432
ATATTTAACCCTCAAG-1,1,31,55,5852,5372
GATCATTCCAAACATT-1,1,30,56,5958,5311
TCCAGGCGAGTACGGT-1,1,31,57,5852,5250
GTTTGACCAAATCCTA-1,1,30,58,5957,5189
CACAGCACCCACGGCA-1,1,31,59,5852,5129
TGCAAGAATGACGTAA-1,1,30,60,5957,5068
GCGAAGCCATACCCGT-1,1,31,61,5851,5008
TCCTTTCTTACGCTTA-1,1,30,62,5957,4947
GCTGCTCTCCGGACAC-1,1,31,63,5851,4886
ACTGTCTTCTTTAGAA-1,1,30,64,5956,4826
TCAAACTTAGATTGTT-1,1,31,65,5851,4765
CTATGTCACTAGCCCA-1,1,30,66,5956,4704
TGCGCAAAGCATTTGG-1,1,31,67,5851,4644
TTAATGTAGACCAGGT-1,1,30,68,5956,4583
GGCGGTAGGATCATTG-1,1,31,69,5850,4523
GGCAATAGTCAATGAG-1,1,30,70,5956,4462
ACACGAGACTCCTTCT-1,1,31,71,5850,4401
GACACAAGGGAAGAAA-1,1,30,72,5955,4340
TCAGCAAATGCATCTC-1,1,31,73,5850,4280
GAGATCTGTCACTCCG-1,1,30,74,5955,4219
ATGCCGGTCTTGCATA-1,0,31,75,5849,4159
TTGGGCGGCGGTTGCC-1,0,30,76,5955,4098
TTGTTGTGTGTCAAGA-1,0,31,77,5849,4037
ACTGTACGATACACAT-1,0,30,78,5955,3977
TCCACTTTATCTAGGT-1,0,31,79,5849,3916
GGTCTGAGAATCTGGA-1,0,30,80,5954,3855
TAGAAAGGTGGCGCTA-1,0,31,81,5849,3795
TATGTCTCATTGTGCC-1,0,30,82,5954,3734
GGATTTCACTTCTATA-1,0,31,83,5848,3674
TGAGTGGTCCGTGACG-1,0,30,84,5954,3613
CGCTTTCTTGCATTCG-1,0,31,85,5848,3552
ACCCAACGCCCGTGGC-1,0,30,86,5953,3491
GAACGTCTCATGGTCG-1,0,31,87,5848,3431
AGGGTTCCCTTTGGTT-1,0,30,88,5953,3370
GTAGCTTCCTCTTGTT-1,0,31,89,5848,3310
GCATGAGGGACGCGGC-1,0,30,90,5953,3249
CTACCCTAAGGTCATA-1,0,31,91,5847,3188
TCACCGCTCGGCACTC-1,0,30,92,5953,3128
GGCTCGCGTTGAGGTA-1,0,31,93,5847,3067
CTAACGAAACTTGCTG-1,0,30,94,5952,3006
TTAAACTCGAATTCAT-1,0,31,95,5847,2946
TACTTTACTGAGCCGG-1,0,30,96,5952,2885
GCTTGGATCGATTAGG-1,0,31,97,5846,2825
CGGTTATCCAACAGTG-1,0,30,98,5952,2764
CAGACCTGTAAGTGTT-1,0,31,99,5846,2703
GACGGTCAATAGAAGC-1,0,30,100,5952,2642
CTGACTGCGCAGCTCG-1,0,31,101,5846,2582
CCATACCTTTACTTGT-1,0,30,102,5951,2521
GTAATAAAGGGCTCCC-1,0,31,103,5846,2461
GTGAACTCCCATTCGA-1,0,30,104,5951,2400
GTGGTTACTTCTTTCG-1,0,31,105,5845,2340
TCAGAACCTCCACAGG-1,0,30,106,5951,2279
TCCCACTCTCTTCCGG-1,0,31,107,5845,2218
ATCTTGACTTGTCCAA-1,0,30,108,5950,2157
TCGGGAACGTGCCTAG-1,0,31,109,5845,2097
GTTAGCCGTAAATCAA-1,0,30,110,5950,2036
ATTTACTAAGTCCATT-1,0,31,111,5844,1976
GGGTGCATATGAAAGC-1,0,30,112,5950,1915
TCCGAATGGTCCTGAG-1,0,31,113,5844,1854
TGATGGCTGTTTCTGA-1,0,30,114,5950,1794
AAATAAGGTAGTGCCC-1,0,31,115,5844,1733
CCACTATCCGGGTCAC-1,0,30,116,5949,1672
ACACCACATAATTAGC-1,0,31,117,5844,1612
CGCGGTAAGTCTAGCT-1,0,30,118,5949,1551
GCGGGCATTACGATGC-1,0,31,119,5843,1491
AGGATTGCTTACGACA-1,0,30,120,5949,1430
CTCGGGATAACACCTA-1,0,31,121,5843,1369
GTCGTCTGGTTGGCTA-1,0,30,122,5948,1308
GCAATTAGTCGCACCG-1,0,31,123,5843,1248
GTGACCTAAAGAATAA-1,0,30,124,5948,1187
CTGAGCGAGACTTATT-1,0,31,125,5843,1127
CAAGACTCAGAAGCGC-1,0,30,126,5948,1066
ACTTCGCTAGCGAGTG-1,0,31,127,5842,1005
CCATACTCGCCTCTCC-1,0,32,0,5754,8707
ACGATACCTATCCTGA-1,0,33,1,5649,8647
CTCACCAGTACAAGTG-1,0,32,2,5754,8586
CGAAGACGGTGAGTGC-1,0,33,3,5648,8525
AAATTAATAAGCGCGA-1,0,32,4,5754,8464
GGGCCCTTATCTATAC-1,0,33,5,5648,8404
CTGCCCACGAAGCGTT-1,0,32,6,5754,8343
GGACAAGTTGCAGTGA-1,0,33,7,5648,8283
GTCCGAGAGCAATCAT-1,0,32,8,5753,8222
ATGGCAGCCGAGAAAC-1,0,33,9,5648,8161
CCTCGGATGCTACCTG-1,0,32,10,5753,8101
ATACGGTGAAGATGCA-1,0,33,11,5647,8040
ACATCAGCTGGGACGC-1,0,32,12,5753,7979
GGTTGTGTAGCCTGGC-1,0,33,13,5647,7919
CCTGCGTTCTACGCTT-1,0,32,14,5752,7858
GAACGTTAGGAAGACG-1,0,33,15,5647,7798
CTGATAGTGTATCTCA-1,0,32,16,5752,7737
TTCTGCGAGCGCCCTT-1,0,33,17,5646,7676
CTTTGGCGCTTTATAC-1,0,32,18,5752,7615
TCCGAACTTGGCTTAC-1,0,33,19,5646,7555
TAGATTCCTGGTTATT-1,0,32,20,5752,7494
CCGACAAAGGGAGTGC-1,0,33,21,5646,7434
CCATGGCCCTTGTACC-1,0,32,22,5751,7373
GAAATATCACCATCAG-1,0,33,23,5646,7312
ACGAAATGGGCGGCAC-1,0,32,24,5751,7252
GTGAGCGTGCTGCACT-1,0,33,25,5645,7191
CCGCGGGTACGAAGAA-1,0,32,26,5751,7130
TCCCTGGCTCGCTGGA-1,0,33,27,5645,7070
CAGCTTAGTAGGTAGC-1,0,32,28,5750,7009
CACGAAAGTTAGTCCC-1,0,33,29,5645,6949
ACCTAATCGACTTCCT-1,0,32,30,5750,6888
AAGTAGTGACGCGAGG-1,0,33,31,5645,6827
TCCGATTACATTGCCG-1,0,32,32,5750,6766
CCTCCGACAATTCAAG-1,0,33,33,5644,6706
GTTCACAGGAGTCTAG-1,0,32,34,5750,6645
CGAAGTTGCTCTGTGT-1,0,33,35,5644,6585
GTCGGATATCTCAGAC-1,0,32,36,5749,6524
CGCTCTCCGTAGATTA-1,0,33,37,5644,6464
CAAGCAACGTCGGAGT-1,0,32,38,5749,6403
CCATTCCCTGCCCACA-1,0,33,39,5643,6342
CTTTGGCTTTAGTAAA-1,0,32,40,5749,6281
GGCTATTAAGTTGTAT-1,0,33,41,5643,6221
CCATTAGCGATAATCC-1,0,32,42,5749,6160
TGTTCTTCCATTGACT-1,0,33,43,5643,6100
AGATAACTTCAGGGCC-1,0,32,44,5748,6039
ATAGACGAAGAGAAAG-1,0,33,45,5643,5978
GGCGGAGTAATATTAG-1,0,32,46,5748,5918
TGACCCACGTTAGACA-1,0,33,47,5642,5857
TCACAGGTTATTGGGC-1,0,32,48,5748,5796
TCACGCATTGTAGATC-1,0,33,49,5642,5736
TTGAAGAATTCCCAGG-1,0,32,50,5747,5675
AAATGGTCAATGTGCC-1,0,33,51,5642,5615
TAGTGCCCTCCAGAGT-1,0,32,52,5747,5554
GGTATTGCCGAGTTTA-1,1,33,53,5641,5493
CGTATTAAGAGATCTA-1,1,32,54,5747,5432
ACTGTCCAGGATTATA-1,1,33,55,5641,5372
CGGGCAGCTAAACCGC-1,1,32,56,5747,5311
TTGCTGATCATGTTCG-1,1,33,57,5641,5251
TATGGGTACGTATCGT-1,1,32,58,5746,5190
CAGCTCACTGAGACAT-1,1,33,59,5641,5129
GGGACTGCATAGATAG-1,1,32,60,5746,5069
ACGCATTCGTGAGTAC-1,1,33,61,5640,5008
CTCTGGACGCCTGGTG-1,1,32,62,5746,4947
AGGGTTTAGTTCGGGA-1,1,33,63,5640,4887
GGGAGAACTCACAGTA-1,1,32,64,5745,4826
ATCAATCTGGGCTGCA-1,1,33,65,5640,4766
TCTTCGATACCAATAA-1,1,32,66,5745,4705
ACGTAGATTGCTGATG-1,1,33,67,5640,4644
TCTTGATGCGTAGCGA-1,1,32,68,5745,4583
GGGCTGCCTAGGGCGA-1,1,33,69,5639,4523
CTCTCACAATCGATGA-1,1,32,70,5745,4462
CCAAGCGTAACTCGTA-1,1,33,71,5639,4402
ACAACAGCATGAGCTA-1,1,32,72,5744,4341
GTCCCAACGTAAAGTA-1,1,33,73,5639,4280
TCGGAGTACATGAGTA-1,1,32,74,5744,4220
GGGAGTTAATGAGGCG-1,0,33,75,5638,4159
CCGGGCGGTCTCGTCA-1,0,32,76,5744,4098
CCGTAAGTTGGTCCCA-1,0,33,77,5638,4038
GGAGGGCTTGGTTGGC-1,0,32,78,5744,3977
TCGGACGCCCAGCCCA-1,0,33,79,5638,3917
TCTGTGCCATCATAGT-1,0,32,80,5743,3856
GTACTGGAGTTAGACC-1,0,33,81,5638,3795
GGAATGCGCTAGCGTG-1,0,32,82,5743,3734
GTGTGAATAACTTAGG-1,0,33,83,5637,3674
GGTCGGCCAGGAGCTT-1,0,32,84,5743,3613
TAGCCGGCGGTCAGCG-1,0,33,85,5637,3553
CGGGTGTACCCATTTA-1,0,32,86,5742,3492
AGTGATTCAAGCAGGA-1,0,33,87,5637,3432
GTTGGATTGAGAACAC-1,0,32,88,5742,3371
CACACGCGCTGTCTTA-1,0,33,89,5636,3310
TAGACGCCCGTACCGG-1,0,32,90,5742,3249
GGTTTCAATCGGTCAG-1,0,33,91,5636,3189
AATCTGCGTTGGGACG-1,0,32,92,5742,3128
TTACGGATGGTTCGAG-1,0,33,93,5636,3068
CGGCAGGGTCGGGTTG-1,0,32,94,5741,3007
GCTTTCAGAGGAGGTG-1,0,33,95,5636,2946
TCTTCCCATGGGCACA-1,0,32,96,5741,2886
TACCGCGGACTTGCAG-1,0,33,97,5635,2825
AGAATTATGGATTCGA-1,0,32,98,5741,2764
ATTGATGAGTCCTAAC-1,0,33,99,5635,2704
TAGGTCGCCGGAACTG-1,0,32,100,5740,2643
TAACCTACCGTCCGAG-1,0,33,101,5635,2583
CTTAGTAGGCCTACAG-1,0,32,102,5740,2522
CTAGATGTGAGTGTAA-1,0,33,103,5635,2461
ACTCCCGAATTCGTTT-1,0,32,104,5740,2400
GTTCATCGTTTGGCTG-1,0,33,105,5634,2340
ACTTTACCCTCATGAA-1,0,32,106,5740,2279
GCGAGAGTTGCGTCCA-1,0,33,107,5634,2219
GTTCGGGCGTACCATT-1,0,32,108,5739,2158
CGACTTTGTATAGCCT-1,0,33,109,5634,2097
GCCATCGATGCTGCAT-1,0,32,110,5739,2037
GCATTTCCAAGGCTCC-1,0,33,111,5633,1976
ATGTAAGGCTGCTCTT-1,0,32,112,5739,1915
ACGTTCGCAATCAATT-1,0,33,113,5633,1855
GTGACGAGGGTGACCC-1,0,32,114,5739,1794
ATTATAGCTACTTTAC-1,0,33,115,5633,1734
CGTGTGTTAAACCCTG-1,0,32,116,5738,1673
TTGGTATGGCTTGTGT-1,0,33,117,5633,1612
CATTCCCATTCCGTCG-1,0,32,118,5738,1551
TGCCGAAAGCGTATTC-1,0,33,119,5632,1491
CAACACATCTCCTGCC-1,0,32,120,5738,1430
CTGCCTCATATGCAAC-1,0,33,121,5632,1370
TCCCGCCTATGTGCGT-1,0,32,122,5737,1309
GGTTACCCGACACTTT-1,0,33,123,5632,1248
CCAGCGGGATCACCAG-1,0,32,124,5737,1188
ATGTTTCGGCCCGGAG-1,0,33,125,5631,1127
GCGTCTAACCTCCTAA-1,0,32,126,5737,1066
ATCAGGTAGCTGACAG-1,0,33,127,5631,1006
GGTATGAAAGAACTGA-1,0,34,0,5543,8707
GTGGCCTAATATCATT-1,0,35,1,5438,8647
CCTGTGAAACCGTAAC-1,0,34,2,5543,8586
GGCAGAGAGATCGGGA-1,0,35,3,5437,8526
TAGCGTCGAATATTGA-1,0,34,4,5543,8465
CGCCGACTATTCGCTA-1,0,35,5,5437,8404
TCTGGCGCAAGCCGGG-1,0,34,6,5542,8344
AGTGGTTGCGTATAGG-1,0,35,7,5437,8283
ATCGGTTACCTAGTAA-1,0,34,8,5542,8222
CCTGCCCGTTGTCTAG-1,0,35,9,5437,8162
GCACACGCCCATGGTC-1,0,34,10,5542,8101
AGTACGGCCCGTATCG-1,0,35,11,5436,8041
TATCTAGCCTAAAGGA-1,0,34,12,5542,7980
CACTCGGTTAGGAGGA-1,0,35,13,5436,7919
ATGTTCGTCGACCCAC-1,0,34,14,5541,7858
TTCCTCTGCCCGAATA-1,0,35,15,5436,7798
TTACTATCGGCTTCTC-1,0,34,16,5541,7737
GCCGCATTAGTCCGGC-1,0,35,17,5435,7677
TAAGGGCTGGGAGAGG-1,0,34,18,5541,7616
TAAGCAGGCGACACGC-1,0,35,19,5435,7556
AGCACTACCGGCCTGT-1,0,34,20,5541,7495
GAAAGCCCTTTGGACC-1,0,35,21,5435,7434
GACCGACTGAAGCGTC-1,0,34,22,5540,7373
CGGTGAAGACTAAAGT-1,0,35,23,5435,7313
CCCTGCGCTACGCATA-1,0,34,24,5540,7252
TACTGGACAGCTCGGC-1,0,35,25,5434,7192
TTAGTAGGGCGGCGGG-1,0,34,26,5540,7131
GAGGCTATCAAAGTCG-1,0,35,27,5434,7070
TTACCATTGATTACCC-1,0,34,28,5539,7010
ATACCACGGGCAACTT-1,0,35,29,5434,6949
TGTCCTAAGTCACCGC-1,0,34,30,5539,6888
AGGTAGGTACAAAGCT-1,0,35,31,5434,6828
GGCATACAGGTAGCGG-1,0,34,32,5539,6767
TGTAGTGATCTATAAT-1,0,35,33,5433,6707
TCCCGGGTGTGCTGCT-1,0,34,34,5539,6646
TACGATGTTGATCATC-1,0,35,35,5433,6585
CCTCTCTCCCATCTAG-1,0,34,36,5538,6524
GCAGGACTATAGAATA-1,0,35,37,5433,6464
CTAGTGAAGGACAGGA-1,0,34,38,5538,6403
TACGAGAACTTCACGT-1,0,35,39,5432,6343
CGTTGTTTCAATTCCC-1,0,34,40,5538,6282
GCAAATATTACGCTTT-1,0,35,41,5432,6221
CCAATAGTGCCGTCGA-1,0,34,42,5537,6161
ATTGCTGCTCCTCCAT-1,0,35,43,5432,6100
GAGATCTGCTTGGCAT-1,0,34,44,5537,6039
GCCGAAATTCCTACGT-1,0,35,45,5432,5979
GGCACTCCACTGGGCA-1,0,34,46,5537,5918
GGGTCACCGTGACGGT-1,0,35,47,5431,5858
CACTTAATCAGACGGA-1,0,34,48,5537,5797
CGTTTCGCTCATTACA-1,0,35,49,5431,5736
ATAAAGGCTCGGTCGT-1,0,34,50,5536,5675
CACTAAAGTTGCCTAT-1,1,35,51,5431,5615
GTGCTCAAGTACTGTC-1,1,34,52,5536,5554
CCATGCCTGTTTAGTA-1,1,35,53,5430,5494
TCTAGTTATCAGAAGA-1,1,34,54,5536,5433
TTGTAATCCGTACTCG-1,1,35,55,5430,5372
TCCCAGCTTTAGTCTG-1,1,34,56,5536,5312
CTACGCACGGAGTACC-1,1,35,57,5430,5251
AAATTAACGGGTAGCT-1,1,34,58,5535,5190
CGGCCACGCACAAAGT-1,1,35,59,5430,5130
GAAGCGTGAGGAATTT-1,1,34,60,5535,5069
ATATCTTAGGGCCTTC-1,1,35,61,5429,5009
ACGCGGGCCAAGGACA-1,1,34,62,5535,4948
GCGAGTTCTGCAAAGA-1,1,35,63,5429,4887
TATTCGTGCCAGAATA-1,1,34,64,5534,4826
AGGGCTGCAGTTACAG-1,1,35,65,5429,4766
CTAGCATAGTATAATG-1,1,34,66,5534,4705
TAGGTTCGAGTTCGTC-1,1,35,67,5429,4645
GAATTATAGTGAAAGG-1,1,34,68,5534,4584
CTATCGGGTCTCAACA-1,1,35,69,5428,4524
GCGCTAATTGAATAGA-1,1,34,70,5534,4463
ATGCGACAGTCCCATT-1,1,35,71,5428,4402
GGTAGTGCTCGCACCA-1,1,34,72,5533,4341
AAGCTCGTGCCAAGTC-1,1,35,73,5428,4281
TATTCAATTCTAATCC-1,1,34,74,5533,4220
TTCAAAGTCTCTAGCC-1,1,35,75,5427,4160
TTGAATATGGACTTTC-1,0,34,76,5533,4099
AAGAGCTCTTTATCGG-1,0,35,77,5427,4038
TTACTCCGGCCGGGAA-1,0,34,78,5533,3978
AAACGAGACGGTTGAT-1,0,35,79,5427,3917
GCTAAGTAGTTTCTCT-1,0,34,80,5532,3856
ATAACGCCGGAGGGTC-1,0,35,81,5427,3796
GGATCCGGAATATACT-1,0,34,82,5532,3735
TGAAAGGACCTGACTC-1,0,35,83,5426,3675
TCCGCGGCAGCATCTG-1,0,34,84,5532,3614
TGCATATGTCTGTCAC-1,0,35,85,5426,3553
TGTAGGAGAAATTTCC-1,0,34,86,5531,3492
AGTGAGACTTCCAGTA-1,0,35,87,5426,3432
CCCAAACATGCTGCTC-1,0,34,88,5531,3371
GCTTATGAAGCAGGAA-1,0,35,89,5425,3311
TTCTAACCGAAGCTTA-1,0,34,90,5531,3250
GGATGTCCTTACCGCA-1,0,35,91,5425,3189
AGGGTGCTCTCGAGGG-1,0,34,92,5531,3129
AACTCTCAATAGAGCG-1,0,35,93,5425,3068
TCTGAATTCCGTACAA-1,0,34,94,5530,3007
GCGTGGTACTGGGTTA-1,0,35,95,5425,2947
CGTCGGATAGTGTTGA-1,0,34,96,5530,2886
ATATGTCTCCCTAGCC-1,0,35,97,5424,2826
TCTTTAAGACTATGAA-1,0,34,98,5530,2765
TCATTTAAGTCTCCGA-1,0,35,99,5424,2704
GATATTGAGATTGGCG-1,0,34,100,5529,2643
TGACATCGAGCGGACC-1,0,35,101,5424,2583
GCGTAAATGGCCATAA-1,0,34,102,5529,2522
ATTGTACAACTCGGCT-1,0,35,103,5424,2462
TACGCTATAGAAACCT-1,0,34,104,5529,2401
CACCCAAATCTTATGT-1,0,35,105,5423,2340
AGATGATGGAGTCTGG-1,0,34,106,5529,2280
CCACGGTGCCCGGTAG-1,0,35,107,5423,2219
TCAAGAAATACTAGCT-1,0,34,108,5528,2158
AGGTATAATTGATAGT-1,0,35,109,5423,2098
CAAGGTCCTATAGGCT-1,0,34,110,5528,2037
CCGGCACGACCGTTTC-1,0,35,111,5422,1977
ACCTCCGTTATTCACC-1,0,34,112,5528,1916
GCAGCCTATATCACAT-1,0,35,113,5422,1855
GGTATAGTGACACATA-1,0,34,114,5528,1794
AAATTCCAGGTCCAAA-1,0,35,115,5422,1734
TCTTTAGCAGGCGAAC-1,0,34,116,5527,1673
TATTGACATTTCTGCC-1,0,35,117,5422,1613
TCTGATCGGGTGCTAG-1,0,34,118,5527,1552
GGCCCGGAGCATGTCT-1,0,35,119,5421,1492
GGGCGCAGCGTTACTC-1,0,34,120,5527,1431
TTGGCGATCCGAATAT-1,0,35,121,5421,1370
CCACGTAAATTAGACT-1,0,34,122,5526,1309
TCTGATTGGAAATGGA-1,0,35,123,5421,1249
ATGGCGGAATAGTCGC-1,0,34,124,5526,1188
ATCGCTTTACGTCTCA-1,0,35,125,5420,1128
TACGTGCAAGGTTCCT-1,0,34,126,5526,1067
CAGGACAGCTGCCCTT-1,0,35,127,5420,1006
CAAACCAGGTCTGCAT-1,0,36,0,5332,8708
ACAAGCTATATGGAAG-1,0,37,1,5227,8648
TCGCCCACTGCGAGAG-1,0,36,2,5332,8587
AGCCGCAAATTCAAAT-1,0,37,3,5226,8526
TTAACGTTAAAGCCTG-1,0,36,4,5332,8465
CAGCGCCAACACGATA-1,0,37,5,5226,8405
ATCCAATGGTACCGAA-1,0,36,6,5331,8344
GTGCTGCAGATAAGGA-1,0,37,7,5226,8284
GGCCTTTGCAACTGGC-1,0,36,8,5331,8223
GTCGTACCTACGATTG-1,0,37,9,5226,8162
TAGAAATTCACGTATA-1,0,36,10,5331,8102
AGAATAAATCTTCAGG-1,0,37,11,5225,8041
CATTGCGAAATGGGCG-1,0,36,12,5331,7980
GTCTACTCAATTACAA-1,0,37,13,5225,7920
TGTAATGACCACAATA-1,0,36,14,5330,7859
AAAGTCGACCCTCAGT-1,0,37,15,5225,7799
TACTCGGCACGCCGGG-1,0,36,16,5330,7738
AGGTGTATCGCCATGA-1,0,37,17,5224,7677
TGTGCTTTACGTAAGA-1,0,36,18,5330,7616
AAACCTCATGAAGTTG-1,0,37,19,5224,7556
TATAGGGTACTCATGA-1,0,36,20,5330,7495
CCAGCTGATGGTACTT-1,0,37,21,5224,7435
AATATTGGAGTATTGA-1,0,36,22,5329,7374
GGCCCTCACCCACTTA-1,0,37,23,5224,7313
AACCAAGACTTCTCTG-1,0,36,24,5329,7253
TCGTATTACCCATTGC-1,0,37,25,5223,7192
ATTCGACGCCGGGCCT-1,0,36,26,5329,7131
GGCGCAGGACATCTTC-1,0,37,27,5223,7071
GTACTCCCTTATCGCT-1,0,36,28,5328,7010
TGGTCTGTTGGGCGTA-1,0,37,29,5223,6950
AATAACAACGCTCGGC-1,0,36,30,5328,6889
CATACCCGTACCCAGT-1,0,37,31,5222,6828
ACAATCCATTTAAACC-1,0,36,32,5328,6767
GTTACAATTGGTGACG-1,0,37,33,5222,6707
TTGCCCTGATCACGGG-1,0,36,34,5328,6646
CTAACCGCGCGCCCGT-1,0,37,35,5222,6586
CTAAAGAATGCCTACT-1,0,36,36,5327,6525
ACCCATCTTGAGGGTA-1,0,37,37,5222,6464
GATCTTTGCAGGGTAT-1,0,36,38,5327,6404
GGGTACTTCATGAACT-1,0,37,39,5221,6343
GCCGCTTGTGAGAAAC-1,0,36,40,5327,6282
CCTGTAAGACATGATA-1,0,37,41,5221,6222
CGACAGTTCGCGTTAT-1,0,36,42,5326,6161
ACGATGCATATGTTAT-1,0,37,43,5221,6101
TGTTCCGCTTCCATGA-1,0,36,44,5326,6040
GGATGACGCGAGTTTA-1,0,37,45,5221,5979
GAAGTTTCCACTCAAT-1,0,36,46,5326,5918
GCGAGGCCCGAGCAGA-1,0,37,47,5220,5858
CATACTATGTAATTGT-1,0,36,48,5326,5797
CCAATGTCACAGCAAG-1,0,37,49,5220,5737
GTTGGATTTGCGTTGG-1,0,36,50,5325,5676
GGGAGGATGCCCGAAA-1,0,37,51,5220,5616
GATCGCGGGCTCTCCA-1,1,36,52,5325,5555
GTTCGCCATAAGTGCC-1,1,37,53,5219,5494
AGATTATAGGACGTTT-1,1,36,54,5325,5433
TCGAGACCAACACCGT-1,1,37,55,5219,5373
TATGGGACCGAGCAGG-1,1,36,56,5325,5312
GATGCGTCCTGCATTC-1,1,37,57,5219,5252
TATGGTCTGAGTAACA-1,1,36,58,5324,5191
GCATAGAGCACTCAGG-1,1,37,59,5219,5130
CTTCATTGTCAGTGGA-1,1,36,60,5324,5070
GCAGATTAGGGATATC-1,1,37,61,5218,5009
CCTGTCGCCCGTAAAT-1,1,36,62,5324,4948
CAATTTCGTATAAGGG-1,1,37,63,5218,4888
GTACACTTACCTGAAG-1,1,36,64,5323,4827
CCAGCCTGGACCAATA-1,1,37,65,5218,4767
ATGGAGCAGGCCGTGA-1,1,36,66,5323,4706
GTCATTAGAGCGAACG-1,1,37,67,5217,4645
AAGACTGCAAGCTACT-1,1,36,68,5323,4584
CTAGTCACGTCTTAAG-1,1,37,69,5217,4524
ACTCTTGTATAGTAAC-1,1,36,70,5323,4463
ATTAGGCGATGCTTTC-1,1,37,71,5217,4403
TTCGGGACTAATCGCG-1,1,36,72,5322,4342
TGGACTGTTCGCTCAA-1,1,37,73,5217,4281
AACGTGCGAAAGTCTC-1,1,36,74,5322,4221
CCACCCAAGGAAAGTG-1,1,37,75,5216,4160
CCGCACAAAGACCAAC-1,0,36,76,5322,4099
GCGATTGTTAACGTTA-1,0,37,77,5216,4039
ACTCGTCAGTAATCCC-1,0,36,78,5321,3978
GGTGATAAGGAGCAGT-1,0,37,79,5216,3918
AAGAGGCATGGATCGC-1,0,36,80,5321,3857
CACGTTCGTGCTCTAG-1,0,37,81,5216,3796
CTATTTGGTTACGGAT-1,0,36,82,5321,3735
GTACAGAGGCAAGGGT-1,0,37,83,5215,3675
GGGCCGGCCGAAGTAC-1,0,36,84,5321,3614
CCTGAACGATATATTC-1,0,37,85,5215,3554
CCGGGCTGCTCCATAC-1,0,36,86,5320,3493
TACTTGTTAGTAGTCC-1,0,37,87,5215,3432
CCTAGGCGTAGCGATC-1,0,36,88,5320,3372
CTGGCGCACAGGTCTG-1,0,37,89,5214,3311
ACTTATACTTACCCGG-1,0,36,90,5320,3250
GAAGTCTCCCTAGCGA-1,0,37,91,5214,3190
ACCGATGGTAGCATCG-1,0,36,92,5320,3129
CGAGTTTATCGGACTG-1,0,37,93,5214,3069
CATAACGGACAGTCGT-1,0,36,94,5319,3008
TGACGATGCACTAGAA-1,0,37,95,5214,2947
TAGGGAGCTTGGGATG-1,0,36,96,5319,2886
AGGGTCGATGCGAACT-1,0,37,97,5213,2826
TATATCCCTGGGAGGA-1,0,36,98,5319,2765
CATCTTACACCACCTC-1,0,37,99,5213,2705
GTGCGACAGGGAGTGT-1,0,36,100,5318,2644
CCGATCTCAACCTTAT-1,0,37,101,5213,2584
ACGATCATCTTGTAAA-1,0,36,102,5318,2523
GAAAGAACAGCGTTAT-1,0,37,103,5212,2462
CTAGGTCTGAAGGAAT-1,0,36,104,5318,2401
ATATCAACCTACAGAG-1,0,37,105,5212,2341
AAATAGCTTAGACTTT-1,0,36,106,5318,2280
GCGACATGTAAACATC-1,0,37,107,5212,2220
ATAAGTAGGGCGACTC-1,0,36,108,5317,2159
GCGAGCGCATGCTCCC-1,0,37,109,5212,2098
AGGGACCGGCTGCGTT-1,0,36,110,5317,2038
CCTATGAAGTGGTGCC-1,0,37,111,5211,1977
GCTTACGTAGTTAGTA-1,0,36,112,5317,1916
CATACTTAGGCAATAC-1,0,37,113,5211,1856
CCTGTCCCTCACGTTA-1,0,36,114,5316,1795
CAATGTGCCAACCCTT-1,0,37,115,5211,1735
GTTAAGTTAGAGTGGG-1,0,36,116,5316,1674
CTGGGATACGCTACCC-1,0,37,117,5211,1613
AACCTGTCACGGAATT-1,0,36,118,5316,1552
ACTGCGGACACACCGT-1,0,37,119,5210,1492
CCGTGAGGCATTCATG-1,0,36,120,5316,1431
GCCCAGATGCTGGAGA-1,0,37,121,5210,1371
TCTGGCCGTTCAAGTT-1,0,36,122,5315,1310
ATACGAAGGCTTTCCA-1,0,37,123,5210,1249
GATCCGAATATAAGTG-1,0,36,124,5315,1189
GTGGAGCATGTCGGCC-1,0,37,125,5209,1128
ACTCTTCAGCTCCCGC-1,0,36,126,5315,1067
CCCGATAGCCTCGCCT-1,0,37,127,5209,1007
ACAGGTGTGTTGTTGC-1,0,38,0,5121,8708
TGAACTGCTATGACTT-1,0,39,1,5016,8648
TGACATATATGACGAT-1,0,38,2,5121,8587
AAGTCTTCTGTGGCCT-1,0,39,3,5015,8527
ACCAGACCATAACAAC-1,0,38,4,5121,8466
TGAGACGTACCTCTCA-1,0,39,5,5015,8405
GACCGTTACATGCGAC-1,0,38,6,5120,8345
GGTTCGGATTATACTA-1,0,39,7,5015,8284
CCTCCTGAGCCCACAT-1,0,38,8,5120,8223
CCGCGATTTGGTAGGT-1,0,39,9,5015,8163
AATCTCTACTGTGGTT-1,0,38,10,5120,8102
ACTTTGACTGCATCCT-1,0,39,11,5014,8042
CCCTGACTAACAAATT-1,0,38,12,5120,7981
ACGCTGTGAGGCGTAG-1,0,39,13,5014,7920
GCATACGAGGTCTTTA-1,0,38,14,5119,7859
TCGGGATTCAAACATA-1,0,39,15,5014,7799
GGGCCCTACGAAAGGG-1,0,38,16,5119,7738
CGCCAAGAAGCCGAGT-1,0,39,17,5013,7678
GGTACATCTGGGACGA-1,0,38,18,5119,7617
GGATGCTGGCGTTCCT-1,0,39,19,5013,7557
CCGATTCGAGGGACCC-1,0,38,20,5118,7496
CCACTGGTGGCTGGTT-1,0,39,21,5013,7435
GACAGGCACACACTAT-1,0,38,22,5118,7374
TCAACGCGACCGGCAG-1,0,39,23,5013,7314
CTACGACTAGCTATAA-1,0,38,24,5118,7253
CGGTTGACCTGGCATA-1,0,39,25,5012,7193
ATCCTGAATCGCTGCG-1,0,38,26,5118,7132
GTTTCATATCGTCGCT-1,0,39,27,5012,7071
ATAAATATTAGCAGCT-1,0,38,28,5117,7010
AAGAGGATGTACGCGA-1,0,39,29,5012,6950
TCCTGCGTTGATACTC-1,0,38,30,5117,6889
CGTGCATTGTCGACGC-1,0,39,31,5011,6829
CCGGGTTCGAGGTTAC-1,0,38,32,5117,6768
CCCAATTTCACAACTT-1,0,39,33,5011,6708
TGATTTATTAGCTGTG-1,0,38,34,5117,6647
TGGAAGAAGGGAACGT-1,0,39,35,5011,6586
GACGCTTGCTTCTAAA-1,0,38,36,5116,6525
GGGAACGGGAGGTTAG-1,0,39,37,5011,6465
GCGGCTCTGACGTACC-1,0,38,38,5116,6404
ACGTTAGATTTGCCCG-1,0,39,39,5010,6344
GAGAGGGCGCGAGGTT-1,0,38,40,5116,6283
GCGTCTCTGCATTGGG-1,0,39,41,5010,6222
GCAGCACACAGCCCAG-1,0,38,42,5115,6162
CAGGCCGTTTGGGTGT-1,0,39,43,5010,6101
AACTCAAGTTAATTGC-1,0,38,44,5115,6040
CTTCGTAGATAGGTGA-1,0,39,45,5010,5980
TGCAGAGTACCGAGCA-1,0,38,46,5115,5919
GAAGTGATTTATCGTG-1,0,39,47,5009,5859
CGCTACGGGACATTTA-1,0,38,48,5115,5798
CCACACTGAGATATTA-1,0,39,49,5009,5737
CGATCCGACCCAGTGC-1,0,38,50,5114,5676
CTGTACTTCTTAGCAT-1,0,39,51,5009,5616
ACTTATTAGGATCGGT-1,1,38,52,5114,5555
TAGTCCGCAGAGAATG-1,1,39,53,5008,5495
TTCACGAAAGGATCAC-1,1,38,54,5114,5434
TACATTTCTAACGTGC-1,1,39,55,5008,5373
ACCATATCCGCAATAA-1,1,38,56,5113,5313
CACTCAAGAGCTATGG-1,1,39,57,5008,5252
TGTACGAACAAATCCG-1,1,38,58,5113,5191
ATCATCCAATATTTGT-1,1,39,59,5008,5131
CGCTATTCTTAGGCTC-1,1,38,60,5113,5070
TGGCAGCAGTAATAGT-1,1,39,61,5007,5010
TCACGTGCCCGATTCA-1,1,38,62,5113,4949
CATACGGCGTCTGGGC-1,1,39,63,5007,4888
CACATGATTCAGCAAC-1,1,38,64,5112,4827
GCTAGTAGAGCTTGTA-1,1,39,65,5007,4767
TGCTGTTGAAGAACTC-1,1,38,66,5112,4706
CGGAGCATGGCGATCC-1,1,39,67,5006,4646
TAGCGTTGGGTCTTAC-1,1,38,68,5112,4585
GTAGCGGCTATACACT-1,1,39,69,5006,4524
TAACATACAATGTGGG-1,1,38,70,5112,4464
TCTTCGAATAGACGTT-1,1,39,71,5006,4403
GATCGTGACTGATATC-1,1,38,72,5111,4342
GATCCGGGAATTAACA-1,1,39,73,5006,4282
TTATATACGCTGTCAC-1,1,38,74,5111,4221
GTCGCGTAACCCGTTG-1,0,39,75,5005,4161
AGCTCTAGACGTTCCA-1,0,38,76,5111,4100
GTCAAGCGGACTCGGG-1,0,39,77,5005,4039
CGAGGGACTGCGGTCG-1,0,38,78,5110,3978
AATCGCCTCAGCGCCA-1,0,39,79,5005,3918
CTTGTTGCTGAGTCAA-1,0,38,80,5110,3857
GATATGAGACACTAAC-1,0,39,81,5005,3797
TTATGATCTTAACGAA-1,0,38,82,5110,3736
CGCCGCCCATGCCTGT-1,0,39,83,5004,3676
CTGGGATAAATAATGG-1,0,38,84,5110,3615
GTGCCCGTTCGGATTC-1,0,39,85,5004,3554
TTCAATACTCTGAATC-1,0,38,86,5109,3493
CGCACATGTCCACTAC-1,0,39,87,5004,3433
AGAAGAGCGCCGTTCC-1,0,38,88,5109,3372
GATAACTCGCACTGTG-1,0,39,89,5003,3312
AGTCGACGGTCTCAAG-1,0,38,90,5109,3251
GTGACCGCACACTACG-1,0,39,91,5003,3190
GTATGTGGGTCTAGTT-1,0,38,92,5109,3130
CTTGAGTTAGGGTAAT-1,0,39,93,5003,3069
TTAGCTGATTTGCCGT-1,0,38,94,5108,3008
GCTGTTGCTACCGAAC-1,0,39,95,5003,2948
TATTACCATCCTGCTT-1,0,38,96,5108,2887
TTGAATTCACGTGAGG-1,0,39,97,5002,2827
CCATCTCACCAGTGAA-1,0,38,98,5108,2766
CGCACGTGCGCTATCA-1,0,39,99,5002,2705
ACCCGGATGACGCATC-1,0,38,100,5107,2644
CGCTAGAGACCGCTGC-1,0,39,101,5002,2584
ATAGTTCCACCCACTC-1,0,38,102,5107,2523
GCAGACCCAGCACGTA-1,0,39,103,5001,2463
TAGACTACCTAGCGTT-1,0,38,104,5107,2402
GGTTCTACTCGTCTGA-1,0,39,105,5001,2341
GACTCACCCACGTGAG-1,0,38,106,5107,2281
AGCTCTTCGTAACCTT-1,0,39,107,5001,2220
ACTATCCAGGGCATGG-1,0,38,108,5106,2159
AAGGATCGATCGCTTG-1,0,39,109,5001,2099
ATATCGGTAGGGAGAT-1,0,38,110,5106,2038
TTCCAGACGAGATTTA-1,0,39,111,5000,1978
GACCGACGTGAAAGCA-1,0,38,112,5106,1917
CCTGGAAACGTTCTGC-1,0,39,113,5000,1856
CCGGTAATGGCTAGTC-1,0,38,114,5105,1795
GCCGTGGAAGAAATGT-1,0,39,115,5000,1735
GTCTTGAGGAGCAGTG-1,0,38,116,5105,1674
TCCCAAAGCCCTAAAT-1,0,39,117,5000,1614
TTGAGCGCCACGTGAT-1,0,38,118,5105,1553
TTGAGTCCCGCTGCTG-1,0,39,119,4999,1492
ATGGAACCTTTGCACA-1,0,38,120,5105,1432
GCTAGCACCTGGGCCA-1,0,39,121,4999,1371
CGCCGTCTACCCATCG-1,0,38,122,5104,1310
GATAGGTGTCCCGGGC-1,0,39,123,4999,1250
AGGTATGCGGACATTA-1,0,38,124,5104,1189
TTGGTTCGCTCAAAGG-1,0,39,125,4998,1129
TCTGGAGCGTAAGAGT-1,0,38,126,5104,1068
TGCCTAAATTTAATAG-1,0,39,127,4998,1007
TAATTTCCGTCCAGTA-1,0,40,0,4910,8709
TCCTTCAATCCCTACG-1,0,41,1,4805,8649
TACCTATCCCTAGAGG-1,0,40,2,4910,8588
GCATGGGTACTGACGC-1,0,41,3,4804,8527
GTCGGGAACATGGTAG-1,0,40,4,4910,8466
GCAAATGAGGACACTT-1,0,41,5,4804,8406
GAATGGGCTTATCGAC-1,0,40,6,4909,8345
TGGTCGTGCAAGGCAA-1,0,41,7,4804,8285
CACCACGCCACACAGA-1,0,40,8,4909,8224
GAACCTCGACCTACAC-1,0,41,9,4803,8163
CAATACGCTCTGAGGC-1,0,40,10,4909,8103
TGGTAAGCAGGATTGA-1,0,41,11,4803,8042
AGTGGCTCCGTCGGCC-1,0,40,12,4909,7981
GATCGGATAGAACCAT-1,0,41,13,4803,7921
GCTACAGTACGGACCG-1,0,40,14,4908,7860
TCTATTACTAGAGGAT-1,0,41,15,4803,7800
TTCAGGCGTCAAAGCC-1,0,40,16,4908,7739
AGACCGGGAAACCCTG-1,0,41,17,4802,7678
AGAGATCTCTAAAGCG-1,0,40,18,4908,7617
CCCTGCCCAATCCGCT-1,0,41,19,4802,7557
GTGGCGGTCCCAGCGT-1,0,40,20,4907,7496
GCATTGTAATTCATAT-1,0,41,21,4802,7436
CCGTTCCGAATCTCGG-1,0,40,22,4907,7375
AGCTTGATCTTAACTT-1,0,41,23,4802,7314
CCTGTACTCACGCCCA-1,0,40,24,4907,7254
AAGTGACGACCGAATT-1,0,41,25,4801,7193
CTCACTTGGCTGGTAA-1,0,40,26,4907,7132
CGCCTGGCCTACGTAA-1,0,41,27,4801,7072
CCCGTAAGTCTAGGCC-1,0,40,28,4906,7011
TTGGACATGTGGCTTA-1,0,41,29,4801,6951
ATTACGCGCTGGCAGG-1,0,40,30,4906,6890
ACGCGCTACACAGGGT-1,0,41,31,4800,6829
TACGTTTACCGGCAAT-1,0,40,32,4906,6768
CGAAACGCAATTCATG-1,0,41,33,4800,6708
TAGTCTAACAACGAGA-1,0,40,34,4906,6647
TTGCATGCTGATCACG-1,0,41,35,4800,6587
TCTGGGTAGCGCTCAT-1,0,40,36,4905,6526
ACATCGGTCAGCCGCG-1,0,41,37,4800,6465
AGATACCGGTGTTCAC-1,0,40,38,4905,6405
GATTACTGAATTTGGG-1,0,41,39,4799,6344
TCCAACTTTAAATTCT-1,0,40,40,4905,6283
TCCTAGCAAAGAAGCT-1,0,41,41,4799,6223
GTCTATCTGAGTTTCT-1,0,40,42,4904,6162
GATGTTCAATCCACGA-1,0,41,43,4799,6102
AGTTAAACACTTGCGA-1,0,40,44,4904,6041
AGCTCTTTACTCAGTT-1,0,41,45,4798,5980
ATCCAGGATTCGTGAA-1,0,40,46,4904,5919
AGTCAACACCACCATC-1,0,41,47,4798,5859
CGATACCTCGCGGACA-1,0,40,48,4904,5798
TACAACGCACAACTCA-1,0,41,49,4798,5738
AATTAAAGGTCGGCGT-1,0,40,50,4903,5677
TACGCAGTTCTTTCCT-1,0,41,51,4798,5617
GACCGTGCTGACGGTG-1,0,40,52,4903,5556
GGCAAATTACTTTACT-1,0,41,53,4797,5495
GGTACAAACATGCTAT-1,1,40,54,4903,5434
CGGGCCTTCTTTGTAA-1,1,41,55,4797,5374
CGTGAAGTTAATTCAC-1,1,40,56,4902,5313
ATAGTGAAGCGTTCTC-1,1,41,57,4797,5253
TACGCCATATTCTAAT-1,1,40,58,4902,5192
GCCGGGTTAGGGTCGC-1,1,41,59,4797,5131
TACATAGGCATACACC-1,1,40,60,4902,5070
GCCGATTGGCCAAGCT-1,1,41,61,4796,5010
CTGCCATGCATCACAT-1,1,40,62,4902,4949
TTATGAATGAAAGGGA-1,1,41,63,4796,4889
GCTGAGGCGTGAGTAT-1,1,40,64,4901,4828
GCGCCGTTCCACGATA-1,1,41,65,4796,4768
CGCATGGTGCGATGCT-1,1,40,66,4901,4707
AGGTTTCACACACCTT-1,1,41,67,4795,4646
CAAGGATCGCATGTTC-1,1,40,68,4901,4585
ACGTTAATGTCGAAGA-1,1,41,69,4795,4525
TCCAGAGCACCGGTTC-1,1,40,70,4901,4464
GATTCGACGGTTCACG-1,1,41,71,4795,4404
GTTTCTGCAGTCTCCC-1,1,40,72,4900,4343
GCTGCACGGTTTCTTA-1,0,41,73,4795,4282
CGTGCAGACTGGGACA-1,0,40,74,4900,4222
GTGTTACTATGCGTCC-1,0,41,75,4794,4161
TCCTCGGGCTGGGCTT-1,0,40,76,4900,4100
GTGAGGACACTTAAGG-1,0,41,77,4794,4040
ATACGCCGGCGAAACC-1,0,40,78,4899,3979
TCTGCCAGAAACTGCA-1,0,41,79,4794,3919
TTCTGCGGGTTAGCGG-1,0,40,80,4899,3858
CTCGGTACCACTGCTC-1,0,41,81,4793,3797
GTAAGTAACAGTCTGG-1,0,40,82,4899,3736
GTGCGTGTATATGAGC-1,0,41,83,4793,3676
ATTTGTCTTGGGAGCT-1,0,40,84,4899,3615
CCTCGGACCGGGATAG-1,0,41,85,4793,3555
TAGGTGCTCGCCTAGC-1,0,40,86,4898,3494
CTTTAGGAACACTGTT-1,0,41,87,4793,3433
TCGGGCCGTCGTGGTA-1,0,40,88,4898,3373
AGTGCTTGCACGAATA-1,0,41,89,4792,3312
TGCAGTTTCCTCCCAT-1,0,40,90,4898,3251
TGAGAGATTTACCACG-1,0,41,91,4792,3191
GAAACAGATGACCACC-1,0,40,92,4897,3130
AGCAACATATCTTATT-1,0,41,93,4792,3070
CAAGTGTGGTTGCAAA-1,0,40,94,4897,3009
GCCTCATCTGGAAATA-1,0,41,95,4792,2948
AACCCTACTGTCAATA-1,0,40,96,4897,2887
ACGTATTACTCCGATC-1,0,41,97,4791,2827
TCTGGGAACCTTTGAA-1,0,40,98,4897,2766
GCTCGCTCATGTCCAA-1,0,41,99,4791,2706
GCGCAAGAGCGCGCTG-1,0,40,100,4896,2645
TTGACGCTCCATGAGC-1,0,41,101,4791,2584
TATAGATGGTCGCAGT-1,0,40,102,4896,2524
TTACATGCCACAACTA-1,0,41,103,4790,2463
ACATGGCGCCAAAGTA-1,0,40,104,4896,2402
TATGGTTAGTGGGAGA-1,0,41,105,4790,2342
CATGACTTCGCTGAAT-1,0,40,106,4896,2281
ACCACCAATGTAACAA-1,0,41,107,4790,2221
TCTTAGAGCTCCAATT-1,0,40,108,4895,2160
CCACGAATTTAACCTC-1,0,41,109,4790,2099
TTCTTGCTAGCATCTC-1,0,40,110,4895,2038
ACACCTTACTACTTGC-1,0,41,111,4789,1978
AGTCGGTTGCGTGAGA-1,0,40,112,4895,1917
ACCTACAGTATGTGGT-1,0,41,113,4789,1857
GAGGATAAACAGTGCT-1,0,40,114,4894,1796
TTCCGGTATCTGTGTC-1,0,41,115,4789,1736
GGAGGCCGAAGTCGTC-1,0,40,116,4894,1675
TTCGCTAGGAAGTTGT-1,0,41,117,4788,1614
TAAAGACAACCCTTTA-1,0,40,118,4894,1553
GTTGCGCTAACATTAC-1,0,41,119,4788,1493
GCTGAACTCTCCAGGG-1,0,40,120,4894,1432
AGCCCTGTCGCACCGT-1,0,41,121,4788,1372
AGCGCTAGAGCGATGT-1,0,40,122,4893,1311
TGCGCCGTTAATAACG-1,0,41,123,4788,1250
TGACAACGCATGTCGC-1,0,40,124,4893,1190
CGTCTTGAGTGTGACG-1,0,41,125,4787,1129
GATAGGATTAATTACA-1,0,40,126,4893,1068
GATACCGTGTCGGAGT-1,0,41,127,4787,1008
TGTGTCGAAGTCGAGG-1,0,42,0,4699,8709
GGATCAGAGCCATCAG-1,0,43,1,4594,8649
GTCCCAATCATCCCGC-1,0,42,2,4699,8588
TGCCACACTAGAGGAA-1,0,43,3,4593,8528
TGAATTTCACTTGCCT-1,0,42,4,4699,8467
CTCAGATTGTGATAAG-1,0,43,5,4593,8406
CGGACGTTACTTGAAG-1,0,42,6,4698,8346
CCGCCTTGCGATGTCG-1,0,43,7,4593,8285
CCAGTCAAATCTCTTA-1,0,42,8,4698,8224
AAACAGCTTTCAGAAG-1,0,43,9,4592,8164
TAGCTGATGTGAAGCG-1,0,42,10,4698,8103
CTTATGCGCTCAGGGC-1,0,43,11,4592,8043
TGGCTCTTGTCGCGTA-1,0,42,12,4698,7982
TTGTGAGGCATGACGC-1,0,43,13,4592,7921
CATAAGCTCTCCGTCT-1,0,42,14,4697,7860
CCTTCTCAGCGTTCCT-1,0,43,15,4592,7800
TGCAGCTACGTACTTC-1,0,42,16,4697,7739
CTCTACACTGGCGATT-1,0,43,17,4591,7679
TGCAGATCGTCCTAGG-1,0,42,18,4697,7618
TGCCAAAGTCAGACTT-1,0,43,19,4591,7557
ACAATAGTCGTACGTT-1,0,42,20,4696,7497
CATGCCAACTCGCAAA-1,0,43,21,4591,7436
TGCAGAACTATATCGT-1,0,42,22,4696,7375
TCGTGTCACGCTGACA-1,0,43,23,4591,7315
TGATCAGGGAACTGCT-1,0,42,24,4696,7254
CTTGCAACCGCCTCCT-1,0,43,25,4590,7194
AGCCCATACATGTAAG-1,0,42,26,4696,7133
ATCCAATGGAGGGTCC-1,0,43,27,4590,7072
AAACCGGGTAGGTACC-1,0,42,28,4695,7011
GCAACCACGGCCGCGT-1,0,43,29,4590,6951
CGCTTATTCCCGGTCG-1,0,42,30,4695,6890
TTACTCTGGTACGTAC-1,0,43,31,4589,6830
GTGGTTTCCGCCTTTC-1,0,42,32,4695,6769
ATAGGCGGCTATAGAA-1,0,43,33,4589,6709
GTGCCATCACACGGTG-1,0,42,34,4694,6648
CCCAACATACGTCGCG-1,0,43,35,4589,6587
CGGTGCAGATAGAACG-1,0,42,36,4694,6526
GGGCGGGTTCCCTACG-1,0,43,37,4589,6466
TGAGCCATACAGTCTC-1,0,42,38,4694,6405
CTCCGCCCACATGAGG-1,0,43,39,4588,6345
GTTGAACCGGTTCCAT-1,0,42,40,4694,6284
TTGACTACCATATGGT-1,0,43,41,4588,6223
ACCATCGTATATGGTA-1,0,42,42,4693,6163
TGCGTAAGAACCTGAT-1,0,43,43,4588,6102
AGAAGGTTGCCGAATT-1,0,42,44,4693,6041
AGGACGACCCATTAGA-1,0,43,45,4587,5981
GGTGCTGGTACACATT-1,0,42,46,4693,5920
GCGCTATGCCGAGGCA-1,0,43,47,4587,5860
ACCCGGTTACACTTCC-1,0,42,48,4693,5799
TAACTCATCCGCGCGG-1,0,43,49,4587,5738
CACAATGAGCTGCTAT-1,0,42,50,4692,5677
GTTACTTTGGGCCTAG-1,0,43,51,4587,5617
GGGCCCGTCTTAAACA-1,0,42,52,4692,5556
GAAATTGTCTCTATAA-1,0,43,53,4586,5496
GGCGCATGAATTGATG-1,0,42,54,4692,5435
CATATAGGTACAGTCA-1,0,43,55,4586,5374
TCAACGAGGAGACAAA-1,0,42,56,4691,5314
TTGCACAATTCAGAAA-1,0,43,57,4586,5253
CATCGGACGGGTTAAT-1,1,42,58,4691,5192
ATTAAACATGCGGACC-1,0,43,59,4586,5132
TATCTACCACAGCGGG-1,1,42,60,4691,5071
CGAGACCCTAGAGTGT-1,1,43,61,4585,5011
ACATCGATCGTTTACC-1,1,42,62,4691,4950
ATCGACCCAATACAGA-1,1,43,63,4585,4889
GAATCTGAACATTCTC-1,1,42,64,4690,4828
AGTTCCTATTTATGTT-1,1,43,65,4585,4768
CAGTCTGTATACTGGG-1,1,42,66,4690,4707
GGAGACGACACCTTTG-1,1,43,67,4584,4647
CCTAAATTAACGGTTC-1,1,42,68,4690,4586
GCTACGACTTATTGGG-1,0,43,69,4584,4525
CTGTGCAGGGTAGGTC-1,1,42,70,4690,4465
ACGCCGCTAGACGACC-1,0,43,71,4584,4404
ACTTGACTCCCTCTTT-1,0,42,72,4689,4343
CGCCTCCCTCCTCTAT-1,0,43,73,4584,4283
CTAGATTTACGACGGC-1,0,42,74,4689,4222
GATGCTGTATTTCATC-1,0,43,75,4583,4162
TGCGTTTGTTGACACT-1,0,42,76,4689,4101
CGTGCCCTCCCGAAGA-1,0,43,77,4583,4040
ACTCTCTGACTTAGGT-1,0,42,78,4688,3979
CTGGGTAGGCAGTTAA-1,0,43,79,4583,3919
GTTTGGCCCAAGTTAT-1,0,42,80,4688,3858
GAATGTGGTCCGGATT-1,0,43,81,4582,3798
CCCAGTTAAGGCGCCG-1,0,42,82,4688,3737
CGGTACTAGAATCAAA-1,0,43,83,4582,3677
GCTTAATGTAACTAAC-1,0,42,84,4688,3616
AGGACAGTCGAATCCC-1,0,43,85,4582,3555
GACAGCCAGACCTGAC-1,0,42,86,4687,3494
GGCGAAATCTAACTTG-1,0,43,87,4582,3434
CTGGTAACACATAGAA-1,0,42,88,4687,3373
TAGCCATTTCAAAGTC-1,0,43,89,4581,3313
GGGATTTACCGCACCT-1,0,42,90,4687,3252
ATGCCATTTGCGACCA-1,0,43,91,4581,3191
GAATAGACGCGACCCA-1,0,42,92,4686,3130
TGTATGGCGCAGACAG-1,0,43,93,4581,3070
GGATGAAGATCGCTGA-1,0,42,94,4686,3009
CGACAATTTGATCTAA-1,0,43,95,4581,2949
AAAGTTGACTCCCGTA-1,0,42,96,4686,2888
CGCGGCTCAACTTGAA-1,0,43,97,4580,2828
CACGCGGAACTGTTGC-1,0,42,98,4686,2767
TCTTAGAGTGAACTCT-1,0,43,99,4580,2706
AGTCCATTGGCTGATG-1,0,42,100,4685,2645
TTAAGATAGGATTGAC-1,0,43,101,4580,2585
ACATCCTGGTAACTGT-1,0,42,102,4685,2524
CACCTTGGCGCCTTTG-1,0,43,103,4579,2464
GCTAGACCGTCTACTG-1,0,42,104,4685,2403
CGGCCCAGGTATATCC-1,0,43,105,4579,2342
GTCCATTACTGCTACG-1,0,42,106,4685,2282
GGGTTTAGGATAGGAT-1,0,43,107,4579,2221
TAATTAGGACATCCGT-1,0,42,108,4684,2160
GCTCCCAGTCGGTCCA-1,0,43,109,4579,2100
ATTCGTGCTATCTCTT-1,0,42,110,4684,2039
GTTAACTATGTTGTCA-1,0,43,111,4578,1979
GCTCCGCTCGCTTCAG-1,0,42,112,4684,1918
GCAACGGCTAGTTATG-1,0,43,113,4578,1857
AATCGCGCAGAGGACT-1,0,42,114,4683,1796
AGGTTACACCATGCCG-1,0,43,115,4578,1736
CGAGATTTCGCTCGGG-1,0,42,116,4683,1675
CGATAATACTCAGGTT-1,0,43,117,4577,1615
AAGGCAGGCTGTCTCC-1,0,42,118,4683,1554
GTAAGTCCACACTCTA-1,0,43,119,4577,1493
ATGAGGGCAGCGGCTA-1,0,42,120,4683,1433
GCCGCACTCCGTTTCA-1,0,43,121,4577,1372
GAGCACGGCGCCTCTT-1,0,42,122,4682,1311
ACAATTTGGCCATATT-1,0,43,123,4577,1251
CTGGTTCGCGAGCTAC-1,0,42,124,4682,1190
GACGGTCCTAGGGTGT-1,0,43,125,4576,1130
ACTCGCGATCTGACGC-1,0,42,126,4682,1069
GTGTACGAACCGTTCC-1,0,43,127,4576,1008
CTTTGACGTCGCTTCT-1,0,44,0,4488,8710
CGTTATCATACTTCCA-1,0,45,1,4383,8649
GCTATGCCAGCTTATG-1,0,44,2,4488,8589
CAGTCGGCCTAGATAT-1,0,45,3,4382,8528
CCCGTGAGGGCGGTGA-1,0,44,4,4488,8467
TCTCGTGTTACGAGGA-1,0,45,5,4382,8407
ACGTCTCGTTCCGGGA-1,0,44,6,4487,8346
CGAGAGCGCGTAGATA-1,0,45,7,4382,8286
GACAGATTTCTGGCTC-1,0,44,8,4487,8225
GGGCCTAAATGGGCTA-1,0,45,9,4381,8164
ACTTGTAGTCCCTTCA-1,0,44,10,4487,8103
CCCGAAGTTTCGCGAA-1,0,45,11,4381,8043
ACCATCCGCCAACTAG-1,0,44,12,4487,7982
TGCGAATATGGGATTT-1,0,45,13,4381,7922
TACATCCCTATCCCTG-1,0,44,14,4486,7861
GTGGGAAGACTGAATC-1,0,45,15,4381,7801
TCAACATCGACCGAGA-1,0,44,16,4486,7740
CTATGTGAGTCACGGC-1,0,45,17,4380,7679
CCGAACACTGGGCCTC-1,0,44,18,4486,7618
AAACTTGCAAACGTAT-1,0,45,19,4380,7558
AGGGCGAGCAGCTGAT-1,0,44,20,4485,7497
AACACGAGACGCGGCC-1,0,45,21,4380,7437
TGACGAATATTTCCCT-1,0,44,22,4485,7376
TCGGAGAGTATCGGGA-1,0,45,23,4379,7315
CAAATCTCTCACAAGG-1,0,44,24,4485,7255
AGGCCCTAGAACGCCA-1,0,45,25,4379,7194
TAGAGATCATGCAACT-1,0,44,26,4485,7133
TTGTTTCCATACAACT-1,0,45,27,4379,7073
GAGAGGTGCATTCTGG-1,0,44,28,4484,7012
GTGGACCAACCCGATT-1,0,45,29,4379,6952
CTGGGCCTGCTATATC-1,0,44,30,4484,6891
CATAGTCCACAAGAAC-1,0,45,31,4378,6830
TTGACATGAACGTGGA-1,0,44,32,4484,6769
GGTTACCACCCTCGGG-1,0,45,33,4378,6709
TACCGGTCGTTTCCAT-1,0,44,34,4483,6648
CGAGTACTAAAGAGGA-1,0,45,35,4378,6588
GCAAGAATTCCTTGGC-1,0,44,36,4483,6527
TCGCCGAAGTTGCGTC-1,0,45,37,4378,6466
TTGAGAGTACTGCTAA-1,0,44,38,4483,6406
GCCACAATTTAAGGAC-1,0,45,39,4377,6345
ATATTCAGTTAAACCT-1,0,44,40,4483,6284
TGAGTGCCTCTTAAAT-1,0,45,41,4377,6224
ATCAGACGGCACGCCG-1,0,44,42,4482,6163
GTGCGAAATCGAACAC-1,0,45,43,4377,6103
GTGCCGCTTCAAAGGT-1,0,44,44,4482,6042
GATACGATGGGAGTCA-1,0,45,45,4376,5981
GACACTGAGTTCAGTG-1,0,44,46,4482,5920
ATCCTGCGTGGAATGG-1,0,45,47,4376,5860
ATCCTACCTAAGCTCT-1,0,44,48,4482,5799
AGTGATATGAGTAGTT-1,0,45,49,4376,5739
ATGATGCAATGGTACA-1,0,44,50,4481,5678
GAAACCGAATTACCTT-1,0,45,51,4376,5617
AGTGACCTACTTTACG-1,0,44,52,4481,5557
CAAATGTCCTTCCGTG-1,0,45,53,4375,5496
TTACTGGGATATTTCA-1,0,44,54,4481,5435
CTTGCCCAGGCTCTAC-1,0,45,55,4375,5375
AAATCGTGTACCACAA-1,0,44,56,4480,5314
GTGATCATAGATCTGC-1,0,45,57,4375,5254
TGGCAGATTACGATCA-1,0,44,58,4480,5193
TCACCCTCTTAAGATT-1,0,45,59,4374,5132
CAGGATATATCGTTGT-1,0,44,60,4480,5071
CCTGACCACCGATGGT-1,0,45,61,4374,5011
CTAAAGGGAAATAGGA-1,0,44,62,4480,4950
CCGCTATCAGCACCAG-1,0,45,63,4374,4890
CTTTAGTGCTATTATT-1,0,44,64,4479,4829
CGGGAATTTATGTAAA-1,0,45,65,4374,4769
TACGACTGCCTCTTAG-1,0,44,66,4479,4708
AAACTGCTGGCTCCAA-1,0,45,67,4373,4647
GTACGTTTGCCCGTCA-1,0,44,68,4479,4586
GGCAAGGCGAAATAGC-1,0,45,69,4373,4526
GATCTTGGAGGGCATA-1,0,44,70,4478,4465
AGCGTGGTATTCTACT-1,0,45,71,4373,4405
CTAAGGGAATGATTGG-1,0,44,72,4478,4344
CATGGTAAGTAGCGTT-1,0,45,73,4373,4283
CGTTGAGCGACCGTCG-1,0,44,74,4478,4223
TGCCCGTACCGTTAAA-1,0,45,75,4372,4162
ACAAGGGCAGGCTCTG-1,0,44,76,4478,4101
GAGATCTTCCATGACA-1,0,45,77,4372,4041
AATGACGTAGGATGTC-1,0,44,78,4477,3980
GTGGTGGCCAAGTGAA-1,0,45,79,4372,3920
TCCCGTGTGCAATTTG-1,0,44,80,4477,3859
ACATCGTATGCAATGG-1,0,45,81,4371,3798
GCGAAACTTAACTGGA-1,0,44,82,4477,3737
AATTGAACGCTCTGGT-1,0,45,83,4371,3677
ACAAATGGTAGTGTTT-1,0,44,84,4477,3616
ATGGTCGCGTGGTTTC-1,0,45,85,4371,3556
TGTTATTGTATGTGGC-1,0,44,86,4476,3495
TTCCGGTTACCCACTT-1,0,45,87,4371,3434
GAGTGTGCGGTACCCA-1,0,44,88,4476,3374
CAAGATATTATAACGT-1,0,45,89,4370,3313
ACACACCAGGACCAGT-1,0,44,90,4476,3252
ATGGGCCTCGGCCTCT-1,0,45,91,4370,3192
AAGGTGATAAACCAGC-1,0,44,92,4475,3131
TCTTACTTATGCCTCT-1,0,45,93,4370,3071
AAAGTGTGATTTATCT-1,0,44,94,4475,3010
TGCTCCACAGTTCTTA-1,0,45,95,4369,2949
CTGGCTGATTCATCCT-1,0,44,96,4475,2888
TAAGGCTGAATCCCTC-1,0,45,97,4369,2828
TCTAGTGATATCGTGG-1,0,44,98,4475,2767
TCGAAGAACCGAGCAC-1,0,45,99,4369,2707
GACAAACATATGCAGG-1,0,44,100,4474,2646
AAGTCAATTGTCGTCA-1,0,45,101,4369,2585
AGTGAACAAACTTCTC-1,0,44,102,4474,2525
CATGATGGAAGTTAGC-1,0,45,103,4368,2464
AAGTGCCTTGACTGTA-1,0,44,104,4474,2403
ATCGCCAGTCAACATT-1,0,45,105,4368,2343
ACCGCGGTGGAAGTCG-1,0,44,106,4473,2282
TCTTCTATAACCCGCC-1,0,45,107,4368,2222
CACATTTCTTGTCAGA-1,0,44,108,4473,2161
TAGCGTCCCTCGATTG-1,0,45,109,4368,2100
GTTCGGATCGGGAACA-1,0,44,110,4473,2039
CAAACTCGCGACGCCG-1,0,45,111,4367,1979
GTCTTGTAGCTATTCA-1,0,44,112,4473,1918
TCTCGACGTATCGCCG-1,0,45,113,4367,1858
TTGCCAAGCAGAACCC-1,0,44,114,4472,1797
AAACCCGAACGAAATC-1,0,45,115,4367,1736
TTGAGCAGCCCACGGT-1,0,44,116,4472,1676
CGCCTTTAGCATGCTC-1,0,45,117,4366,1615
TGTGGCTCCCACCAAC-1,0,44,118,4472,1554
CCGCCGTTGAGGATAA-1,0,45,119,4366,1494
CAATACGAGAGTCTGA-1,0,44,120,4472,1433
CATCTAGTGAAGGGAA-1,0,45,121,4366,1373
GGTGGAGGTTGATACG-1,0,44,122,4471,1312
CCGCACACGAACGTGT-1,0,45,123,4366,1251
AGAACCCAGCGTGACA-1,0,44,124,4471,1190
GCGCTCGATCACCTGT-1,0,45,125,4365,1130
ATCATGGACTACCGAC-1,0,44,126,4471,1069
TACGCCGCCTCAGAAG-1,0,45,127,4365,1009
CGACCTACTAGACAAT-1,0,46,0,4277,8710
GAGTCTTGTAAAGGAC-1,0,47,1,4172,8650
AATATCCTAGCAAACT-1,0,46,2,4277,8589
CCCTAGGCAACAAGAG-1,0,47,3,4171,8529
ACAAAGAAGGTAGGCC-1,0,46,4,4277,8468
CCCTGGCTGTTCCTTC-1,0,47,5,4171,8407
TCGCCGCACCGCGTGA-1,0,46,6,4276,8347
TATAGCGCACGTTATC-1,0,47,7,4171,8286
TTATCTGACATTAGGA-1,0,46,8,4276,8225
AGTGGTGTTACCCGTG-1,0,47,9,4170,8165
GCCAAGAATACTTCTG-1,0,46,10,4276,8104
CCGGCGTGAGACTCTG-1,0,47,11,4170,8044
TTCCCGGCGCCAATAG-1,0,46,12,4275,7983
AAACAGGGTCTATATT-1,0,47,13,4170,7922
ACAGTAATACAACTTG-1,0,46,14,4275,7861
CGAACGGCCGGACAAC-1,0,47,15,4170,7801
GCAACACACTAGAACT-1,0,46,16,4275,7740
ACTCCCATTCCTAAAG-1,0,47,17,4169,7680
ACCTGCGTGTCATGTT-1,0,46,18,4275,7619
TACTTTCCGCACGCCA-1,0,47,19,4169,7558
AGGTCAGGTGAGAGTG-1,0,46,20,4274,7498
TCCTCCTAAGACATTC-1,0,47,21,4169,7437
ATGTGAAAGCCTAATG-1,0,46,22,4274,7376
AGTCGGCTCAACTTTA-1,0,47,23,4168,7316
CGATCTGTTGGAGGAC-1,0,46,24,4274,7255
ACGGGAGTGTCGGCCC-1,0,47,25,4168,7195
TTAACTTCAGGTAGGA-1,0,46,26,4274,7134
CCACGGAGCCATAAGA-1,0,47,27,4168,7073
CTTCTATGTTGAAGTA-1,0,46,28,4273,7012
CACCGTTGCGCGATAT-1,0,47,29,4168,6952
TCTAGCAATCTCCGCC-1,0,46,30,4273,6891
AGTTTGGCCAGACCTA-1,0,47,31,4167,6831
TTGTAAGGACCTAAGT-1,0,46,32,4273,6770
AAATTTGCGGGTGTGG-1,0,47,33,4167,6709
AAGTTCGGCCAACAGG-1,0,46,34,4272,6649
CCGCTTACCTCACTCT-1,0,47,35,4167,6588
ATCACGTGCTAATTAA-1,0,46,36,4272,6527
GGTGAAGTACAGGGAT-1,0,47,37,4167,6467
GCTGTATTACTGGCCC-1,0,46,38,4272,6406
AACGGCCATCTCCGGT-1,0,47,39,4166,6346
TAAGTAACATCTTGAC-1,0,46,40,4272,6285
TTCTTGAGCCGCGCTA-1,0,47,41,4166,6224
AGTGCGTAGCTCGTAA-1,0,46,42,4271,6163
GGGATGGTCGTAACCG-1,0,47,43,4166,6103
GTCTGGGCGGTCGAGA-1,0,46,44,4271,6042
CGGAACGTAAACATAG-1,0,47,45,4165,5982
TGCGACACCCTAGTGC-1,0,46,46,4271,5921
CAAACGAGTATCGCAG-1,0,47,47,4165,5861
TCAGTAGGGACTATAA-1,0,46,48,4270,5800
GCGGTTCCCTATCATG-1,0,47,49,4165,5739
GTGACTTCAGTAGTGC-1,0,46,50,4270,5678
CGTCACGTCCATTGGT-1,0,47,51,4165,5618
ATAAGTTACCGCGACG-1,0,46,52,4270,5557
CTGAATCCGAGACCTC-1,0,47,53,4164,5497
TACGACGCTTGCTGCG-1,0,46,54,4270,5436
GAATTCACCCGGGTGT-1,0,47,55,4164,5375
GGGTGACACCTTAACT-1,0,46,56,4269,5315
TGAGTAAATTAGCGTA-1,0,47,57,4164,5254
GAGTCCGCTTACCGGA-1,0,46,58,4269,5193
GGCGCGTTCGAGTTTA-1,0,47,59,4163,5133
ATTCATATACTGTCCA-1,0,46,60,4269,5072
ATAAACGGACCCGTAA-1,0,47,61,4163,5012
GTCGTACCATCTCGGG-1,0,46,62,4269,4951
ATAATAGCTGTTGAAT-1,0,47,63,4163,4890
TTCCGCGTGAGGCGAT-1,0,46,64,4268,4829
TACCGGCTCACTGCCC-1,0,47,65,4163,4769
GTATCTTTCATAACCA-1,0,46,66,4268,4708
GTTACCTACAACTTGC-1,0,47,67,4162,4648
TGACTATAATCCTTTC-1,0,46,68,4268,4587
AAATACCTATAAGCAT-1,0,47,69,4162,4526
TTATTAGAGCGTGTTC-1,0,46,70,4267,4466
ATGTGGACATCTTGAT-1,0,47,71,4162,4405
GTACGCTTCATTGCAC-1,0,46,72,4267,4344
CACATATTAGCAGGAT-1,0,47,73,4162,4284
CAAGAGGGCGGAGTAC-1,0,46,74,4267,4223
TCGCAAAGATGCATTT-1,0,47,75,4161,4163
GTCGTTATTCGCTTAT-1,0,46,76,4267,4102
TCGTGTACTATGGATG-1,0,47,77,4161,4041
GCGGAGAGGGAGAACG-1,0,46,78,4266,3980
TCACAGGGAATCGCAA-1,0,47,79,4161,3920
GACTGCACCAGCCCAG-1,0,46,80,4266,3859
TCCGCTGTCATCCCGG-1,0,47,81,4160,3799
AGATACTCAAGATCGA-1,0,46,82,4266,3738
ACTGAATGGCGAAAGT-1,0,47,83,4160,3677
TCCTACATCCACGGCC-1,0,46,84,4266,3617
TTCAGCCCTGGTCCAC-1,0,47,85,4160,3556
TTAGAGTTTAGAAGGA-1,0,46,86,4265,3495
GGTTAGCTATATGTCT-1,0,47,87,4160,3435
CTGGTTTCGAGCAAGA-1,0,46,88,4265,3374
TGGGCCCATACTAATT-1,0,47,89,4159,3314
ACTTATTTATGTGCCA-1,0,46,90,4265,3253
TTAGTTATTCGTGGCA-1,0,47,91,4159,3192
AACCGCTAAGGGATGC-1,0,46,92,4264,3131
ATACGTCCACTCCTGT-1,0,47,93,4159,3071
CGACACGCTCCGACAG-1,0,46,94,4264,3010
TCTGAACTCGTACCCG-1,0,47,95,4158,2950
AGGATATAGGGATTTA-1,0,46,96,4264,2889
GTGATCACTAACGCCT-1,0,47,97,4158,2829
ACCGGGCCTTTGTTGA-1,0,46,98,4264,2768
TTGACAGGAGCTCCCG-1,0,47,99,4158,2707
CTCTTCTATTGACTGG-1,0,46,100,4263,2646
CGTGGCCGAATATCTA-1,0,47,101,4158,2586
GGTTTAGCCTTTCTTG-1,0,46,102,4263,2525
TCAAGGTTACTACACC-1,0,47,103,4157,2465
TTGACTATTGTCCGGC-1,0,46,104,4263,2404
CGGGAATATAGTATAC-1,0,47,105,4157,2343
GCAACAGCAGTATGCG-1,0,46,106,4262,2283
ATCAAACACTGTTCCA-1,0,47,107,4157,2222
TGGGCAATAGTTGGGT-1,0,46,108,4262,2161
TGAATGTCAGCCGGCC-1,0,47,109,4157,2101
CGGCTCTAAAGCTGCA-1,0,46,110,4262,2040
GGACACAAGTTTACAC-1,0,47,111,4156,1980
CCGAGAAGTCGCATAA-1,0,46,112,4262,1919
AACTACCCGTTTGTCA-1,0,47,113,4156,1858
GCACAAACGAGGCGTG-1,0,46,114,4261,1797
CACACAGCTTGCGCTC-1,0,47,115,4156,1737
GTGCTTACATCAGCGC-1,0,46,116,4261,1676
GCAAACGTCGCCAGGT-1,0,47,117,4155,1616
GAATAGCATTTAGGGT-1,0,46,118,4261,1555
TACTGTTTCTCTGGTA-1,0,47,119,4155,1494
TCCTATCATAGGTAAC-1,0,46,120,4261,1434
TTCGGTGGAGACGCCC-1,0,47,121,4155,1373
TGTTGCCGTCGTCCCA-1,0,46,122,4260,1312
CCAACTTGATAGATCC-1,0,47,123,4155,1252
CAAAGGTCATCTGAAA-1,0,46,124,4260,1191
CTAGCTTAATGGTCCC-1,0,47,125,4154,1131
AGGCCACATTGGTTAC-1,0,46,126,4260,1070
TTAGGATGGGAGGGTA-1,0,47,127,4154,1009
TATGACCTTGCGCTGG-1,0,48,0,4066,8711
ATATACATGTATGGTA-1,0,49,1,3960,8650
TGTGTGACCATGAATC-1,0,48,2,4066,8590
CCCACTCCACGGTATC-1,0,49,3,3960,8529
GGGCAGACGTCACTGC-1,0,48,4,4066,8468
TCAAAGAGCTATCTGT-1,0,49,5,3960,8408
AGATGCATCCTGTGTC-1,0,48,6,4065,8347
GTGAAGTCACGACTCG-1,0,49,7,3960,8287
TGATTCAGGTCCCGCG-1,0,48,8,4065,8226
CGCCACAGGTCGCGAT-1,0,49,9,3959,8165
TTGAATCGTTGTATAA-1,0,48,10,4065,8104
TGGCCAATTTGGTACT-1,0,49,11,3959,8044
CGACCCTTAACGCCGG-1,0,48,12,4064,7983
TCGGCGTACTGCACAA-1,0,49,13,3959,7923
GAGTAAGGCCACGGGA-1,0,48,14,4064,7862
ATCAGCTCGTCCACTA-1,0,49,15,3959,7801
AGGATCACGCGATCTG-1,0,48,16,4064,7741
AAATGGCCCGTGCCCT-1,0,49,17,3958,7680
CAGTACCAGTTTACGT-1,0,48,18,4064,7619
GGTCGTAAGCTCGCAC-1,0,49,19,3958,7559
CGTTCATGGTGCGCGT-1,0,48,20,4063,7498
GACTACAAAGCGGTGG-1,0,49,21,3958,7438
CAGCTGGCGTAACCGT-1,0,48,22,4063,7377
ACTCGTAACCCGTCCT-1,0,49,23,3957,7316
CATATGTCAGGCTACG-1,0,48,24,4063,7255
GCCCGACTTCTTCCCG-1,0,49,25,3957,7195
CTGGCATCCGAATGAG-1,0,48,26,4063,7134
AAGTGCGTTAGAATCT-1,0,49,27,3957,7074
AGAAGTGATTCGTGAT-1,0,48,28,4062,7013
TACCTTAAGATTTCCC-1,0,49,29,3957,6953
AATGACAGCAATGTCT-1,0,48,30,4062,6892
TCAACGCAGGAAATAA-1,0,49,31,3956,6831
TATTCCTCCGCCCACT-1,0,48,32,4062,6770
ATCAAACGAAGGTTTG-1,0,49,33,3956,6710
TTGATTAGCTGTTTCT-1,0,48,34,4061,6649
CTGCTGAGGCCACGAA-1,0,49,35,3956,6589
CCGTGTTAAATTCCAT-1,0,48,36,4061,6528
CACGTCGGCAACCTCT-1,0,49,37,3955,6467
GTATTCTGAGAAACGA-1,0,48,38,4061,6407
CGGTGCGCGTTGGTCC-1,0,49,39,3955,6346
GTGATTCGCCGCTCAA-1,0,48,40,4061,6285
GCCCGCGCGTAAACGG-1,0,49,41,3955,6225
AACGTACTGTGGGTAC-1,0,48,42,4060,6164
GAGTATGCCCGCCTTG-1,0,49,43,3955,6104
TGATTCTGTCGCCGGT-1,0,48,44,4060,6043
GGGCGGCAAATGAATT-1,0,49,45,3954,5982
TTCCAATCTGGCTATC-1,0,48,46,4060,5921
GGAACCGTGTAAATTG-1,0,49,47,3954,5861
TTGGTCACACTCGTAA-1,0,48,48,4059,5800
CGAACCCGCATGCGTC-1,0,49,49,3954,5740
GGGCGTCACCACGTAA-1,0,48,50,4059,5679
TACCAGAAGTAGGTTC-1,0,49,51,3954,5618
TTGGATATCGTCTACG-1,0,48,52,4059,5558
TAGATATGGACTGGAA-1,0,49,53,3953,5497
GCGACGATAGTTGTAC-1,0,48,54,4059,5436
CTGGATTTACACTTGA-1,0,49,55,3953,5376
GTTATATTATCTCCCT-1,0,48,56,4058,5315
TATTCCACTCAGCTCG-1,0,49,57,3953,5255
CTGTTACCCAATCTAG-1,0,48,58,4058,5194
ACGCGAAGTCAGACGA-1,0,49,59,3952,5133
GATAGGTAACGTTGAC-1,0,48,60,4058,5072
TGTTCGTATTGCGGTG-1,0,49,61,3952,5012
GGTCAGTGGGTCCCAC-1,0,48,62,4058,4951
AATTCTAGAGTTAGGC-1,0,49,63,3952,4891
GTTTACGTTCCATCTG-1,0,48,64,4057,4830
AGACCCACCGCTGATC-1,0,49,65,3952,4769
TCTAGCATGCCCAGAA-1,0,48,66,4057,4709
CCCGCAGCGCGAACTA-1,0,49,67,3951,4648
CTCTATTTGGCTGCAG-1,0,48,68,4057,4587
TTCTGCCGCGCCTAGA-1,0,49,69,3951,4527
ACTCCCTAGAATAGTA-1,0,48,70,4056,4466
CCGAACCTTCCCGGCC-1,0,49,71,3951,4406
TCAGACGCTATAGAAG-1,0,48,72,4056,4345
CAGGCGCCATGCTAGG-1,0,49,73,3950,4284
CACTCGAGCTGAACAA-1,0,48,74,4056,4223
ACAAGGAAATCCGCCC-1,0,49,75,3950,4163
ACCACGTGCAGCTATA-1,0,48,76,4056,4102
ACGGCGACGATGGGAA-1,0,49,77,3950,4042
TTACTAAAGGACTTTA-1,0,48,78,4055,3981
GGCTGAAATAGCAAAG-1,0,49,79,3950,3921
TTAGACGAGTCACCTC-1,0,48,80,4055,3860
GTAGTCGCGGGAATCA-1,0,49,81,3949,3799
GCAAACCCTACATTAT-1,0,48,82,4055,3738
GTTAAAGTAGGACTGG-1,0,49,83,3949,3678
ACCCTCCCTTGCTATT-1,0,48,84,4054,3617
CATGTCTCATTTATGG-1,0,49,85,3949,3557
AATAGAATCTGTTTCA-1,0,48,86,4054,3496
TCTCATGAGATAGGGT-1,0,49,87,3949,3435
ATGACTATGCGACATT-1,0,48,88,4054,3375
CCTAACCCAAACAAGT-1,0,49,89,3948,3314
AGTCAAGATGACACTT-1,0,48,90,4054,3253
CGGGAGCTTCAGTGTA-1,0,49,91,3948,3193
CCACAGTACCCATCCT-1,0,48,92,4053,3132
GAGCGCGCACGAGTAG-1,0,49,93,3948,3072
ACCAGTGCGGGAGACG-1,0,48,94,4053,3011
TCCTTACGACGGTCCG-1,0,49,95,3947,2950
TAGTCGATCACGGGTT-1,0,48,96,4053,2889
AGACGAAGTGCCGGTC-1,0,49,97,3947,2829
CGCTGGTGACTACCCT-1,0,48,98,4053,2768
AGGCATTGTCGTAGGG-1,0,49,99,3947,2708
TGGTAGAATATATGGG-1,0,48,100,4052,2647
TTCTTATCCGCTGGGT-1,0,49,101,3947,2586
AGTTTGGCACGGGTTG-1,0,48,102,4052,2526
GCATCGGCCGTGTAGG-1,0,49,103,3946,2465
ATGCGAGTCCCACCAC-1,0,48,104,4052,2404
TCGGCGAACCCAAACC-1,0,49,105,3946,2344
AGAGTAAACTTCACTA-1,0,48,106,4051,2283
AAGCCGAAGCGGTTTA-1,0,49,107,3946,2223
CCCGAGTTTCTCCGTA-1,0,48,108,4051,2162
AATATCGAATCAATGC-1,0,49,109,3945,2101
GCGCCTCCCACTCCGA-1,0,48,110,4051,2040
CGTTAAACTAGTTAGG-1,0,49,111,3945,1980
TGAGTTAAAGACATTC-1,0,48,112,4051,1919
AACAGGTAGTATGGAT-1,0,49,113,3945,1859
GAACGCGGGTCACACG-1,0,48,114,4050,1798
TGTTTGAGATCGTCAG-1,0,49,115,3945,1737
ATCTCGTGAGCGAAAC-1,0,48,116,4050,1677
CTGAGAAAGTTCGGCG-1,0,49,117,3944,1616
ATTACCACACTGCCTG-1,0,48,118,4050,1555
CTGCTGTCTAACGAGC-1,0,49,119,3944,1495
CGTGGAAGCCTCGTAC-1,0,48,120,4049,1434
GGACTCACAAATTAGG-1,0,49,121,3944,1374
CTTTGCTGTCATGGAT-1,0,48,122,4049,1313
GGTGTTGGGCGTCTTA-1,0,49,123,3944,1252
TACCATGTATTGATTT-1,0,48,124,4049,1191
GGTCTCCAAGTAGTGC-1,0,49,125,3943,1131
ATCCTTCTGAAAGAAC-1,0,48,126,4049,1070
CCGGAAGTTATCAGTC-1,0,49,127,3943,1010
TTAGAGGGATATACAG-1,0,50,0,3855,8711
TTGTACACCTCGAACA-1,0,51,1,3749,8651
GTGGGTACTGAGCGTA-1,0,50,2,3855,8590
CTTAAGCAGCGAGCCG-1,0,51,3,3749,8530
GCATTGACTTGCGGAA-1,0,50,4,3855,8469
CCATAACCTGTGCAGT-1,0,51,5,3749,8408
GGGCTACTATTTCGTG-1,0,50,6,3854,8347
GGCGAGCGAAACGGCA-1,0,51,7,3749,8287
GGAGACCATCTACATA-1,0,50,8,3854,8226
AGACCAAACCACACCT-1,0,51,9,3748,8166
CGACGCATCCGTACCT-1,0,50,10,3854,8105
CCTAGGTAAAGGTAGC-1,0,51,11,3748,8045
AGCGGCGGTTAGCGGT-1,0,50,12,3853,7984
CTGGACGCAGTCCGGC-1,0,51,13,3748,7923
AGCCTAATACCCACGT-1,0,50,14,3853,7862
AATCTGGCTTTCTAGT-1,0,51,15,3748,7802
CACCCTTGGTGAGACC-1,0,50,16,3853,7741
GGATCTTGACTCAACC-1,0,51,17,3747,7681
ACGAGGATACCACTCT-1,0,50,18,3853,7620
GAGTTGATGGCAATTT-1,0,51,19,3747,7559
GTGGCAAACAGCGGCA-1,0,50,20,3852,7499
GATGTAACGAACCACC-1,0,51,21,3747,7438
AGCCGTGGCTAAATGT-1,0,50,22,3852,7377
CTCCCTCCTTTCGATC-1,0,51,23,3746,7317
TTGGAAGAATACAGTC-1,0,50,24,3852,7256
AGTTAAGTCAACCGCT-1,0,51,25,3746,7196
CTCATGGTAATTTGCG-1,0,50,26,3851,7135
AAAGTAGCATTGCTCA-1,0,51,27,3746,7074
TTGTGGTAGGAGGGAT-1,0,50,28,3851,7013
AGTCGTGGGCATTACG-1,0,51,29,3746,6953
ACCTAAGTACCTTTCA-1,0,50,30,3851,6892
GTAGAGGGAGACAAGT-1,0,51,31,3745,6832
GATCCTCGACACTGGC-1,0,50,32,3851,6771
CCTACATTCACAGACG-1,0,51,33,3745,6710
TTGACCGTGTTAATGA-1,0,50,34,3850,6650
TCTGTTACCCAGCATA-1,0,51,35,3745,6589
CTAACTGGTCCGGTTC-1,0,50,36,3850,6528
AGCGACAGGAACGGTC-1,0,51,37,3744,6468
TAATAGAACAGAGTTA-1,0,50,38,3850,6407
ACAGGTGGAGGTGAGG-1,0,51,39,3744,6347
TGCGAGAATATTACCC-1,0,50,40,3850,6286
TTGCGTCGGCCAACCG-1,0,51,41,3744,6225
AGGCTTCCCGAAGAAG-1,0,50,42,3849,6164
GCGGACCGCGTTGTGG-1,0,51,43,3744,6104
GTAATCTGATTCTTCG-1,0,50,44,3849,6043
CCGCGGAATGCGTCAC-1,0,51,45,3743,5983
TTCCACACAGATTTGA-1,0,50,46,3849,5922
CTTCTATTAATGCTAG-1,0,51,47,3743,5861
CATTTGAGTGGTACGT-1,0,50,48,3848,5801
TCACAGCAAACTCGAA-1,0,51,49,3743,5740
CAGACGAACCTGATAC-1,0,50,50,3848,5679
TAGCTAGAAGGCATGA-1,0,51,51,3743,5619
ATCCAGAGCAACAACC-1,0,50,52,3848,5558
TCCGGTTCGTCCGGTC-1,0,51,53,3742,5498
CGCGCATGTTTGATTG-1,0,50,54,3848,5437
TGGCGATCAAGTTATG-1,0,51,55,3742,5376
CCCTTTGACAGGTCTT-1,0,50,56,3847,5315
CAGAGACGGTCACCCA-1,0,51,57,3742,5255
TAGCTCGCCTGATAAC-1,0,50,58,3847,5194
TTGTGTTTCCCGAAAG-1,0,51,59,3741,5134
TATACACAGACGCCTT-1,0,50,60,3847,5073
ACATTAGTTTATATCC-1,0,51,61,3741,5013
CCATCGCAGTTAAACT-1,0,50,62,3847,4952
AATTAGCGCTGCAGCG-1,0,51,63,3741,4891
TCCGCTTATCCCATTA-1,0,50,64,3846,4830
GTTTGGGCTTGTGAGC-1,0,51,65,3741,4770
CTTGTCAACATTCGAG-1,0,50,66,3846,4709
GGACCAACAGGATAAC-1,0,51,67,3740,4649
AAGCTAGATCGAGTAA-1,0,50,68,3846,4588
TACCGTGCCTCGGACC-1,0,51,69,3740,4527
GTAGCCAAACATGGGA-1,0,50,70,3845,4467
TGCCAGTACGTGGAGA-1,0,51,71,3740,4406
ATAAGGTGGAGAACAT-1,0,50,72,3845,4345
CTTTAATATTGGTCGA-1,0,51,73,3739,4285
TGGTTCAACGGGTAAT-1,0,50,74,3845,4224
GCTGCTACTGCGTAGC-1,0,51,75,3739,4164
CTGCACAACTACATAT-1,0,50,76,3845,4103
ATATTCCACATAGTGA-1,0,51,77,3739,4042
TGGCAAACTAAATTAC-1,0,50,78,3844,3981
ACCGCAATAACTGCCT-1,0,51,79,3739,3921
TCGCACCAGGAGGCAG-1,0,50,80,3844,3860
ACTTCAGGCTGATCCC-1,0,51,81,3738,3800
ACAAATCGCACCGAAT-1,0,50,82,3844,3739
TCTGATGTATTCTGTC-1,0,51,83,3738,3678
CTTTACCGAATAGTAG-1,0,50,84,3843,3618
GCAGATCCATAAGACT-1,0,51,85,3738,3557
TTCCTCGGACTAACCA-1,0,50,86,3843,3496
TTATCCGGGATCTATA-1,0,51,87,3738,3436
CTGGAAGACACGGTGG-1,0,50,88,3843,3375
GTTCGTCTAAAGAACT-1,0,51,89,3737,3315
GTCTATTGGTTCCGGT-1,0,50,90,3843,3254
CTAGGCGCCCTATCAG-1,0,51,91,3737,3193
AACGGACGTACGTATA-1,0,50,92,3842,3132
AACACACGCTCGCCGC-1,0,51,93,3737,3072
GCTACTATAGTAGAGT-1,0,50,94,3842,3011
AGCATATCAATATGCT-1,0,51,95,3736,2951
CGAACAGTATGGGCGT-1,0,50,96,3842,2890
ACAATTGTGTCTCTTT-1,0,51,97,3736,2829
GATCGCTACCCGATTT-1,0,50,98,3842,2769
ATTGCGATCAGTAACT-1,0,51,99,3736,2708
CAGCAGTCCAGACTAT-1,0,50,100,3841,2647
AGAGGCTTCGGAAACC-1,0,51,101,3736,2587
AAACAAGTATCTCCCA-1,0,50,102,3841,2526
GGCAGCAAACCTATGC-1,0,51,103,3735,2466
ACTAGTTGCGATCGTC-1,0,50,104,3841,2405
TTGGACCATCTGGCAA-1,0,51,105,3735,2344
CCCTCCTCGCTCGTAT-1,0,50,106,3840,2283
GAGCGCAAATACTCCG-1,0,51,107,3735,2223
ATTACATGTCAGTCTT-1,0,50,108,3840,2162
TTGGGACGTAAGAGTT-1,0,51,109,3734,2102
CTTCGGCCAATTGTTT-1,0,50,110,3840,2041
AGACCGCTCCGCGGTT-1,0,51,111,3734,1981
GACCGCGTCTGACGTG-1,0,50,112,3840,1920
CCAAATAACAAGATTC-1,0,51,113,3734,1859
TCTTTAGAGTCTAACA-1,0,50,114,3839,1798
CTCCCAATGAGTCGCG-1,0,51,115,3734,1738
TAGTCTTTCCGAATTG-1,0,50,116,3839,1677
GAGTAAACCGGAAAGT-1,0,51,117,3733,1617
GATCTCGACGCTGTGG-1,0,50,118,3839,1556
CTGACATAGAAATAGA-1,0,51,119,3733,1495
TATACCGAGTGCCACA-1,0,50,120,3838,1435
TCCGAACGTTGCCGCT-1,0,51,121,3733,1374
GCAGAAGGTAATCTCC-1,0,50,122,3838,1313
GGTACTAAGTGCTTTG-1,0,51,123,3733,1253
CAGAATATTCGTTATC-1,0,50,124,3838,1192
TAATCAACCAAATGGG-1,0,51,125,3732,1132
TCTGCTTAGAACAAGC-1,0,50,126,3838,1071
AACTGAGTTATACTGA-1,0,51,127,3732,1010
CCTCAACGATCGCTGT-1,0,52,0,3644,8712
CGGTACGGCAAACCCA-1,0,53,1,3538,8651
CAGATGTTTGTCCCAA-1,0,52,2,3644,8591
GTTTGTTAGCCAAGTA-1,0,53,3,3538,8530
ACGTGACAAAGTAAGT-1,0,52,4,3644,8469
TTGTCACCGCGGTATC-1,0,53,5,3538,8409
GATCTAACCGTATTCA-1,0,52,6,3643,8348
ATGGAAATTTAAGGAG-1,0,53,7,3538,8288
ATTGATCACCACATTT-1,0,52,8,3643,8227
ACTGCTCGGAAGGATG-1,0,53,9,3537,8166
TCTAAAGAACAGTCTC-1,0,52,10,3643,8105
CTGGGTTGAGTTAAAG-1,0,53,11,3537,8045
CCCAGTAAACTTGGGA-1,0,52,12,3642,7984
AGATTCACAACCGATA-1,0,53,13,3537,7924
AGAAGGTACACTTCAC-1,0,52,14,3642,7863
GCAGGAACTTAGATCT-1,0,53,15,3536,7802
AATCTAGGTTTACTTG-1,0,52,16,3642,7742
CCCGGTGTATCGGAAT-1,0,53,17,3536,7681
TTATCCTCAAGGAATA-1,0,52,18,3642,7620
AGCATCATTTCGAAAG-1,0,53,19,3536,7560
CGCGAGTCTGCCGGGT-1,0,52,20,3641,7499
TGCGTCATGACTGAGC-1,0,53,21,3536,7439
GTATGAAATTTCACTC-1,0,52,22,3641,7378
TTGGTTGCGGTGCGCG-1,0,53,23,3535,7317
ACAGAACTGAGAACAA-1,0,52,24,3641,7256
CTACTATCATAGGTTT-1,0,53,25,3535,7196
CCTCTATCGATTAGCA-1,0,52,26,3640,7135
CCGTATCTCGTCGTAG-1,0,53,27,3535,7075
TCACGATGTCCGTGGA-1,0,52,28,3640,7014
TCAACAAAGATAATTC-1,0,53,29,3535,6953
ATGACGCGTTCTATCC-1,0,52,30,3640,6893
ATTTGCGCGAGTAGCT-1,0,53,31,3534,6832
TTCTTGGACGATCTGC-1,0,52,32,3640,6771
AGACGACGATGCCGCT-1,0,53,33,3534,6711
GGTCTCTGAATGGACT-1,0,52,34,3639,6650
GCTCAATCCGTTTATT-1,0,53,35,3534,6590
CCAGAAAGCAACTCAT-1,0,52,36,3639,6529
CACCGTTAGGGATCAC-1,0,53,37,3533,6468
AATAACACTAGAACAA-1,0,52,38,3639,6407
CACCCGGTTTGTGACT-1,0,53,39,3533,6347
CCACCAACTTTACTGT-1,0,52,40,3639,6286
AACTCTCAGTGTGCTC-1,0,53,41,3533,6226
AAACCGTTCGTCCAGG-1,0,52,42,3638,6165
CAGCGATTCCCTTCAA-1,0,53,43,3533,6105
GCTAGCTTGAATAGCT-1,0,52,44,3638,6044
TTGCGGCATCAGAAAG-1,0,53,45,3532,5983
AATAGAACAGAGTGGC-1,0,52,46,3638,5922
GCCATCGAGCTGCGTG-1,0,53,47,3532,5862
ACACTGATCAAGGTGT-1,0,52,48,3637,5801
ACCAACGCTTATTTAT-1,0,53,49,3532,5741
GACATCGATTTATAAC-1,0,52,50,3637,5680
CAGACACCGATCGCTG-1,0,53,51,3531,5619
CCAAGAAAGTGGGCGA-1,0,52,52,3637,5559
GGTAGACCGTTGGGCG-1,0,53,53,3531,5498
TCGTTAGGAGTCCCTA-1,0,52,54,3637,5437
ACGGCCAACATGGACT-1,0,53,55,3531,5377
GTGAGTGGTACAACGC-1,0,52,56,3636,5316
GAGACTTCGCGACCGA-1,0,53,57,3531,5256
GAAGTCAGTTGCACTA-1,0,52,58,3636,5195
GTTTGGTAGGGTCAAC-1,0,53,59,3530,5134
ACGGCACTTGCTTGGG-1,0,52,60,3636,5073
CCTCTGTACTATTCTA-1,0,53,61,3530,5013
CTATTCATGTGTCCCA-1,0,52,62,3635,4952
GCCCGATCTGTGGTCG-1,0,53,63,3530,4892
TTAGAAGAACATGACT-1,0,52,64,3635,4831
AGGATAAAGTCGGGAT-1,0,53,65,3530,4770
CGGCAAACATCGTGCG-1,0,52,66,3635,4710
CTAGTTACAACCCGGT-1,0,53,67,3529,4649
TTCGACAGAGCCCGTG-1,0,52,68,3635,4588
AAGCATACTCTCCTGA-1,0,53,69,3529,4528
GACGACGATCCGCGTT-1,0,52,70,3634,4467
GGTAGAAGACCGCCTG-1,0,53,71,3529,4407
GAGATGGGAGTCGACA-1,0,52,72,3634,4346
AACGATAATGCCGTAG-1,0,53,73,3528,4285
TGGTCCCACGCTACGG-1,0,52,74,3634,4224
CTGCTTGGCGATAGCT-1,0,53,75,3528,4164
ATCGGAGACAGACGGC-1,0,52,76,3634,4103
TAGCGTCCGGTGTGGT-1,0,53,77,3528,4043
GTTGAGTCCCGCCGGT-1,0,52,78,3633,3982
AAATAGGGTGCTATTG-1,0,53,79,3528,3921
AAGTGTTTGGAGACGG-1,0,52,80,3633,3861
AGCACTACCTCACCAG-1,0,53,81,3527,3800
TGCCTTGGCCAGGCAA-1,0,52,82,3633,3739
TCGTCTTAGGCGTTAA-1,0,53,83,3527,3679
TTCTGACCGGGCTCAA-1,0,52,84,3632,3618
CAGAACTTAGCCCTCT-1,0,53,85,3527,3558
AGCTCCTTCGCACATC-1,0,52,86,3632,3497
ACAGGCTTGCCCGACT-1,0,53,87,3526,3436
GCTATACGTCTCGGAC-1,0,52,88,3632,3375
GAGCCAGCTACCTGTG-1,0,53,89,3526,3315
TGCTAAGTGTCTATTT-1,0,52,90,3632,3254
GTCCTACGAATAGTCT-1,0,53,91,3526,3194
CAGTGTCGGCTGGCCC-1,0,52,92,3631,3133
CTATCGACGAAATACA-1,0,53,93,3526,3073
CATCATTACCCTGAGG-1,0,52,94,3631,3012
TAAGTTGCGACGTAGG-1,0,53,95,3525,2951
AGTGCACGCTTAAGAA-1,0,52,96,3631,2890
TGTGCCGGTGCCGGAA-1,0,53,97,3525,2830
AGGAGGCCTTCGCGCG-1,0,52,98,3630,2769
TCCGCGGCCCAATGAA-1,0,53,99,3525,2709
TCCGTTAAGCTAATAT-1,0,52,100,3630,2648
AAATCTAGCCCTGCTA-1,0,53,101,3525,2587
CGCAGGCGATCCAAAC-1,0,52,102,3630,2527
CCATATGGAAACTATA-1,0,53,103,3524,2466
CACCGTATCCCATCCG-1,0,52,104,3630,2405
GGTCAAGACTACTTCG-1,0,53,105,3524,2345
CCCGTTTCGCAGATGT-1,0,52,106,3629,2284
GTTATAATACGGTGAA-1,0,53,107,3524,2224
ACTTGTGGATGGAACG-1,0,52,108,3629,2163
GTTCGCTGAGACGTCT-1,0,53,109,3523,2102
GACACTGGAACCCGAT-1,0,52,110,3629,2041
CCCAGGTCTGAAGGCT-1,0,53,111,3523,1981
TCTCGAGGAGGTTCGC-1,0,52,112,3629,1920
ACTATCTGCCCGCGTA-1,0,53,113,3523,1860
CCTAAATTGTATCCTA-1,0,52,114,3628,1799
AGAAATTATGACTCGC-1,0,53,115,3523,1738
TCCAGCGCTATAAGCG-1,0,52,116,3628,1678
TCGTGTATTGGTCACG-1,0,53,117,3522,1617
CCACATACTGCACCCA-1,0,52,118,3628,1556
GTTGCGGACGGTCAGG-1,0,53,119,3522,1496
GTATTTAATGGCATAA-1,0,52,120,3627,1435
GTCGATAGGTGACTTT-1,0,53,121,3522,1375
AATAATCTTCGTATCG-1,0,52,122,3627,1314
ATTGTTCAACGATCCG-1,0,53,123,3521,1253
GTGCAGCGTAGAGTAG-1,0,52,124,3627,1192
TGTGGTAGGGTGCCTT-1,0,53,125,3521,1132
TGTGGACTATCTACGT-1,0,52,126,3627,1071
GGCGGGCTCTAAGAGT-1,0,53,127,3521,1011
TGTGCCAGAGGCAAAG-1,0,54,0,3433,8712
TGGCTTATGTATAATG-1,0,55,1,3327,8652
GCAAGCTGGAAACCGC-1,0,54,2,3433,8591
GATATCAAGCAGGAGC-1,0,55,3,3327,8531
CACCAATCATCCGTCT-1,0,54,4,3432,8470
CCACATGGCTCTTTAT-1,0,55,5,3327,8409
GTCCTACTCTACGGGC-1,0,54,6,3432,8348
CTCGAGACATACGATA-1,0,55,7,3327,8288
TATCAGTGGCGTAGTC-1,0,54,8,3432,8227
TGACAGGACAAGTCCA-1,0,55,9,3326,8167
TATTAACACCAAAGCA-1,0,54,10,3432,8106
TAGGCGATGAGGTCTC-1,0,55,11,3326,8045
CCGCCGGAACTTCTCG-1,0,54,12,3431,7985
GCCATTAGCCTCAAAC-1,0,55,13,3326,7924
GTTAGGCTACCCGTTT-1,0,54,14,3431,7863
GGGTATTCTAGCAAAC-1,0,55,15,3325,7803
GCCCTAGCCGTCGCGA-1,0,54,16,3431,7742
CAGATCCTGGTTTGAA-1,0,55,17,3325,7682
CTTCAGTGGTCGCCTA-1,0,54,18,3431,7621
GGGCAACCGCACGTGC-1,0,55,19,3325,7560
GACCCAATTATGATAC-1,0,54,20,3430,7499
GAAGCTCGGACCCGTC-1,0,55,21,3325,7439
CGTCGGGTCTAAGCGC-1,0,54,22,3430,7378
GAGGCCCGACTCCGCA-1,0,55,23,3324,7318
TTGCCATAGCCCGCTC-1,0,54,24,3430,7257
TAACATACACGCGATC-1,0,55,25,3324,7197
CCGACGGGCATGAGGT-1,0,54,26,3429,7136
AATGTGCCCGAGGTGT-1,0,55,27,3324,7075
AGCTGTAACCTCAATC-1,0,54,28,3429,7014
CGAGTGAAGGTACCAG-1,0,55,29,3324,6954
AGTCTCACAAGACTAC-1,0,54,30,3429,6893
AAATTGATAGTCCTTT-1,0,55,31,3323,6833
TAAGTCGCCGAGTATC-1,0,54,32,3429,6772
GCGGAGAAACTTCGCA-1,0,55,33,3323,6711
GGCAAAGGCGCCAATA-1,0,54,34,3428,6651
ATTTCCGGGTTCTGCG-1,0,55,35,3323,6590
TAAACCCAGGAGGGCA-1,0,54,36,3428,6529
TTCGGGCGCTAGTCTT-1,0,55,37,3322,6469
GTGGAGTCGGCGGTTG-1,0,54,38,3428,6408
GCACGCCTACTTAGAT-1,0,55,39,3322,6348
CAATATTCTTGACCTA-1,0,54,40,3427,6287
CGTTTGTGTAGAGGGT-1,0,55,41,3322,6226
CATAGCGTTGCCCACC-1,0,54,42,3427,6165
TGATACATTTAGCCGT-1,0,55,43,3322,6105
TTCCGGCCTTGAGGCT-1,0,54,44,3427,6044
CCTATACCGTCCTGTC-1,0,55,45,3321,5984
TCGTTGCTATCCGGTC-1,0,54,46,3427,5923
TGGCGACTGCTCCAAA-1,0,55,47,3321,5862
CAGAGGCGATGCATGA-1,0,54,48,3426,5802
TCACAGGAGAATAAGA-1,0,55,49,3321,5741
GGGTTAACATTTGAGT-1,0,54,50,3426,5680
GCGGGCGAGCCTTACC-1,0,55,51,3320,5620
TGCCAATGGGTACTCT-1,0,54,52,3426,5559
AGGGACTCTACGCGAC-1,0,55,53,3320,5499
GACGCCGTAAAGGCTA-1,0,54,54,3426,5438
AAAGGCTCTCGCGCCG-1,0,55,55,3320,5377
CTGGCTGGTTGTCAGT-1,0,54,56,3425,5316
ACATCCCGGCCATACG-1,0,55,57,3320,5256
CTCTTGTCCCGCTTGG-1,0,54,58,3425,5195
TACGCCTCCATTCCGA-1,0,55,59,3319,5135
CGGAGCAATTTAATCG-1,0,54,60,3425,5074
AACTAGGCTTGGGTGT-1,0,55,61,3319,5013
GCGTCGCCAGGGTGAT-1,0,54,62,3424,4953
GTTGGTCATGCTATCC-1,0,55,63,3319,4892
GCTGGCGGCGCATGCT-1,0,54,64,3424,4831
TGAGCGGAAAGTGTTC-1,0,55,65,3319,4771
CTTTCTGTGCGGGCTT-1,0,54,66,3424,4710
ATCTAATATCCTACGG-1,0,55,67,3318,4650
AACCTTTAAATACGGT-1,0,54,68,3424,4589
TTCACTCGAGCACCTA-1,0,55,69,3318,4528
CTGCACTCCAGTACAG-1,0,54,70,3423,4467
CCATTTCTACCTATTA-1,0,55,71,3318,4407
CAAGCGGCACATAATT-1,0,54,72,3423,4346
GTTAACATCACTTAAA-1,0,55,73,3317,4286
ATATAAATGTAGCTGC-1,0,54,74,3423,4225
GCCTCTATACATAGCA-1,0,55,75,3317,4165
GTGTCGTATAGCGTTC-1,0,54,76,3423,4104
ATACGTACTTAGCCAC-1,0,55,77,3317,4043
GCTATCATACTCATGG-1,0,54,78,3422,3982
TATCCAATTGGTTATC-1,0,55,79,3317,3922
TCTCCCTGGGCAGCGT-1,0,54,80,3422,3861
CCTATAATGAGTGCCC-1,0,55,81,3316,3801
CAATGCGAGAAGTATC-1,0,54,82,3422,3740
TACCAATAAAGTACCA-1,0,55,83,3316,3679
GCTAGGCACCACGGAG-1,0,54,84,3421,3619
GGTGGACTGCTCTGGC-1,0,55,85,3316,3558
TATTCCGAGCTGTTAT-1,0,54,86,3421,3497
TTGAGAAGTTTAGCAT-1,0,55,87,3315,3437
GTCCGGACCTGAAATT-1,0,54,88,3421,3376
CTGTGGTCGGGAGATA-1,0,55,89,3315,3316
CATGTAAGAGACATTT-1,0,54,90,3421,3255
CACGTTTCGTACACAC-1,0,55,91,3315,3194
CATCCTCTCAAAGATC-1,0,54,92,3420,3133
GATTAACCGAAAGCCC-1,0,55,93,3315,3073
AACGCTGTTGCTGAAA-1,0,54,94,3420,3012
TTCAGCTGGCGTGCCC-1,0,55,95,3314,2952
TAGAGGTTCTACTTGT-1,0,54,96,3420,2891
GTATCAAACGTTAGCT-1,0,55,97,3314,2830
AATCATGTAAAGACTC-1,0,54,98,3419,2770
AGTCACTAGCTCTCGA-1,0,55,99,3314,2709
GCGAAACGATCGGGAG-1,0,54,100,3419,2648
CATGGATTGTCTTCCG-1,0,55,101,3314,2588
ATTGGATTACAGCGTA-1,0,54,102,3419,2527
CACACACGCTAACGAG-1,0,55,103,3313,2467
CTATGGGAAGCGGAAT-1,0,54,104,3419,2406
TGCCTAATTGAAGATT-1,0,55,105,3313,2345
TGGCAATGGGACGGCG-1,0,54,106,3418,2284
ACCTCCGCCCTCGCTG-1,0,55,107,3313,2224
CGGCAATAAGATCGCC-1,0,54,108,3418,2163
CCTTGACCACTTTATT-1,0,55,109,3312,2103
TCATTTAGAAGTGTGA-1,0,54,110,3418,2042
CAGAATAACACACGGA-1,0,55,111,3312,1981
TCTGAGCAATTGACTG-1,0,54,112,3418,1921
CAACGTGGTGGAGTCT-1,0,55,113,3312,1860
CACAGTTCGCTTCCCA-1,0,54,114,3417,1799
TCTCTCGCCGCACATA-1,0,55,115,3312,1739
TGGGCAGGCCACCGCA-1,0,54,116,3417,1678
CTCCTGTTCAAGGCAG-1,0,55,117,3311,1618
TATTTGATTTGCACAG-1,0,54,118,3417,1557
GCCACTCCTTACGGTA-1,0,55,119,3311,1496
ACCGATATTTAATCAT-1,0,54,120,3416,1435
TTATTATCTGGAAGGC-1,0,55,121,3311,1375
TACATGCCGGAATTGT-1,0,54,122,3416,1314
GGCACTCAGCCGACCC-1,0,55,123,3310,1254
AAACCGGAAATGTTAA-1,0,54,124,3416,1193
AGACAGGCATCTCAGC-1,0,55,125,3310,1133
GTGGTGATGGTTTGTG-1,0,54,126,3416,1072
CCGATATGACGTAAGG-1,0,55,127,3310,1011
CATACACAAAGTCAGC-1,0,56,0,3222,8713
TGCCGTTCTTAATCGG-1,0,57,1,3116,8652
TCGAGTCTACGATTCG-1,0,56,2,3222,8591
ACTTCCAGTGGAAGCT-1,0,57,3,3116,8531
CAATTGGGCCGCACTC-1,0,56,4,3221,8470
AAATCGCGGAAGGAGT-1,0,57,5,3116,8410
ATATCAATTCCAGCCT-1,0,56,6,3221,8349
CTTTGTCGAATGCTCC-1,0,57,7,3116,8289
TGAGGCATGTACTGTG-1,0,56,8,3221,8228
TTCGCCGCTCGCGCTA-1,0,57,9,3115,8167
GACTCCTTCCAATTGA-1,0,56,10,3221,8106
ACCGAAGAGTCTGGTT-1,0,57,11,3115,8046
TGGCATGAAGTTTGGG-1,0,56,12,3220,7985
ACGAGGTTTACAACGT-1,0,57,13,3115,7925
AACCCATCCCATGATC-1,0,56,14,3220,7864
TCGACAACTGAACCCG-1,0,57,15,3114,7803
TATCTTGCAATACAAC-1,0,56,16,3220,7743
TATTATGTTTGCCTGC-1,0,57,17,3114,7682
GTCAAAGAAGTGGTGT-1,0,56,18,3220,7621
GGGACAGAGTTACTCC-1,0,57,19,3114,7561
AGCAACCGAAAGTAAT-1,0,56,20,3219,7500
CTCTCTAACTGCCTAG-1,0,57,21,3114,7440
ATACGGAACGTCGTTT-1,0,56,22,3219,7379
TCGGTCCCGACAATAG-1,0,57,23,3113,7318
CGCGCAAATGTCCAGA-1,0,56,24,3219,7257
TCTAATACTGCCTCAG-1,0,57,25,3113,7197
CTCGGTTGTCGGCCCT-1,0,56,26,3218,7136
GGTAACCGGGAGGATA-1,0,57,27,3113,7076
CAGGCGCACGGTGGTC-1,0,56,28,3218,7015
TCATCGATGGTCCCAA-1,0,57,29,3112,6954
CAAAGATTATTGGGCC-1,0,56,30,3218,6894
ACAATGAATACGGAGA-1,0,57,31,3112,6833
GCTCCTGACATACTGG-1,0,56,32,3218,6772
GATGACAAGTAGGGCA-1,0,57,33,3112,6712
TACGCCGAGGGTACCC-1,0,56,34,3217,6651
AAGCGTCCCTCATCGA-1,0,57,35,3112,6591
CACTCCTATGTAAGAT-1,0,56,36,3217,6530
TCGAGCCAGGCAGGCC-1,0,57,37,3111,6469
TCGTCAAGTACGCGCA-1,0,56,38,3217,6408
CCCGTAGCTGGGAAGA-1,0,57,39,3111,6348
ACCCTATGCCATATCG-1,0,56,40,3216,6287
GTGGTATAGTCTGCCG-1,0,57,41,3111,6227
CCGGTTTGTAATTGTG-1,0,56,42,3216,6166
GTCGCCGTTGTGTGTT-1,0,57,43,3111,6105
TACTGAACAGATTTAG-1,0,56,44,3216,6045
TATTAACCTGACCGCG-1,0,57,45,3110,5984
CTGTAGCCATCTCACT-1,0,56,46,3216,5923
TACTATGGTTCCTCAG-1,0,57,47,3110,5863
GAGTCAGACCAGAATC-1,0,56,48,3215,5802
TAAGGCATAACATCAA-1,0,57,49,3110,5742
CTTCCGCTCCGTGAAG-1,0,56,50,3215,5681
GGGCTATGATCGATGG-1,0,57,51,3109,5620
GGTCGGTCGTCCACAG-1,0,56,52,3215,5559
GGGACCCGTATATCTT-1,0,57,53,3109,5499
GAAAGCAGTGCACTTT-1,0,56,54,3215,5438
AGCGCATAATGAATCG-1,0,57,55,3109,5378
GCTGCTAAGTAGTCGA-1,0,56,56,3214,5317
AATAGTCCGTCCCGAC-1,0,57,57,3109,5257
AGCAGCCAGATGAATA-1,0,56,58,3214,5196
CCTCGCGCTGTGCGAT-1,0,57,59,3108,5135
TTGTGTATGCCACCAA-1,0,56,60,3214,5074
TGCTCGGCGAAACCCA-1,0,57,61,3108,5014
CGATTAAATATCTCCT-1,0,56,62,3213,4953
TGCCGTGGATCGTCCT-1,0,57,63,3108,4893
GTGGACGCATTTGTCC-1,0,56,64,3213,4832
ACCCGGAAACTCCCAG-1,0,57,65,3107,4771
CCGCATGTGGTACGAT-1,0,56,66,3213,4711
GCAAACCTTGGCCATA-1,0,57,67,3107,4650
ATTCACTGATGTTGGA-1,0,56,68,3213,4589
ACTCCCTAATGCTAAA-1,0,57,69,3107,4529
TCCTAAATTGGGAAGC-1,0,56,70,3212,4468
GAACAGATTACTAAAT-1,0,57,71,3107,4408
ATACAGGCCCTCCAAT-1,0,56,72,3212,4347
CGATTCGCCTGGCTGC-1,0,57,73,3106,4286
TCCGCCTGTCTACAAG-1,0,56,74,3212,4225
CACATCTCACCGACGA-1,0,57,75,3106,4165
CGTCGTCCTTCGCGAA-1,0,56,76,3211,4104
CGTTGAATACCGCGCT-1,0,57,77,3106,4044
ACCAATATGCAAGTTA-1,0,56,78,3211,3983
ACGGATGGTGCGGATA-1,0,57,79,3106,3922
CACCCTAACAAGATCT-1,0,56,80,3211,3862
AAGCTCTTTCATGGTG-1,0,57,81,3105,3801
CATGGGTATGCCTTAT-1,0,56,82,3211,3740
GCGCGTCATTGGTACA-1,0,57,83,3105,3680
TCTGAAGCACGTGGTC-1,0,56,84,3210,3619
AAGTTCACTCCAAGCT-1,0,57,85,3105,3559
TTGGACCTATAACAGT-1,0,56,86,3210,3498
ATCAGCCTCATGCTGC-1,0,57,87,3104,3437
AGTACTCTTATGCCCA-1,0,56,88,3210,3376
GCGCTTAAATAATTGG-1,0,57,89,3104,3316
TTGTGAACCTAATCCG-1,0,56,90,3210,3255
AGTCGTCGACCACCAA-1,0,57,91,3104,3195
TCCTTTAAATCCGCTT-1,0,56,92,3209,3134
ACTGAAACGCCGTTAG-1,0,57,93,3104,3073
GCACACACTGGTAGCC-1,0,56,94,3209,3013
TAAGGGCCTGTCCGAT-1,0,57,95,3103,2952
GCTAGAGTAGAGATGT-1,0,56,96,3209,2891
CACAGGGCCATATAGT-1,0,57,97,3103,2831
CCATGCCCTAGATTTC-1,0,56,98,3208,2770
TCGCGTAGCAGTGTCC-1,0,57,99,3103,2710
GACGAGGCTAATAAAC-1,0,56,100,3208,2649
CTACACTCGCAGATGG-1,0,57,101,3102,2588
ACGCATACGTTTACTA-1,0,56,102,3208,2527
GGAGCAACATTTCAAG-1,0,57,103,3102,2467
CGAGAGGGTAGCCGCG-1,0,56,104,3208,2406
TCGTGTTCGACCACAA-1,0,57,105,3102,2346
TCTACCCAATAGAGAG-1,0,56,106,3207,2285
ATAAACGTTGCACCAC-1,0,57,107,3102,2225
TCAACTGCAGAGTCAG-1,0,56,108,3207,2164
AGCTCCATATATGTTC-1,0,57,109,3101,2103
GTAACATCTAAGATAA-1,0,56,110,3207,2042
CCGACAATAGGCCGCC-1,0,57,111,3101,1982
ATGCTTAGGAGTTGAT-1,0,56,112,3206,1921
AACCCGAGCAGAATCG-1,0,57,113,3101,1861
CGGGTTTGTTAGGGCT-1,0,56,114,3206,1800
AGGCACGTGACTGTCC-1,0,57,115,3101,1739
GACAAGAGATGAGATT-1,0,56,116,3206,1679
AGCCCTTGGACATCCC-1,0,57,117,3100,1618
GCAGTTCGATCCGAGC-1,0,56,118,3206,1557
TCGAGGGCAACAGACG-1,0,57,119,3100,1497
ACTTTGTCGACGCACT-1,0,56,120,3205,1436
GAGTATCAAAGTTACA-1,0,57,121,3100,1376
CCAGGCTGGCGTCTGA-1,0,56,122,3205,1315
GGACTCTTCCGGTTGA-1,0,57,123,3099,1254
TCCCAGCACACGACAT-1,0,56,124,3205,1193
GCTCCATGAGTGCAGA-1,0,57,125,3099,1133
GCAGTGCGGGCGGATG-1,0,56,126,3205,1072
GCGTTCTGACTAAGCG-1,0,57,127,3099,1012
ATTTGGAGATTGCGGT-1,0,58,0,3011,8713
AAGGGTTTGATTTCAG-1,0,59,1,2905,8653
CCGGCCGCGAGCATAT-1,0,58,2,3011,8592
GAGTTCTGTGGGTGCT-1,0,59,3,2905,8532
AAACGAAGATGGAGTA-1,0,58,4,3010,8471
AATTACGAGACCCATC-1,0,59,5,2905,8410
CCTTTGAATTATGGCT-1,0,58,6,3010,8349
CATGGTATTAGTTTGT-1,0,59,7,2905,8289
AACGAAAGTCGTCCCA-1,0,58,8,3010,8228
ACATAAGTCGTGGTGA-1,0,59,9,2904,8168
GCACAACCTCGGGCGT-1,0,58,10,3010,8107
ATGCACGCGCTGTTCA-1,0,59,11,2904,8046
CGATGTTGTTATCTAC-1,0,58,12,3009,7986
GTCTCCTGCCAGTATG-1,0,59,13,2904,7925
GATGCCTTCTGCGGCA-1,0,58,14,3009,7864
ACCGGTCAGGTACACC-1,0,59,15,2903,7804
GTGGAGCGTTTACCGA-1,0,58,16,3009,7743
AGGCGGTTTGTCCCGC-1,0,59,17,2903,7683
TCCCTGGCGTATTAAC-1,0,58,18,3008,7622
AAACACCAATAACTGC-1,0,59,19,2903,7561
TGGACGCAATCCAGCC-1,0,58,20,3008,7500
GGAACCTTGACTCTGC-1,0,59,21,2903,7440
GTATCTCAGTCTTGAC-1,0,58,22,3008,7379
GCTGAATCTTCCAATC-1,0,59,23,2902,7319
AGATGCAAGACGTGCA-1,0,58,24,3008,7258
TTAAGGCCCGTACTTT-1,0,59,25,2902,7197
AGTATGCTGGAGACCA-1,0,58,26,3007,7137
GCGGCAAAGTATTGCC-1,0,59,27,2902,7076
GCGCAAATATATTCAA-1,0,58,28,3007,7015
GAAGAAACGATATTGT-1,0,59,29,2901,6955
GGACCTCTAGGCCGCC-1,0,58,30,3007,6894
AACAGCTGTGTGGCAA-1,0,59,31,2901,6834
TCGAATATCCCGCAGG-1,0,58,32,3007,6773
GCGACCCAACCATCTG-1,0,59,33,2901,6712
AGAGAAGGAGTACAAT-1,0,58,34,3006,6651
GGCTCCTCCACCTGTT-1,0,59,35,2901,6591
TCAGTGTATACGTCAT-1,0,58,36,3006,6530
ATTATTATGTCCGTCA-1,0,59,37,2900,6470
TTAGGTCATAACCGAC-1,0,58,38,3006,6409
AAGATGGCACCGGACC-1,0,59,39,2900,6349
CTACAAGAAATAACCC-1,0,58,40,3005,6288
ACTATTTCCGGGCCCA-1,0,59,41,2900,6227
TTGTTTCACATCCAGG-1,0,58,42,3005,6166
CGCTGTGTGGATGTTG-1,0,59,43,2900,6106
TCAACATAGCGCCCTA-1,0,58,44,3005,6045
GGCCGTTTGGGTTTCA-1,0,59,45,2899,5985
TACTCTTTCGTCTTCA-1,0,58,46,3005,5924
TTCGCGCGCCATACGA-1,0,59,47,2899,5863
CGGAAAGAATCAAACG-1,0,58,48,3004,5803
AGGCAGGGAGCGTACT-1,0,59,49,2899,5742
CCTTTAAGGGAGCACT-1,0,58,50,3004,5681
CGCCCAGCACGCCTAG-1,0,59,51,2898,5621
AGTATTTGGCACGACC-1,0,58,52,3004,5560
TATCCGCACCGTCGGG-1,0,59,53,2898,5500
ACCCGTGTCATCAGTA-1,0,58,54,3004,5439
CAACTGCTCATCCGAT-1,0,59,55,2898,5378
CCGGAGCGTACTTTCT-1,0,58,56,3003,5317
TACCGTAGGTTAACTA-1,0,59,57,2898,5257
TGAGGAGTGCCAGCTT-1,0,58,58,3003,5196
CCAGTCTTGTCATAGA-1,0,59,59,2897,5136
GGGCAGAGCAATCGTT-1,0,58,60,3003,5075
TACCAAATAGCCCAGA-1,0,59,61,2897,5014
TACCTACTCCCAGTAT-1,0,58,62,3002,4954
TGTGAGACTAGCCCAA-1,0,59,63,2897,4893
ATACCTAACCAAGAAA-1,0,58,64,3002,4832
GTCGGGAAGCAGAAAC-1,0,59,65,2896,4772
AATTAACGGATTTCCA-1,0,58,66,3002,4711
GAACCCTCTGTGTTCT-1,0,59,67,2896,4651
ATATAAAGCGCTCGTG-1,0,58,68,3002,4590
CCTGGTCGAATGTGGG-1,0,59,69,2896,4529
CTAGGTTCGGACGTGA-1,0,58,70,3001,4468
TCGGGAGACAGCGTAC-1,0,59,71,2896,4408
CATAAGAAGCTTGGCT-1,0,58,72,3001,4347
AAGCACCCTGCGTATC-1,0,59,73,2895,4287
AGTTTGCACCTGCCTC-1,0,58,74,3001,4226
GACTGCAAATCGAGCT-1,0,59,75,2895,4165
GTGTATATCAGCGGGC-1,0,58,76,3000,4105
CTTCAACTCCACTTGG-1,0,59,77,2895,4044
ACTTACGCATCCACGC-1,0,58,78,3000,3983
CATGAGATGCACTCTC-1,0,59,79,2895,3923
GAGCACCTGTGTCCAG-1,0,58,80,3000,3862
CGCGACCGCGACAGAT-1,0,59,81,2894,3802
GTCCCGCGACGTTATG-1,0,58,82,3000,3741
GCAGTGTGGCTATAGG-1,0,59,83,2894,3680
ATACTGCCTTACACCG-1,0,58,84,2999,3619
TACAGAAACGGTGGGC-1,0,59,85,2894,3559
GGCGCGGAGATCTTTC-1,0,58,86,2999,3498
CGTTAATGTCCCGACG-1,0,59,87,2893,3438
GCTAACTGAAGTCTGA-1,0,58,88,2999,3377
AGTGATAACCTGCGCG-1,0,59,89,2893,3317
TATGATCTTCTCTTTA-1,0,58,90,2999,3256
TGTACCTACACGAGGG-1,0,59,91,2893,3195
ATATCGTTCCTCGAAC-1,0,58,92,2998,3134
CGGCGCCATCAATCCC-1,0,59,93,2893,3074
CCTGTTTGAAGACACG-1,0,58,94,2998,3013
GCCACTCAGAGCGCGA-1,0,59,95,2892,2953
TCGGCTTGTATCGACG-1,0,58,96,2998,2892
TAGATGGTTCCTTACT-1,0,59,97,2892,2831
ATCGTTAGCTAGCGGA-1,0,58,98,2997,2771
ACAGCGACATTCTCAT-1,0,59,99,2892,2710
ATTCAACCATTTAAGG-1,0,58,100,2997,2649
CACTCTTCTGCTAGCC-1,0,59,101,2891,2589
CTAACTGATAATCGCC-1,0,58,102,2997,2528
TGATGTCAATTAAGTG-1,0,59,103,2891,2468
CGCCGTTCAGCATAGT-1,0,58,104,2997,2407
ATACTACCCGTACCAC-1,0,59,105,2891,2346
CCACTGTTTGGATTAA-1,0,58,106,2996,2285
CACTACGGGAGCTGCC-1,0,59,107,2891,2225
GACCAAACGTTGACTG-1,0,58,108,2996,2164
AAGAGGCCCTTTGGAA-1,0,59,109,2890,2104
ACACGTAGGCCACAAG-1,0,58,110,2996,2043
TACTCTTACTTTACTG-1,0,59,111,2890,1982
AGAGCCGCCGAGATTT-1,0,58,112,2995,1922
GGCCTGCTTCTCCCGA-1,0,59,113,2890,1861
TCAAGCGCGGACGGTA-1,0,58,114,2995,1800
ACACTGGGACAGTCGT-1,0,59,115,2890,1740
TGTGTAGTAGCACGTG-1,0,58,116,2995,1679
CTAGCCACAGGCGAGC-1,0,59,117,2889,1619
CTATCGCGTAGAGAAC-1,0,58,118,2995,1558
GTTCCCGTAAACATAT-1,0,59,119,2889,1497
TCTTTCCTTCGAGATA-1,0,58,120,2994,1436
ATATTGGAGAGGCCTT-1,0,59,121,2889,1376
AGGCGATAACTGGCGT-1,0,58,122,2994,1315
ACCCGGAGCACCACAA-1,0,59,123,2888,1255
TGAGCTCAACTGTATA-1,0,58,124,2994,1194
ACGACCCATGAGTTGC-1,0,59,125,2888,1133
CGGTCAGTCCATATTT-1,0,58,126,2994,1073
TCCGGCTGTCGGGTCG-1,0,59,127,2888,1012
ATTCCCGAAGGTACAG-1,0,60,0,2800,8714
CTAACAGCACAATAAC-1,0,61,1,2694,8653
TTGTGCGGAAGCGGAT-1,0,60,2,2800,8592
GGGCACTATTGACCAT-1,0,61,3,2694,8532
CCATAGAGGCTGCCAG-1,0,60,4,2799,8471
CCGAAGCATTGACCAA-1,0,61,5,2694,8411
TACTGAGGGAAGAAAG-1,0,60,6,2799,8350
TATGTAGAAACCCGGC-1,0,61,7,2693,8289
TGGTTAACTTACATTT-1,0,60,8,2799,8229
AGAACCCTCAATTGGG-1,0,61,9,2693,8168
CCTATATCGTGTCACG-1,0,60,10,2799,8107
ACGGCTGGATGTAGAA-1,0,61,11,2693,8047
CTCGCATTGCATAGCC-1,0,60,12,2798,7986
ACTTTGGTCGTGCTCC-1,0,61,13,2693,7926
GCTGGTTTAGGCCATA-1,0,60,14,2798,7865
TGTCGTTATCACATAT-1,0,61,15,2692,7804
ACACATGATCAAATCT-1,0,60,16,2798,7743
TATCCATCTCGGTTAG-1,0,61,17,2692,7683
CTCGTCGAGGGCTCAT-1,0,60,18,2797,7622
ATCAATGCCGTGGCTG-1,0,61,19,2692,7562
GAAACATAGGAAACAG-1,0,60,20,2797,7501
TAATAGGTCACCAGAA-1,0,61,21,2692,7441
CACCAGTCAGCATGCA-1,0,60,22,2797,7380
GAGCGCTGTTAGGTAA-1,0,61,23,2691,7319
CCCTATGTAGAGCAGA-1,0,60,24,2797,7258
GATCGCTATATCTCAG-1,0,61,25,2691,7198
AAGGGACTATGCATTC-1,0,60,26,2796,7137
CTCGGGTTCTCTGGCC-1,0,61,27,2691,7077
TATATATCGAGAAATG-1,0,60,28,2796,7016
ACCCGAGCGAAATTAC-1,0,61,29,2690,6955
TTGTTTCATTAGTCTA-1,0,60,30,2796,6895
ATGGGACCTGCTGAAC-1,0,61,31,2690,6834
TGCGACGGCCGAACGT-1,0,60,32,2796,6773
AGCTAACAAGCAATGT-1,0,61,33,2690,6713
CGTGTCTCGTTACGAC-1,0,60,34,2795,6652
CTAAATCCGGTGTACA-1,0,61,35,2690,6592
GAATAGTGCTCGATTA-1,0,60,36,2795,6531
AACAATACATTGTCGA-1,0,61,37,2689,6470
CACATCGTGCACGCGC-1,0,60,38,2795,6409
ACCGTGACCACGTGGG-1,0,61,39,2689,6349
CCCAATGAGATTTGCA-1,0,60,40,2794,6288
TCAGCAGTAGGCCCTG-1,0,61,41,2689,6228
CTACTCAAGGTATAGT-1,0,60,42,2794,6167
TAGTAGCTTATACCAG-1,0,61,43,2688,6106
ACGTTCGTTCAGGAAA-1,0,60,44,2794,6046
TTAGAATAAGGGTCGG-1,0,61,45,2688,5985
TTCTAGAAAGTCTTAT-1,0,60,46,2794,5924
CCTTCAGTTAAAGTGA-1,0,61,47,2688,5864
TAGCTAGTGATGATGG-1,0,60,48,2793,5803
AGCCCGGTAGCCTGTA-1,0,61,49,2688,5743
TACCTCAGTTGTCTGT-1,0,60,50,2793,5682
GACGGGTTGGCCCGTA-1,0,61,51,2687,5621
GAAACCTATACAAATG-1,0,60,52,2793,5560
TCCACCTCTAGCCTTT-1,0,61,53,2687,5500
AAGACCCAACTGAACA-1,0,60,54,2792,5439
CATACACGGTTCCCAC-1,0,61,55,2687,5379
ACTACGCGTTAGAATT-1,0,60,56,2792,5318
CTTGGCCAAGCTGGGA-1,0,61,57,2687,5257
TTACCCTAGGGATTGG-1,0,60,58,2792,5197
TTCGCACTGTACGACA-1,0,61,59,2686,5136
TAGGTGTTCCACAGAT-1,0,60,60,2792,5075
GAAGCCTGCACATTCC-1,0,61,61,2686,5015
GGCTTTCAATAAGGGT-1,0,60,62,2791,4954
TCCAGGGTATATACGA-1,0,61,63,2686,4894
CTCGCCGAATGTAGGG-1,0,60,64,2791,4833
AGGAAGCTGTCCGCCG-1,0,61,65,2685,4772
GTCTCAAGGCCCGGCT-1,0,60,66,2791,4711
ACCGACACATCTCCCA-1,0,61,67,2685,4651
TATACGCGTCATCACT-1,0,60,68,2791,4590
ATCTGGGCTGTTCTTG-1,0,61,69,2685,4530
TCAAATTTGAGACTCA-1,0,60,70,2790,4469
GTTAAGGGTGCGATGT-1,0,61,71,2685,4409
AGCAAAGGCCGCTAGT-1,0,60,72,2790,4348
TTATAGGTAATTGTCT-1,0,61,73,2684,4287
TTGTGCAGCCACGTCA-1,0,60,74,2790,4226
ACGGACTCTCAAAGCG-1,0,61,75,2684,4166
ATGCTCTGGCGCGGTA-1,0,60,76,2789,4105
ATAATCTTGGAGAACC-1,0,61,77,2684,4045
CTCATTGCTCTAACAA-1,0,60,78,2789,3984
TAGGTGACGATAACCT-1,0,61,79,2683,3923
CGGATCCTCAAGGACT-1,0,60,80,2789,3863
GGGCGTGGTTTCCCAG-1,0,61,81,2683,3802
TGGCTATGTGACATAC-1,0,60,82,2789,3741
CTTAGTGTAGTAGCAT-1,0,61,83,2683,3681
GGATTGCTGTGACTCC-1,0,60,84,2788,3620
ACTTCCATGCGGGACA-1,0,61,85,2683,3560
ACTCAAGTGCAAGGCT-1,0,60,86,2788,3499
ACAAGGATGCTTTAGG-1,0,61,87,2682,3438
TTGAACGACGTGCTGA-1,0,60,88,2788,3377
ATTCATCGTTGAGGCA-1,0,61,89,2682,3317
TGCAACCCATCTGCGG-1,0,60,90,2787,3256
AGTGCTAAACACAGCA-1,0,61,91,2682,3196
AACTCCAGAGCGTGTT-1,0,60,92,2787,3135
TCTCCACAAGTTGAAT-1,0,61,93,2682,3074
CTTTGCATCGCTCTTG-1,0,60,94,2787,3014
TCACAAACCGAGGTAC-1,0,61,95,2681,2953
CCGTAGGAAATCCCTG-1,0,60,96,2787,2892
AAACATTTCCCGGATT-1,0,61,97,2681,2832
GCCTCCGACAATTCAC-1,0,60,98,2786,2771
TCTGCATACCTTGCTT-1,0,61,99,2681,2711
ACCCATTTGTCCCTCT-1,0,60,100,2786,2650
CTGCAGAGAATCAGAG-1,0,61,101,2680,2589
GGAAACTAAATGGGCC-1,0,60,102,2786,2528
CAACCTACCGAGCAGT-1,0,61,103,2680,2468
CCGTAGGGTTGTTTAC-1,0,60,104,2786,2407
GGTTTGTGACCTGAGG-1,0,61,105,2680,2347
TAACCTAGGGAGTCCA-1,0,60,106,2785,2286
TTCCATCGACAGCGTG-1,0,61,107,2680,2225
ATCTCCCACGGAATAT-1,0,60,108,2785,2165
GTTTCAAACGAGTTGT-1,0,61,109,2679,2104
GGAACTTTGGCGATTA-1,0,60,110,2785,2043
CTGCAAGCACGTTCCG-1,0,61,111,2679,1983
CACAGTCCCGCTTCGC-1,0,60,112,2784,1922
TACGCTCGGTATTGGA-1,0,61,113,2679,1862
CTGGTAAAGTGTGGGC-1,0,60,114,2784,1801
CAACCAGTGGCCTACC-1,0,61,115,2678,1740
TCTTCGCGGTGAGAGG-1,0,60,116,2784,1679
TTCGGGTTGCCACGGG-1,0,61,117,2678,1619
ACCGATAGGCATAACC-1,0,60,118,2784,1558
CTTATAGATGGCTGTT-1,0,61,119,2678,1498
AGACGCCCACTTCGCC-1,0,60,120,2783,1437
AGGTCGCCTCCCAACA-1,0,61,121,2678,1377
CCTCACGTCAGCTAAT-1,0,60,122,2783,1316
CCACCTGTATGGAATA-1,0,61,123,2677,1255
GGACTCGAAGCTTTCA-1,0,60,124,2783,1194
AAGCCGGAGAGCAGGA-1,0,61,125,2677,1134
GCCTATCAGGTAAGAT-1,0,60,126,2782,1073
TCAGAGTGTGAGCATG-1,0,61,127,2677,1013
AAACATGGTGAGAGGA-1,0,62,0,2589,8714
ATCATTGTACCGCATT-1,0,63,1,2483,8654
TCAGCTTGAGCTTTCG-1,0,62,2,2589,8593
CCGCGCAAGATACCCA-1,0,63,3,2483,8533
CTATACTTAAAGCGAG-1,0,62,4,2588,8472
ACCGTCCACTGGGCCC-1,0,63,5,2483,8411
AAGACCAAATAACTCA-1,0,62,6,2588,8350
TGTTTCTGAAGCGTGC-1,0,63,7,2482,8290
TTCTCTTACAGGTGAT-1,0,62,8,2588,8229
AATTCATTGTCATGCA-1,0,63,9,2482,8169
GCCCGAGAGTCTAAAT-1,0,62,10,2588,8108
ATATAGAGTATTGGTC-1,0,63,11,2482,8047
TTGAAGGATGGGCGCC-1,0,62,12,2587,7987
TAGTACCACAACTTTC-1,0,63,13,2482,7926
ATCCCATCCACAGCGC-1,0,62,14,2587,7865
CTTAGGTATAGACCAG-1,0,63,15,2481,7805
TGACTCCGAATCATAC-1,0,62,16,2587,7744
ACTACATCCCGACAAG-1,0,63,17,2481,7684
TTGCCGCAGACCTACA-1,0,62,18,2586,7623
TAAGAGGGACAGGGAC-1,0,63,19,2481,7562
CGAATGAAGTCATTGC-1,0,62,20,2586,7501
AAGGGAACGACTGGCT-1,0,63,21,2481,7441
CGAATCTGCTCGACGC-1,0,62,22,2586,7380
ATCGTGGAAAGTCTGG-1,0,63,23,2480,7320
CCTATGGCTCCTAGTG-1,0,62,24,2586,7259
CGTCGCTTGGTTATAC-1,0,63,25,2480,7198
TGCTTAGAGAGAATGC-1,0,62,26,2585,7138
GATTGCTCCAGTTGCA-1,0,63,27,2480,7077
CGTGCTTCTACCTAAA-1,0,62,28,2585,7016
ACTCCAATATCATCAT-1,0,63,29,2479,6956
GCCGACCCACGACTGC-1,0,62,30,2585,6895
GAGGGTAGTAACAAAG-1,0,63,31,2479,6835
GGCCGAGACTCTGGTG-1,0,62,32,2584,6774
TATATAGGGCTTTACG-1,0,63,33,2479,6713
TGCCGGATGTACGAGC-1,0,62,34,2584,6652
AGGTAGATCGAGATAT-1,0,63,35,2479,6592
GATCAACATAAAGGGA-1,0,62,36,2584,6531
TAACAGCGTTTGTGCT-1,0,63,37,2478,6471
CTATAGGCGTTGATGT-1,0,62,38,2584,6410
GGTTTAATTACCATCG-1,0,63,39,2478,6349
CTCTTCTGGAAGTTAG-1,0,62,40,2583,6289
ATCTGACATGGAAGGA-1,0,63,41,2478,6228
TACGTACTAGTGCTGA-1,0,62,42,2583,6167
ATGACTATCAGCTGTG-1,0,63,43,2477,6107
CTTTGGGATTGTTGCA-1,0,62,44,2583,6046
AGACTGTTACCGGGTC-1,0,63,45,2477,5986
TCCTAACCGTCGGGCA-1,0,62,46,2583,5925
ACGCAAACTAATAGAT-1,0,63,47,2477,5864
AAGTGAGTCGGGTTTA-1,0,62,48,2582,5803
TAAAGCGGTATTTCCA-1,0,63,49,2477,5743
CTCCTCCAGCTCACAC-1,0,62,50,2582,5682
CGGTCCGTCGCAAGCC-1,0,63,51,2476,5622
CCTATATTTGTCCTGG-1,0,62,52,2582,5561
TCCAATAAAGGCTACC-1,0,63,53,2476,5501
AAAGGCTACGGACCAT-1,0,62,54,2581,5440
CGTGACCAGTCCTCTG-1,0,63,55,2476,5379
GATCTGCTATCTAAGG-1,0,62,56,2581,5318
CGAATGACGCATAATG-1,0,63,57,2476,5258
GCTCAATGTAATACCG-1,0,62,58,2581,5197
CTATGCCCGAATGCAA-1,0,63,59,2475,5137
CACAGGGCCGTTGTCA-1,0,62,60,2581,5076
TCAATACGCCGTCATG-1,0,63,61,2475,5015
AGCGGACACTTCGTAG-1,0,62,62,2580,4955
ATACGTTATGCACGGA-1,0,63,63,2475,4894
GAGTAGATACTAGTTG-1,0,62,64,2580,4833
CCAGCTCGAACGCATT-1,0,63,65,2474,4773
TGCTTCCCAAGCAGTA-1,0,62,66,2580,4712
GTAGACACGCCTGACT-1,0,63,67,2474,4652
CTCACATTTACTAAAT-1,0,62,68,2580,4591
GAATGCGAATCGGTTC-1,0,63,69,2474,4530
TAAGGCCCGTCACCCT-1,0,62,70,2579,4469
GAGTATGCGCGTGCAT-1,0,63,71,2474,4409
ATCCACATCGACAGAA-1,0,62,72,2579,4348
TAGACGAAACGCCAAT-1,0,63,73,2473,4288
CAGCAGTCTGTGCTGC-1,0,62,74,2579,4227
CTCACTGTGATACTTA-1,0,63,75,2473,4166
TTAATTGCTTTGGGTG-1,0,62,76,2578,4106
GTAGTCTACGATATTG-1,0,63,77,2473,4045
TTGCCGCTTTCTAGTA-1,0,62,78,2578,3984
GAACCTTTAACGATCC-1,0,63,79,2472,3924
TGGACCAATCTAAGAT-1,0,62,80,2578,3863
CTAGTAGAAAGGGATT-1,0,63,81,2472,3803
AACCTCGCTTTAGCCC-1,0,62,82,2578,3742
GAGTGTCAACCAGAAA-1,0,63,83,2472,3681
GTGATCCTTGTCATGA-1,0,62,84,2577,3620
CTCAACTAACCCGGAT-1,0,63,85,2472,3560
AGTGGCGTCTGAAGGT-1,0,62,86,2577,3499
GGGAAGGGCTTTCTCA-1,0,63,87,2471,3439
AGGCCTGAGAATCTCG-1,0,62,88,2577,3378
AGCCACAGGTTACCCG-1,0,63,89,2471,3317
TGCAATCTAACACGGT-1,0,62,90,2576,3257
GTTTGGGTTTCGCCCG-1,0,63,91,2471,3196
CCTATGTCCACTCCAC-1,0,62,92,2576,3135
CTGCCTTTCTAGTAAA-1,0,63,93,2471,3075
TTAGTAAACCTGCTCT-1,0,62,94,2576,3014
TTGTGGTGGTACTAAG-1,0,63,95,2470,2954
CCTCCTGTTGTGTCGT-1,0,62,96,2576,2893
ACAAAGCATGACCTAG-1,0,63,97,2470,2832
ATAGCAACTAGGGAAG-1,0,62,98,2575,2771
CCGCTCTTCCGAACTA-1,0,63,99,2470,2711
TAGAATAGCCGATGAA-1,0,62,100,2575,2650
GGTCTCCGTCCAGGTT-1,0,63,101,2469,2590
TAATTACGTCAGTAGA-1,0,62,102,2575,2529
TACGTAAAGCGGAGTG-1,0,63,103,2469,2469
GCTACAATCGAGGATA-1,0,62,104,2575,2408
TCAGCCAATCCGTAAA-1,0,63,105,2469,2347
ATCATAGCCCTATGTA-1,0,62,106,2574,2286
GAGGCCTGTTGATACA-1,0,63,107,2469,2226
ATATACGCTCGTGACG-1,0,62,108,2574,2165
CCCTTTAATGGAGTTC-1,0,63,109,2468,2105
TTACACGATCTGCGAC-1,0,62,110,2574,2044
TCGCATAAAGGGCGCA-1,0,63,111,2468,1983
TGTAGCCATCCCATTC-1,0,62,112,2573,1923
GGGTCTATCGCTTTCC-1,0,63,113,2468,1862
GGAGGGTCAAGTAAGA-1,0,62,114,2573,1801
TACGGCATGGACGCTA-1,0,63,115,2467,1741
CACGTCAATCAATGGA-1,0,62,116,2573,1680
CGCTTGGACGGATAGA-1,0,63,117,2467,1620
CGCGGTACGGTATACA-1,0,62,118,2573,1559
CCTACTCAACACGATT-1,0,63,119,2467,1498
CGTTTGGTGTTGTGGG-1,0,62,120,2572,1437
GTTGTTGCAAGATGGC-1,0,63,121,2467,1377
CATTCGTCGTAGCGGT-1,0,62,122,2572,1316
CAGCCTCGATAGCGGT-1,0,63,123,2466,1256
TCATAAGTCCAAGAAG-1,0,62,124,2572,1195
AAAGTGCCATCAATTA-1,0,63,125,2466,1134
GTTGCAGTCGACAACA-1,0,62,126,2571,1074
TAAATGGGCTACTGAG-1,0,63,127,2466,1013
GGACAAGCCATGATCG-1,0,64,0,2378,8715
TCCAATGCGTCGCCGC-1,0,65,1,2272,8654
AAAGAATGACCTTAGA-1,0,64,2,2378,8593
CCTATTATTCCGGCCG-1,0,65,3,2272,8533
CAGTAAGGGACGTCTC-1,0,64,4,2377,8472
GGGATGGACCCGCGTC-1,0,65,5,2272,8412
GACGCATACCCGTCGG-1,0,64,6,2377,8351
GGGCAGGATTTCTGTG-1,0,65,7,2271,8290
TATCTGAGCCGATATT-1,0,64,8,2377,8230
AATGTATGGCACTGTA-1,0,65,9,2271,8169
GCCTTTGTCAGTGGAC-1,0,64,10,2377,8108
AACCATAGGGTTGAAC-1,0,65,11,2271,8048
AAACTTAATTGCACGC-1,0,64,12,2376,7987
TAGGCGGCTGCAAAGA-1,0,65,13,2271,7927
TCCATCAATACTAATC-1,0,64,14,2376,7866
ACCTCGAACTTATGCT-1,0,65,15,2270,7805
ACAAACCATGCGTCCT-1,0,64,16,2376,7744
ACACCGGTCTGACCGC-1,0,65,17,2270,7684
ATGGCAGCATTACGAT-1,0,64,18,2375,7623
CTGGTGAATGGGCCTA-1,0,65,19,2270,7563
CACAGAGACGAGGACG-1,0,64,20,2375,7502
GCACAAACCCTAGATG-1,0,65,21,2269,7442
ACTATGTCCAGCTGCC-1,0,64,22,2375,7381
AAGCCGCCGTGAAATC-1,0,65,23,2269,7320
ATGGGTGTATACCTCC-1,0,64,24,2375,7259
TAAGCGCGAATCAAAT-1,0,65,25,2269,7199
AGCCCGGCATTAGAGG-1,0,64,26,2374,7138
GTGATCAAGCGTGCAC-1,0,65,27,2269,7078
CTGCCTTTAATACCTT-1,0,64,28,2374,7017
TACCTCCACACCAATG-1,0,65,29,2268,6956
GAGCATCAACAACTTG-1,0,64,30,2374,6895
CATACGAACTAGCTGG-1,0,65,31,2268,6835
GGGAACGGTTTCAGAT-1,0,64,32,2373,6774
AGGGTGCCGTTCTTTA-1,0,65,33,2268,6714
ACGACTGGTCATACTC-1,0,64,34,2373,6653
GGATCTTACTGCCCTT-1,0,65,35,2268,6593
TACTCCTCTAGTTGAC-1,0,64,36,2373,6532
GTAGCTCCGGGAGGCT-1,0,65,37,2267,6471
GGACTCGTGAGTGGTC-1,0,64,38,2373,6410
GTAGTTCGAAGGCGAA-1,0,65,39,2267,6350
CTCAAACCACTGCCCG-1,0,64,40,2372,6289
GAGGGAGTCAGATCGC-1,0,65,41,2267,6229
GCGTCCCTAAGACATA-1,0,64,42,2372,6168
TCTCTTACCGCGAACC-1,0,65,43,2266,6107
GGCTACTATACACTCC-1,0,64,44,2372,6047
CGTTGCCCGCGTGGGA-1,0,65,45,2266,5986
TATAGAGTCGCTTGAA-1,0,64,46,2372,5925
ATGTTGTAGTCTGTTT-1,0,65,47,2266,5865
AGTATACACAGCGACA-1,0,64,48,2371,5804
TGTGGTTGCTAAAGCT-1,0,65,49,2266,5744
TGATTCCCGGTTACCT-1,0,64,50,2371,5683
CACTGACGATTGTGGA-1,0,65,51,2265,5622
AACATTGTGACTCGAG-1,0,64,52,2371,5561
GTCCAATATTTAGCCT-1,0,65,53,2265,5501
GCTCTTTCCGCTAGTG-1,0,64,54,2370,5440
GGGTCAGGAGCTAGAT-1,0,65,55,2265,5380
AGGTGGTGACCTTCGC-1,0,64,56,2370,5319
CCCGGGTCGTTCAGGG-1,0,65,57,2264,5258
AGCCAAGCTTTGTGTC-1,0,64,58,2370,5198
TGTGGCGGGCTTCTGG-1,0,65,59,2264,5137
CGAGGGTATCCAGGTG-1,0,64,60,2370,5076
CGTTCAGACCCGCGAA-1,0,65,61,2264,5016
TCATATGAGCTTTGTT-1,0,64,62,2369,4955
AGTTGACGGTCCTTGC-1,0,65,63,2264,4895
ATAATTAGCTAAGTAG-1,0,64,64,2369,4834
GGTCTTGAGCGCTCTT-1,0,65,65,2263,4773
CGTTGTCGGCAATTGA-1,0,64,66,2369,4712
TCTTGCTCCCGATACT-1,0,65,67,2263,4652
AGCAGAAGGAGAAAGA-1,0,64,68,2368,4591
GAAGCCACTGATTATG-1,0,65,69,2263,4531
TGCTCTTGAGAGTTTG-1,0,64,70,2368,4470
GACATCCGTCGAACTG-1,0,65,71,2263,4409
AGATATAATACGACTA-1,0,64,72,2368,4349
TCGCTACTGGCTTTGA-1,0,65,73,2262,4288
GTGACAGCTTCCCACT-1,0,64,74,2368,4227
GTGACGCAGGTTTCAT-1,0,65,75,2262,4167
GGGAAGACGGTCTGTC-1,0,64,76,2367,4106
CGTCGCATGTGAGCCA-1,0,65,77,2262,4046
AGAAGGTTGTAGGTCG-1,0,64,78,2367,3985
GGCCGGCGTCTGCTAT-1,0,65,79,2261,3924
TTGACCAGGAACAACT-1,0,64,80,2367,3863
AGTCGTATAAAGCAGA-1,0,65,81,2261,3803
GGCGTAGGGAAAGCTG-1,0,64,82,2367,3742
AAACCTAAGCAGCCGG-1,0,65,83,2261,3682
ATTGCCTTTATGTTTG-1,0,64,84,2366,3621
CAGGCAGTCTTACCAG-1,0,65,85,2261,3561
AGCTAAGTACGCAGGC-1,0,64,86,2366,3500
AAATCCGATACACGCC-1,0,65,87,2260,3439
CGAGAGCTTTCACTAC-1,0,64,88,2366,3378
CGCCCAGCGTTTCACG-1,0,65,89,2260,3318
TTAAGTATTGTTATCC-1,0,64,90,2365,3257
AAACGGGCGTACGGGT-1,0,65,91,2260,3197
GTATCCTTTGGTAACC-1,0,64,92,2365,3136
CATAGTCAAATACATA-1,0,65,93,2259,3075
TCTATGCTATAACGAC-1,0,64,94,2365,3015
ACGTTCTGTACAAGTC-1,0,65,95,2259,2954
CGCGAAGTGGCATACT-1,0,64,96,2365,2893
ACCAACCGCACTCCAC-1,0,65,97,2259,2833
GTCATGCGCGAGGGCT-1,0,64,98,2364,2772
TAGGCTAAAGTGGCAC-1,0,65,99,2259,2712
TGGCTACACTCTACCT-1,0,64,100,2364,2651
TGTCCACGGCTCAACT-1,0,65,101,2258,2590
AATTGCAGCAATCGAC-1,0,64,102,2364,2529
GTCAACCAGGCCTATA-1,0,65,103,2258,2469
ATCTTATCGCACACCC-1,0,64,104,2363,2408
GTCTATTGCATGCTCG-1,0,65,105,2258,2348
GCACGTGGTTTACTTA-1,0,64,106,2363,2287
ATTCGCGCCTTGAGAG-1,0,65,107,2258,2226
AGCGATGCGCCTAATA-1,0,64,108,2363,2166
TCTATAGGTGGGTAAT-1,0,65,109,2257,2105
AGATACCAATAGAACC-1,0,64,110,2363,2044
CGTGTATGGGAGCTGA-1,0,65,111,2257,1984
ATGTACATGCGGTGAG-1,0,64,112,2362,1923
TTGGCTCAATATGTGT-1,0,65,113,2257,1863
GTTCGGAGCACTCAAC-1,0,64,114,2362,1802
TCCCTCTTCTCAAGGG-1,0,65,115,2256,1741
TTACGTATCTATGACA-1,0,64,116,2362,1680
CCCATATAGGTCGATT-1,0,65,117,2256,1620
GTCCACGTCGCATTCG-1,0,64,118,2362,1559
AATTGTGGTTGCCAAA-1,0,65,119,2256,1499
AGGAACGAACGACTTC-1,0,64,120,2361,1438
TAATTCCAATGCTTCA-1,0,65,121,2256,1377
AGGGCCCTAATGTTCT-1,0,64,122,2361,1317
AGGTGTTGCCGACCAC-1,0,65,123,2255,1256
CTGAGAGTAGAAATAC-1,0,64,124,2361,1195
TAGAAGAAGGGTTACA-1,0,65,125,2255,1135
GGTGACTGATAGAGAG-1,0,64,126,2360,1074
TACCCTCGGTAACCCT-1,0,65,127,2255,1014
TGTAAGACTGATAAGA-1,0,66,0,2167,8715
GTCACTCATGAGCGAT-1,0,67,1,2061,8655
CGGTTTACTGAACATT-1,0,66,2,2167,8594
GAGATCGATCTTACTC-1,0,67,3,2061,8534
TCTTTCATCCGTCCTT-1,0,66,4,2166,8473
TCGGATCTGGATGACC-1,0,67,5,2061,8412
GTCCTAGGATACCTTA-1,0,66,6,2166,8351
TGTACCCGACCCTAAT-1,0,67,7,2060,8291
AGGTTCTCCTTTCCGG-1,0,66,8,2166,8230
AATTGCGTGGATTACA-1,0,67,9,2060,8170
CGATAGCGATACAGTG-1,0,66,10,2165,8109
CGCCCTAATTGTTCAA-1,0,67,11,2060,8048
ATTATGAGACCCAATT-1,0,66,12,2165,7988
CCTCCTAGCTAGAGTC-1,0,67,13,2060,7927
CGAAGGGTTTCAGATT-1,0,66,14,2165,7866
CACAAGCTAAGAAAGG-1,0,67,15,2059,7806
CACCGGTAGAGACATT-1,0,66,16,2165,7745
ACTCATGGCAGCCTTC-1,0,67,17,2059,7685
CATCCAATATAGTTTG-1,0,66,18,2164,7624
CAGATATGAAGATGAC-1,0,67,19,2059,7563
GCAAAGGGCGTTAGCC-1,0,66,20,2164,7502
CTGTTGTTCAGTCGTA-1,0,67,21,2058,7442
AAAGGCCCTATAATAC-1,0,66,22,2164,7381
AACATTGAAGTTGATC-1,0,67,23,2058,7321
GCTAGCGATAGGTCTT-1,0,66,24,2164,7260
ATTGCCTATTAGACCG-1,0,67,25,2058,7199
GGGCGTTTACATTCAT-1,0,66,26,2163,7139
CCTCTACAAGGATTGG-1,0,67,27,2058,7078
AGTGACTGTGACACAA-1,0,66,28,2163,7017
AGCCCTCCCTGGTGGC-1,0,67,29,2057,6957
CGGTTGAGTATCCTTC-1,0,66,30,2163,6896
CATTATCCCATTAACG-1,0,67,31,2057,6836
AATGTGCTAATCTGAG-1,0,66,32,2162,6775
CTTAGTTGAGGAATCG-1,0,67,33,2057,6714
CTTCTGGGCGTACCTA-1,0,66,34,2162,6653
AGTCAAATGATGTGAT-1,0,67,35,2057,6593
TGAACAAGCAGGGACT-1,0,66,36,2162,6532
AATACCGGAGGGCTGT-1,0,67,37,2056,6472
GTTTGGTGATCGGTGC-1,0,66,38,2162,6411
GACTGCTGGTGAGAAA-1,0,67,39,2056,6350
CGATCCTCGCAACATA-1,0,66,40,2161,6290
CCAACCTTATGTAACT-1,0,67,41,2056,6229
CGTGGTACCCAAAGGC-1,0,66,42,2161,6168
AACCCGACAACCCGTG-1,0,67,43,2055,6108
TATGTAAAGTGCTTAA-1,0,66,44,2161,6047
GCAAGTGTAAAGCATG-1,0,67,45,2055,5987
GTAACTGCCCAAGGAG-1,0,66,46,2161,5926
GGTGCATAAATGATTA-1,0,67,47,2055,5865
TAGTCCCGGAGACCAC-1,0,66,48,2160,5804
CGGCCAGAGCGACCAT-1,0,67,49,2055,5744
TGAATGAGTGTTTCCC-1,0,66,50,2160,5683
TTCACTTCCTAGAACG-1,0,67,51,2054,5623
CGCTTAGTATTGATAC-1,0,66,52,2160,5562
AACGCGACCTTGGGCG-1,0,67,53,2054,5502
GTGCACCAGCTTCAAC-1,0,66,54,2159,5441
TTCTATTAAACGCAGC-1,0,67,55,2054,5380
TGGCAAGCACAAGTCG-1,0,66,56,2159,5319
ATCTGCTGTTATCGCC-1,0,67,57,2053,5259
AATTCCAAGCATGTAC-1,0,66,58,2159,5198
AAACGGTTGCGAACTG-1,0,67,59,2053,5138
GAAGGAGTCGAGTGCG-1,0,66,60,2159,5077
GGCAAGCCCATAGTGG-1,0,67,61,2053,5016
TGACCAAATCTTAAAC-1,0,66,62,2158,4955
TTCGGTACTGTAGAGG-1,0,67,63,2053,4895
ATGTACGATGACGTCG-1,0,66,64,2158,4834
ATCTAGCTTGTGAGGG-1,0,67,65,2052,4774
AGCGGGTCTGACACTC-1,0,66,66,2158,4713
GAGGTACGCGTGTCCC-1,0,67,67,2052,4653
GCACTGCCTACCTTTA-1,0,66,68,2157,4592
GGAGCGAGGCCTACTT-1,0,67,69,2052,4531
AAACTCGGTTCGCAAT-1,0,66,70,2157,4470
GGCGCTTCATTCCCTG-1,0,67,71,2052,4410
TGCTCGGTGGGTCACC-1,0,66,72,2157,4349
AAGCGCAGGGCTTTGA-1,0,67,73,2051,4289
GACCTTCCACGTCTAC-1,0,66,74,2157,4228
GTTAGCCCATGACATC-1,0,67,75,2051,4167
AATTCGATTCGAGGAT-1,0,66,76,2156,4107
AGTCTTTAAAGTGTCC-1,0,67,77,2051,4046
GACTAGGCCGTTAGGT-1,0,66,78,2156,3985
TCCAAGCCTAGACACA-1,0,67,79,2050,3925
GATTGGGAAAGGTTGT-1,0,66,80,2156,3864
GATGAGGAACCTTCGG-1,0,67,81,2050,3804
TGAATACCGACGCGTA-1,0,66,82,2156,3743
AATCGTGAGCCGAGCA-1,0,67,83,2050,3682
GCGAAGAATCTGACGG-1,0,66,84,2155,3621
GAACAACTGGGATGAA-1,0,67,85,2050,3561
TCGCCGACATATTCGC-1,0,66,86,2155,3500
CGTAGAGAGTAATTAT-1,0,67,87,2049,3440
CGATAGTCGTACTGCA-1,0,66,88,2155,3379
CGCATGCCGAATGCGT-1,0,67,89,2049,3318
CTCTAGCCCTCGGAAA-1,0,66,90,2154,3258
TCCAACTCAGCTATCT-1,0,67,91,2049,3197
GTCTAGTGAGCCGCTT-1,0,66,92,2154,3136
TACCGAATAATTGTAA-1,0,67,93,2048,3076
ATATAACACGGGCGCA-1,0,66,94,2154,3015
GCATGCTAATAACGAT-1,0,67,95,2048,2955
TCCGGGCTTGACGGGA-1,0,66,96,2154,2894
ATTATTCAGAGTCACT-1,0,67,97,2048,2833
TAGCAGTATGACTAAA-1,0,66,98,2153,2772
TATGAAGAATTAAGGT-1,0,67,99,2048,2712
CAAGGCCAGTGGTGCA-1,0,66,100,2153,2651
TGCGTACGGCTAATTG-1,0,67,101,2047,2591
CAGATAATGGGCGGGT-1,0,66,102,2153,2530
GAGAACGGTTCTGACT-1,0,67,103,2047,2469
CGCTTCGGTCTAAGAC-1,0,66,104,2152,2409
AGCATTACGAGGCAAG-1,0,67,105,2047,2348
AAGTTGTGATGTTATA-1,0,66,106,2152,2287
TTGCTCATAGTACGTG-1,0,67,107,2047,2227
TACTTAAACATGTACA-1,0,66,108,2152,2166
AGTGAGTCGAATTAAC-1,0,67,109,2046,2106
TAGGCCTATATAGTCT-1,0,66,110,2152,2045
ACTCGCCGTTCGATAA-1,0,67,111,2046,1984
GGTACGTTGCGGCCGG-1,0,66,112,2151,1923
TATTGCCGGGCTTGTA-1,0,67,113,2046,1863
GGTAAACTCTGCGCTG-1,0,66,114,2151,1802
TCCCTTGTCTGAAACT-1,0,67,115,2045,1742
CATGATCGCTTTGAGA-1,0,66,116,2151,1681
GGACGGGCGACCAACC-1,0,67,117,2045,1621
GAGAGGCCTATGTGTA-1,0,66,118,2151,1560
TCGTAACTCCCAAGAC-1,0,67,119,2045,1499
CGTATCTAGAACTAAG-1,0,66,120,2150,1438
GCACCTTCCCGAAGGT-1,0,67,121,2045,1378
TACCTCTTTACCATCC-1,0,66,122,2150,1317
TGACTCTAACTGGTAA-1,0,67,123,2044,1257
GAGAAACTGGATCCCA-1,0,66,124,2150,1196
ATCCGGACCAGCCTGA-1,0,67,125,2044,1135
TTATTTAGGTTCCTTA-1,0,66,126,2149,1075
CGAATTCCCGGTTCAA-1,0,67,127,2044,1014
TAGTTTGATCGGTCGC-1,0,68,0,1956,8716
AGTCGAAACGATTCAG-1,0,69,1,1850,8655
ACGTCGGGCAACTCGG-1,0,68,2,1956,8594
ACTTGCTCTATCTACC-1,0,69,3,1850,8534
ATTACGGGCTACGGTT-1,0,68,4,1955,8473
GCAAACGTAAGCGACC-1,0,69,5,1850,8413
TTCGGACTGGGCATGG-1,0,68,6,1955,8352
GGGCCATTCGTGCTGG-1,0,69,7,1849,8291
GAGTTGTCACCAGTCT-1,0,68,8,1955,8231
AGTAATTTGCAAGCGT-1,0,69,9,1849,8170
GTGGCCGGTTTCTCGG-1,0,68,10,1954,8109
ATCTTAGGGCATTAAT-1,0,69,11,1849,8049
CTACATATCGCGGGAC-1,0,68,12,1954,7988
ATGGTATTTACTGATT-1,0,69,13,1849,7928
CCGTCAACCTCTGGCG-1,0,68,14,1954,7867
GCTTCGACGTTCAATC-1,0,69,15,1848,7806
GACCGATTAAATATGT-1,0,68,16,1954,7745
GTCGAATTTGGGCGCT-1,0,69,17,1848,7685
TCACGGCCCAAGAGAG-1,0,68,18,1953,7624
CTACGATCCTATCCTA-1,0,69,19,1848,7564
TGCAGTGGTAGGGAAC-1,0,68,20,1953,7503
TTGCCTAATCCAAAGT-1,0,69,21,1847,7442
AGCGAGACGTGAAGGC-1,0,68,22,1953,7382
TTCTACCTCAATCGGT-1,0,69,23,1847,7321
TACGCTGCTGTGTTAA-1,0,68,24,1953,7260
TAGTCCTGCACTAAGC-1,0,69,25,1847,7200
AGCACACGTTTAGACT-1,0,68,26,1952,7139
GTTCGACAATTGTATA-1,0,69,27,1847,7079
CCATGTTCATCTATAT-1,0,68,28,1952,7018
CCCTCGATAATACACA-1,0,69,29,1846,6957
ACTGCCCGCCATTCTC-1,0,68,30,1952,6896
CTATATCCAGCCTGGC-1,0,69,31,1846,6836
CGCACGTCTGTTTATG-1,0,68,32,1951,6775
AATCAGGTTTCATTTA-1,0,69,33,1846,6715
AGAGAAACACCAGAAA-1,0,68,34,1951,6654
ACCCGATTGGTTCCGA-1,0,69,35,1845,6594
TACCAGGAATCCCGTC-1,0,68,36,1951,6533
AAGTGCTTCTCTATTG-1,0,69,37,1845,6472
TGCATGTGACCCATAG-1,0,68,38,1951,6411
TAGATTCAAAGTGCGG-1,0,69,39,1845,6351
AGGGTCAGAGCACTCG-1,0,68,40,1950,6290
GTGAGATAACCTTATA-1,0,69,41,1845,6230
GTGTCAGTGTACGTGG-1,0,68,42,1950,6169
CTGTAGTGAGGATCGA-1,0,69,43,1844,6108
GATAGTGCGAGTAAGT-1,0,68,44,1950,6048
AGGGTTCAGACGGTCC-1,0,69,45,1844,5987
GGACTCGACAGCGCAT-1,0,68,46,1949,5926
CACTCTCAAGCATCGA-1,0,69,47,1844,5866
GAGCGGAATGCGGTGT-1,0,68,48,1949,5805
CAGTTCGAGGACCCGA-1,0,69,49,1844,5745
CGTAACTTCGACACTT-1,0,68,50,1949,5684
TGATCACCACACTGAC-1,0,69,51,1843,5623
CATACTTCTTTCTCCG-1,0,68,52,1949,5562
CAAGTAAGTGATAGAC-1,0,69,53,1843,5502
AGCCCGCAACAAGCAG-1,0,68,54,1948,5441
GCTCCATGCAAAGCAA-1,0,69,55,1843,5381
TCGTACCGACGTCAAG-1,0,68,56,1948,5320
ATTATCGGAATGTACG-1,0,69,57,1842,5259
ACCTACTATAAATCTA-1,0,68,58,1948,5199
TATCCTATCAACTGGT-1,0,69,59,1842,5138
GCGCGGTCTAGTAACT-1,0,68,60,1948,5077
CCTTCGTATAGAATCC-1,0,69,61,1842,5017
TGGGCGATACAATAAG-1,0,68,62,1947,4956
TGACATGTAACGTGAC-1,0,69,63,1842,4896
TTGGGAAGACGAGCCG-1,0,68,64,1947,4835
GGTGTAAATCGATTGT-1,0,69,65,1841,4774
GAACTGTGGAGAGACA-1,0,68,66,1947,4713
TCCACATCGTATATTG-1,0,69,67,1841,4653
CCTATGGTCAAAGCTG-1,0,68,68,1946,4592
TCCTTGTCCTTTAATT-1,0,69,69,1841,4532
AAGTTTATGGGCCCAA-1,0,68,70,1946,4471
GTCCGGGTTCACATTA-1,0,69,71,1840,4410
ATGTAGCGCGCGTAGG-1,0,68,72,1946,4350
TACGGAAGCCAAACCA-1,0,69,73,1840,4289
GCCCTGAGGATGGGCT-1,0,68,74,1946,4228
CGGGCGATGGATCACG-1,0,69,75,1840,4168
TGCGGACTTGACTCCG-1,0,68,76,1945,4107
TAATACTAGAACAGAC-1,0,69,77,1840,4047
TCAAATTGTTGTGCCG-1,0,68,78,1945,3986
GGGCAGTCAACGCCAA-1,0,69,79,1839,3925
TCGCTGCCAATGCTGT-1,0,68,80,1945,3864
TACGTGGGCCCAGGGC-1,0,69,81,1839,3804
GCCTACGTTCTGTGCA-1,0,68,82,1944,3743
TTGCGTGTGTAGGCAT-1,0,69,83,1839,3683
TCCTAAAGATTCAGAC-1,0,68,84,1944,3622
TGGGTGCACAAGCCAT-1,0,69,85,1839,3561
GGGAGCGACCGTAGTG-1,0,68,86,1944,3501
CATAGAGGAGATACTA-1,0,69,87,1838,3440
CTTCGATTGCGCAAGC-1,0,68,88,1944,3379
GTGCCTGAGACCAAAC-1,0,69,89,1838,3319
TCATCCTCAGCTGCTT-1,0,68,90,1943,3258
TGCAACTACTGGTTGA-1,0,69,91,1838,3198
ATGTTGATTAGAGACT-1,0,68,92,1943,3137
GTTTCTAGAGGCGCGG-1,0,69,93,1837,3076
TACAAGGGCTTCTTTA-1,0,68,94,1943,3015
ACAGGCACGGATCCTT-1,0,69,95,1837,2955
CCCAAGTCATTACACT-1,0,68,96,1943,2894
ACTCTGACCTAATAGA-1,0,69,97,1837,2834
GGATGGCTTGAAGTAT-1,0,68,98,1942,2773
ACCCTCCCGTCAGGGC-1,0,69,99,1837,2713
AGCTTCTTCTCGAGCA-1,0,68,100,1942,2652
TTGCGCTTGATCAATA-1,0,69,101,1836,2591
TGGGTGTAATAGATTT-1,0,68,102,1942,2530
CATGGTTTATTAATCA-1,0,69,103,1836,2470
TTGCCTTCTCGCCGGG-1,0,68,104,1941,2409
TTAAAGTAAGTCGCCA-1,0,69,105,1836,2349
AGTTGGCAAGGCTAGA-1,0,68,106,1941,2288
CCGCACTTGCAATGAC-1,0,69,107,1835,2227
AATGTTGTCGTGAGAC-1,0,68,108,1941,2167
CCAAGGTTGCCCTTTC-1,0,69,109,1835,2106
TGTGACTAGAGTTTGC-1,0,68,110,1941,2045
TTGTGATCTGTTCAGT-1,0,69,111,1835,1985
GGAGTTGATTCTGTGT-1,0,68,112,1940,1924
GTAGTGAGCAACCTCA-1,0,69,113,1835,1864
AAGACATACGTGGTTT-1,0,68,114,1940,1803
CATCCCGAGATTCATA-1,0,69,115,1834,1742
GGCCGCAGGAACCGCA-1,0,68,116,1940,1681
CCAGAAACTGATGCGA-1,0,69,117,1834,1621
ACCCGTAGTCTAGTTG-1,0,68,118,1939,1560
AGGGTCTGGACGCAGT-1,0,69,119,1834,1500
TTGAAACCCTCATTCC-1,0,68,120,1939,1439
TCAATCCCGCGCCAAA-1,0,69,121,1834,1378
AGGACATCGGCACACT-1,0,68,122,1939,1318
GACAAGACGCCCGTGC-1,0,69,123,1833,1257
GAGTAAATTAAGAACC-1,0,68,124,1939,1196
TAAGTCGGTGAGCTAG-1,0,69,125,1833,1136
CTTACTGACTCCTCTG-1,0,68,126,1938,1075
TTAACTGATCGTTTGG-1,0,69,127,1833,1015
GGGCGATCCATAGGCC-1,0,70,0,1745,8716
CGTATTGTTTGGCGCC-1,0,71,1,1639,8656
CGCGTGGGCCTGTGTT-1,0,70,2,1745,8595
AAATCTGCCCGCGTCC-1,0,71,3,1639,8534
GCTGAAGGGTTCTTGG-1,0,70,4,1744,8474
TAATTGCGCTGATTAC-1,0,71,5,1639,8413
TCGCGCGTTTACATGA-1,0,70,6,1744,8352
TAACTGAAATACGCCT-1,0,71,7,1638,8292
CCTGTCGTGTATGAAG-1,0,70,8,1744,8231
CGGGAACGCCCTGCAT-1,0,71,9,1638,8171
AGTTGCGGTCCTCAAC-1,0,70,10,1743,8110
GGGTCCTTGGAAGAAG-1,0,71,11,1638,8049
CGGGAAGTACCGTGGC-1,0,70,12,1743,7988
ACGGTCACCGAGAACA-1,0,71,13,1638,7928
TAGACTCAGTTGGCCT-1,0,70,14,1743,7867
CCTTCCGCAACGCTGC-1,0,71,15,1637,7807
CAGTGTTAATCTCTCA-1,0,70,16,1743,7746
CAGGCCAGTACCACCT-1,0,71,17,1637,7686
GATCGCTGTGGTGCGT-1,0,70,18,1742,7625
GTATCTCGGGCGCTTT-1,0,71,19,1637,7564
CCGGGCTAAGAATTTC-1,0,70,20,1742,7503
CTTCACGCCCTGGTAC-1,0,71,21,1636,7443
CGGATGAATGCTGTGA-1,0,70,22,1742,7382
CTCTGCAGGCATTCTT-1,0,71,23,1636,7322
TCAAAGTCACGGCGTC-1,0,70,24,1741,7261
TGGGTTTCGGGCGTAC-1,0,71,25,1636,7200
TGCTATGGCAAAGGGA-1,0,70,26,1741,7140
TTCACGGTCGTCACGT-1,0,71,27,1636,7079
CGTAAAGCAAGAAATC-1,0,70,28,1741,7018
CTGATCCCTTTATGCA-1,0,71,29,1635,6958
GAGTATACCCTAATCA-1,0,70,30,1741,6897
CCACGGCAGGTGTAGG-1,0,71,31,1635,6837
ACGTACTTTGGCACGG-1,0,70,32,1740,6776
CCTGAGAATAAATGCA-1,0,71,33,1635,6715
TTGATGCCGCTCGTCG-1,0,70,34,1740,6654
GCCAGGAAAGAACACT-1,0,71,35,1634,6594
TCCGACCGCTAATCAA-1,0,70,36,1740,6533
TATATCAAAGTGATCT-1,0,71,37,1634,6473
CCTCGGTTTCCTTGCC-1,0,70,38,1740,6412
TAAATTTAGTAACACC-1,0,71,39,1634,6351
CTCGTTACGGCTACCA-1,0,70,40,1739,6291
GCCGTCGGTTTCGGGC-1,0,71,41,1634,6230
GTTCCGTCCGCCTGCA-1,0,70,42,1739,6169
CTAGGGATAGGGACAA-1,0,71,43,1633,6109
GTCCAGGCACGTGTGC-1,0,70,44,1739,6048
GAGGAATATCTCTTTG-1,0,71,45,1633,5988
CGTTCAAGGAAACGGA-1,0,70,46,1738,5927
GTGGGAACAAACCGGG-1,0,71,47,1633,5866
GGGCACGTAGTACTGT-1,0,70,48,1738,5805
ACTACAAAGAGAGGTG-1,0,71,49,1633,5745
GGTGTAGGTAAGTAAA-1,0,70,50,1738,5684
CCTGTTCAACCTCGGG-1,0,71,51,1632,5624
TGAGGTGTGTGGCGGA-1,0,70,52,1738,5563
ATTGTCTGTTTCATGT-1,0,71,53,1632,5502
GCCGGTCGTATCTCTC-1,0,70,54,1737,5442
ATATGGGATAGCAACT-1,0,71,55,1632,5381
GATAGAACCCGCTAGG-1,0,70,56,1737,5320
ATCCCATTTCCGTGGG-1,0,71,57,1631,5260
GATGCTACCTTCGATG-1,0,70,58,1737,5199
TGCAAAGTTCGTCTGT-1,0,71,59,1631,5139
GTTCAGTCGCCAAATG-1,0,70,60,1737,5078
GTCTCCGCCTCAATAC-1,0,71,61,1631,5017
AGTAGAAGGCGCCTCA-1,0,70,62,1736,4956
GTTGTAGATTTATGAG-1,0,71,63,1631,4896
CTATTTGCTTGGAGGA-1,0,70,64,1736,4835
AGCCATATAGTATGTG-1,0,71,65,1630,4775
TGTTCCGGCCTGAGCT-1,0,70,66,1736,4714
TGCCGTGGGACCCAAT-1,0,71,67,1630,4654
TTGCAAGAAGACTCCT-1,0,70,68,1735,4593
CCGCTCCAGGGCGATC-1,0,71,69,1630,4532
CAAACCCTCCGGCGGG-1,0,70,70,1735,4471
CGGACCTTTACGTCCC-1,0,71,71,1629,4411
ACGTAGGAGAGTCGCT-1,0,70,72,1735,4350
CTGCGACCTCGCCGAA-1,0,71,73,1629,4290
GGCCCAGCTGGTTTGC-1,0,70,74,1735,4229
GGATTAATCATGGACC-1,0,71,75,1629,4168
GAGATGGCTTTAATCA-1,0,70,76,1734,4108
AGTACAGAAGCTTATA-1,0,71,77,1629,4047
GCGGCTTTAGCAAGTT-1,0,70,78,1734,3986
ACCGAGTCTCCTTATT-1,0,71,79,1628,3926
GACCACACTTCCCTTT-1,0,70,80,1734,3865
TGTAGCCAATTCCGTT-1,0,71,81,1628,3805
CTCGTCTGTGCCTTCG-1,0,70,82,1733,3744
GGACTCTTTGACTAAG-1,0,71,83,1628,3683
TCATCGACGACCGTCG-1,0,70,84,1733,3622
TACTACGTGCAATGCG-1,0,71,85,1628,3562
CCCTACTTGAACAATG-1,0,70,86,1733,3501
GCAGCTGTCAACGCAT-1,0,71,87,1627,3441
ATCTACCATCTGCTCC-1,0,70,88,1733,3380
TCTCAAATCAATCGGG-1,0,71,89,1627,3319
ACTCCGGCCGACCACT-1,0,70,90,1732,3259
TACACCTCTTCGAATC-1,0,71,91,1627,3198
GTGGCTGTTTCTGTTC-1,0,70,92,1732,3137
ACGACTCTAGGGCCGA-1,0,71,93,1626,3077
TCGTTTACGCGACCCT-1,0,70,94,1732,3016
AGGATATCCGACTGCA-1,0,71,95,1626,2956
GACACTTCCAATTACC-1,0,70,96,1732,2895
ACGGTACAGTTCAATG-1,0,71,97,1626,2834
CTTGATGACCATCCAG-1,0,70,98,1731,2773
CTGGTAAAGACTTACA-1,0,71,99,1626,2713
CTTGCCCACCCACGCA-1,0,70,100,1731,2652
CATTACGCAGGAAGGG-1,0,71,101,1625,2592
GGACAACCATGAAGCC-1,0,70,102,1731,2531
GTTATCAAGCTATCGA-1,0,71,103,1625,2470
AGGTGCACGTCCACAT-1,0,70,104,1730,2410
AAAGAATGTGGACTAA-1,0,71,105,1625,2349
ACCAAGTCATCGGCAG-1,0,70,106,1730,2288
AGTAACTATAGCAGCC-1,0,71,107,1624,2228
GGGAAAGAATGCCAAC-1,0,70,108,1730,2167
AATCGGTATAGCCCTC-1,0,71,109,1624,2107
GGCACTGCGGTGGTTT-1,0,70,110,1730,2046
CGTCCTCATCGCGTGC-1,0,71,111,1624,1985
CTTAACTTACAGTATA-1,0,70,112,1729,1924
GTGAGTCGACTAATAG-1,0,71,113,1624,1864
TGTACTTCCGGGCATG-1,0,70,114,1729,1803
CACAAACCGCAGAACT-1,0,71,115,1623,1743
GCTTTACACAACTGGG-1,0,70,116,1729,1682
CACCGATGATGGGTAC-1,0,71,117,1623,1621
TCAATATACAGGAGGC-1,0,70,118,1728,1561
AACGACCTCCTAGCCG-1,0,71,119,1623,1500
GTTACCAAGGCGTACG-1,0,70,120,1728,1439
TAGCTCACTGTGTTTG-1,0,71,121,1623,1379
TCGGCAGGGTTAAGGG-1,0,70,122,1728,1318
TGTTAACAAAGTGACT-1,0,71,123,1622,1258
CAGAGCGATGGATGCT-1,0,70,124,1728,1197
CATAGTGGGCACGCCT-1,0,71,125,1622,1136
AAACGCTGGGCACGAC-1,0,70,126,1727,1075
TGTTCTCATACTATAG-1,0,71,127,1622,1015
TCCGCTGGGTCGATCG-1,0,72,0,1534,8717
TTAGCATCCCTCACGT-1,0,73,1,1428,8656
AGCCTTGTCACTGATA-1,0,72,2,1534,8595
GTTTCTTGTTAGAGCT-1,0,73,3,1428,8535
TCGGAGTCCTGGTTGC-1,0,72,4,1533,8474
ACGGGTTGTGACCTGT-1,0,73,5,1428,8414
TGACAGAAATCTTGCT-1,0,72,6,1533,8353
TAGCCATGATTGCCTA-1,0,73,7,1427,8292
CGAAGCCACAGCATGG-1,0,72,8,1533,8232
ACCCGTAGCAGAGAAT-1,0,73,9,1427,8171
AGCTTGATCAGGGTAG-1,0,72,10,1532,8110
CTATAAGTAGGGTTTG-1,0,73,11,1427,8050
TATAGTTAGGTGTACT-1,0,72,12,1532,7989
TACGCTGATAGTTGTA-1,0,73,13,1426,7929
TTCTCAATTGCTACAA-1,0,72,14,1532,7868
GTTGCCCTAACGGGTG-1,0,73,15,1426,7807
GACATTTCGCCCAGCC-1,0,72,16,1532,7746
GTAACTACGTAGACCT-1,0,73,17,1426,7686
CCAGTGTACAGACCGA-1,0,72,18,1531,7625
GCCCGATGCCCAGTTC-1,0,73,19,1426,7565
CGAACCTCTTTCCTAG-1,0,72,20,1531,7504
CATGCACATGAGAGGC-1,0,73,21,1425,7443
CCAAATCAAAGGGCAA-1,0,72,22,1531,7383
GTAGTTTAAGCACACG-1,0,73,23,1425,7322
TAAGTGAATAGTCTAC-1,0,72,24,1530,7261
GGTCCACGTCTATTTG-1,0,73,25,1425,7201
CCCTCAGATCGAGAAC-1,0,72,26,1530,7140
ACATTCGCGCGGAATA-1,0,73,27,1425,7080
CTATGAACACCTTGCC-1,0,72,28,1530,7019
CGAATGGTAGGTCGTC-1,0,73,29,1424,6958
TCGACATAGCGTAGCG-1,0,72,30,1530,6897
GACGTTGCTCGGCGGC-1,0,73,31,1424,6837
CTCGAGGCAAGTTTCA-1,0,72,32,1529,6776
GCTGGGAGCGCGTCAA-1,0,73,33,1424,6716
GACGATATCACTGGGT-1,0,72,34,1529,6655
CAGCTCTGGGCTCACT-1,0,73,35,1423,6594
TAGTCTGCGGCACATT-1,0,72,36,1529,6534
TGGTCGATATACCTCT-1,0,73,37,1423,6473
TTCAGTTCAAGAGGAG-1,0,72,38,1529,6412
GTCTGTAGGTTGAACA-1,0,73,39,1423,6352
GAGAGTCTCGGGAGAG-1,0,72,40,1528,6291
TTGTTTGTATTACACG-1,0,73,41,1423,6231
GCACAGCACGGGCCGA-1,0,72,42,1528,6170
AAACAGTGTTCCTGGG-1,0,73,43,1422,6109
TGGAGAATAATCGTCC-1,0,72,44,1528,6048
CGCCGCGTTCTGAACG-1,0,73,45,1422,5988
CATGCGTTGAGAGGAG-1,0,72,46,1527,5927
TACGCTCCTAGAACTG-1,0,73,47,1422,5867
CCTTGTGAACGTGGTT-1,0,72,48,1527,5806
TTAAAGGCGATGCTCG-1,0,73,49,1421,5746
TAAAGTGCACGTCTCG-1,0,72,50,1527,5685
TGTCCGCAAACAATTC-1,0,73,51,1421,5624
AGGCCTATCATACCAA-1,0,72,52,1527,5563
ACTGGGATGCCAGTGC-1,0,73,53,1421,5503
CGATCCACCATTGTTG-1,0,72,54,1526,5442
GGGCATGCATGTCGAG-1,0,73,55,1421,5382
TCCAGGCAGGACGATC-1,0,72,56,1526,5321
CAATGACCCTTAATTT-1,0,73,57,1420,5260
ATCAAGATCCCAGGAC-1,0,72,58,1526,5200
CTCAGAGCTAATGTCG-1,0,73,59,1420,5139
CTGCGATTTCGAGATT-1,0,72,60,1525,5078
ATGGTATTGGGAACCG-1,0,73,61,1420,5018
TAGGTTCTGCTGAGAA-1,0,72,62,1525,4957
GCCTGTCCCGGTGCAT-1,0,73,63,1420,4897
GGCCTGCTCTGATGTT-1,0,72,64,1525,4836
TAGAGGGAGTTTATCT-1,0,73,65,1419,4775
CTCTACATCCTGCGTG-1,0,72,66,1525,4714
ACACATTTCCGTAGAC-1,0,73,67,1419,4654
TGGGTGTTAAGTAGAA-1,0,72,68,1524,4593
GAGCTCAACATGAGCG-1,0,73,69,1419,4533
GCACACAGCTATTACC-1,0,72,70,1524,4472
GCGACGGTAGTCTCCT-1,0,73,71,1418,4411
GTATCAAGGTACTTCC-1,0,72,72,1524,4351
GGAAAGGGAATTGAGC-1,0,73,73,1418,4290
TACACAGCCGTGGTGC-1,0,72,74,1524,4229
CGGTTGGGCAGGGTCC-1,0,73,75,1418,4169
GCACGCCGATTCCCGC-1,0,72,76,1523,4108
CGCTTTCCGCCAAGGT-1,0,73,77,1418,4048
TGCCCGATAGTTAGAA-1,0,72,78,1523,3987
TCAGAACGGCGGTAAT-1,0,73,79,1417,3926
CCACTCAGATCCGCAA-1,0,72,80,1523,3865
GAAGGGTCATTAAGAC-1,0,73,81,1417,3805
GCGGTCTTGCTTTCAC-1,0,72,82,1522,3744
GGAAGGACACCGTATA-1,0,73,83,1417,3684
CGCGGGAATTCCTTTC-1,0,72,84,1522,3623
TCTATCCGATTGCACA-1,0,73,85,1416,3562
TACTCGTTTGAATCAA-1,0,72,86,1522,3502
GTCTGCCGACTCGACG-1,0,73,87,1416,3441
TACGGGTAATAACATA-1,0,72,88,1522,3380
CCAGTTCGGTAACTCA-1,0,73,89,1416,3320
CGTGCACACCACTGTA-1,0,72,90,1521,3259
CTTCAGTTGGACAACG-1,0,73,91,1416,3199
TGATCTATCACACTCT-1,0,72,92,1521,3138
TAGCAGATACTTAGGG-1,0,73,93,1415,3077
CACCGGGCATCACAAG-1,0,72,94,1521,3016
AGTGGCCCGCAAATGG-1,0,73,95,1415,2956
CTCGCTAGGTAAGCGA-1,0,72,96,1520,2895
GATAGATAGTACAGTC-1,0,73,97,1415,2835
CGAGACTACTGCTGCT-1,0,72,98,1520,2774
ACATTTGAAACCTAAC-1,0,73,99,1415,2714
GACACAGCCGGGACTG-1,0,72,100,1520,2653
ACGGAACACGAGTGCC-1,0,73,101,1414,2592
ACGCCAGTGCGTTTGC-1,0,72,102,1520,2531
GCACCTAGGCGAGTCC-1,0,73,103,1414,2471
TCACTATCCCTTCGGT-1,0,72,104,1519,2410
TGAGTGTAACAACGGG-1,0,73,105,1414,2350
ATTGGTTGTGCATTAC-1,0,72,106,1519,2289
CTGGCGATTTACATGT-1,0,73,107,1413,2228
TCCACCAAGACATAGG-1,0,72,108,1519,2168
AACGTCGCTGCACTTC-1,0,73,109,1413,2107
GTCTCCCGAGTCCCGT-1,0,72,110,1519,2046
AGCCCGCACTACAATG-1,0,73,111,1413,1986
GGCACGCTGCTACAGT-1,0,72,112,1518,1925
GCTTGAGTGACCTCTG-1,0,73,113,1413,1865
ATAGCCATAACAGTCA-1,0,72,114,1518,1804
TAGGAGGCTCGAGAAC-1,0,73,115,1412,1743
GTCGGGTGAAGTACCG-1,0,72,116,1518,1682
CACCCGCGTTTGACAC-1,0,73,117,1412,1622
TCTCAGGCTACTCGCT-1,0,72,118,1517,1561
TAGATTCTCTAGCAAA-1,0,73,119,1412,1501
CCCATTATTGTATCCT-1,0,72,120,1517,1440
GTTAATAGCGTCATTA-1,0,73,121,1411,1379
TACTCATTGACGCATC-1,0,72,122,1517,1319
TAGTGACAAGCTCTAC-1,0,73,123,1411,1258
ATCGCCGTGGTTCATG-1,0,72,124,1517,1197
CTGCTCTCAACACACC-1,0,73,125,1411,1137
GCATGACACAAAGGAA-1,0,72,126,1516,1076
CAACGATCGATCCAAT-1,0,73,127,1411,1016
ATACAGCGTCCACTGA-1,0,74,0,1323,8717
TCACGATTAATACGTT-1,0,75,1,1217,8657
CGTGAACTGACCCGAT-1,0,74,2,1322,8596
TCGATGTTACGGCCGT-1,0,75,3,1217,8535
GACCGGTGATACTCTC-1,0,74,4,1322,8475
TCTGTTTAGATTGTTC-1,0,75,5,1217,8414
GCTACTCGGACGCAGA-1,0,74,6,1322,8353
AAGAAAGTTTGATGGG-1,0,75,7,1216,8293
CGCCAGTAGTACCTTG-1,0,74,8,1322,8232
CTCCCTTGTATCAAGG-1,0,75,9,1216,8172
ACTTTATACACCACTT-1,0,74,10,1321,8111
AGATCTGGAGAGGATA-1,0,75,11,1216,8050
TCATCCATCTGATCAC-1,0,74,12,1321,7989
AGAACACGGCGATGGT-1,0,75,13,1215,7929
CCGCTCCGGATAAGCT-1,0,74,14,1321,7868
TGGTCGGGTACAGGGC-1,0,75,15,1215,7808
ACGGACGCAGCGACAA-1,0,74,16,1321,7747
ACATGCTTACGGCAGC-1,0,75,17,1215,7686
CAGGGAGATAGGCCAG-1,0,74,18,1320,7626
TCGCCACCCGGATTAC-1,0,75,19,1215,7565
TCTTGGTCAATGATAC-1,0,74,20,1320,7504
CATAGGGACACTTGTG-1,0,75,21,1214,7444
CACGAGCAAACCAGAC-1,0,74,22,1320,7383
GGGATATTGATCGCCA-1,0,75,23,1214,7323
TAATGTCGGTTCATGG-1,0,74,24,1319,7262
CGATTTGTCATTAATG-1,0,75,25,1214,7201
TTAAGATACCCAGAGA-1,0,74,26,1319,7140
CGACCGTTGGTATTCG-1,0,75,27,1214,7080
ACTACCATCCGAGGGC-1,0,74,28,1319,7019
TCTACGCACGATCTCC-1,0,75,29,1213,6959
AAGCCACTTGCAGGTA-1,0,74,30,1319,6898
ACGTTGTCGTTGAAAG-1,0,75,31,1213,6838
ACCGCTAGTCATTGGT-1,0,74,32,1318,6777
CATGAGTCCATCACGG-1,0,75,33,1213,6716
ATGTCTTGTTTGACTC-1,0,74,34,1318,6655
TCCCAAACATCCTCTA-1,0,75,35,1212,6595
CAACGCGATGAGCCAA-1,0,74,36,1318,6534
GACACCCAAAGACGCG-1,0,75,37,1212,6474
ACGTTCACTATGCCGC-1,0,74,38,1317,6413
ATGGACTGCTTAGTTG-1,0,75,39,1212,6352
CCATGGCAAACGCTCA-1,0,74,40,1317,6292
TTGTCTCGGCAAGATG-1,0,75,41,1212,6231
TTCGAACGAAACATGC-1,0,74,42,1317,6170
GGAAAGTCTTGATTGT-1,0,75,43,1211,6110
ATCATAGATCGACGAG-1,0,74,44,1317,6049
GATTAGAAACAAGCGT-1,0,75,45,1211,5989
GCTGCGAAGAATTATT-1,0,74,46,1316,5928
TTCCAGTGGGTTTCGT-1,0,75,47,1211,5867
GCTCATTGATCATATC-1,0,74,48,1316,5806
ATACGAGGTTTGTAAG-1,0,75,49,1210,5746
GTCTATACACGCATGG-1,0,74,50,1316,5685
GATTTGCGCTAACACC-1,0,75,51,1210,5625
TGGTGCCCTGCCTTAC-1,0,74,52,1316,5564
TCGAATCGCAGGGTAG-1,0,75,53,1210,5503
GGTAGGCCAATATCAC-1,0,74,54,1315,5443
CGTAAATAACAAAGGG-1,0,75,55,1210,5382
GACTCTAGAGTTCCAA-1,0,74,56,1315,5321
ACTTGTTACCGGATCA-1,0,75,57,1209,5261
GGCATTGAACATCTCA-1,0,74,58,1315,5200
AACCCGCTGTATTCCA-1,0,75,59,1209,5140
TAACAGGTTCCCTTAG-1,0,74,60,1314,5079
GTTCTTGTAACTCAAT-1,0,75,61,1209,5018
GATTCTGTTAATGAGT-1,0,74,62,1314,4957
GGACACCTCGGTGTTG-1,0,75,63,1209,4897
CGATCGAGAAGCACCA-1,0,74,64,1314,4836
CTGCTCTGACGGCAAA-1,0,75,65,1208,4776
CCCAGGAAGAATTCGA-1,0,74,66,1314,4715
TGTCGTGGGTATAGGC-1,0,75,67,1208,4654
ATATGTCTAGAGCGTG-1,0,74,68,1313,4594
GCGGGCAGACGGGTGA-1,0,75,69,1208,4533
CGAAGATCAGTTTCAT-1,0,74,70,1313,4472
ACGCCACTCGAAACAG-1,0,75,71,1207,4412
CTTAGATGTTTCATCC-1,0,74,72,1313,4351
GCGAATGGACTAGCGA-1,0,75,73,1207,4291
TAAATTGTGGGTAAAG-1,0,74,74,1313,4230
ATTTATACTGGTAAAG-1,0,75,75,1207,4169
GCGTCGTAACATGGTC-1,0,74,76,1312,4108
CGGTATGGGCACTCTG-1,0,75,77,1207,4048
CTATCACAACGCTGGA-1,0,74,78,1312,3987
ACCACACGGTTGATGG-1,0,75,79,1206,3927
TCAGCGCACGCCGTTT-1,0,74,80,1312,3866
AATGTTAAGACCCTGA-1,0,75,81,1206,3806
CTTACATAGATTTCTT-1,0,74,82,1311,3745
AACATAGCGTGTATCG-1,0,75,83,1206,3684
AGCAGTCGAAGCATGC-1,0,74,84,1311,3623
GTACTACGGCCTCGTT-1,0,75,85,1205,3563
TTGGCCAAATTGTATC-1,0,74,86,1311,3502
TCAGAGGACGCGTTAG-1,0,75,87,1205,3442
AGTAATCTAAGGGTGG-1,0,74,88,1311,3381
AATTATACCCAGCAAG-1,0,75,89,1205,3320
CCCTACCCACACCCAG-1,0,74,90,1310,3260
CTCTGTCCATGCACCA-1,0,75,91,1205,3199
TCGCCTCCTTCGGCTC-1,0,74,92,1310,3138
CCTGATTCGCGAAGAA-1,0,75,93,1204,3078
GACTTCAACGCATCAA-1,0,74,94,1310,3017
GCTTCCCGTAAGCTCC-1,0,75,95,1204,2957
AGAACTGTACTTTGTA-1,0,74,96,1309,2896
CCTTAAGTACGCAATT-1,0,75,97,1204,2835
GGCCAATTGTATAGAC-1,0,74,98,1309,2774
AGAATACAGGCTATCC-1,0,75,99,1204,2714
AATACCTGATGTGAAC-1,0,74,100,1309,2653
TAGAGTGTTCCGGGTA-1,0,75,101,1203,2593
GCTTCCATGTAACCGC-1,0,74,102,1309,2532
GGTTCGCATTTGCCGT-1,0,75,103,1203,2471
TCAATCCGGGAAGTTT-1,0,74,104,1308,2411
CCGGAAGTGCAATATG-1,0,75,105,1203,2350
CTCATAAATGTGTATA-1,0,74,106,1308,2289
GACGGGCATCGAATTT-1,0,75,107,1202,2229
GCTAAGCCCAGTATGC-1,0,74,108,1308,2168
GCTATAAGGGCCAGGA-1,0,75,109,1202,2108
GCGGATTACTTGTTCT-1,0,74,110,1308,2047
TACAACAGCGCATACA-1,0,75,111,1202,1986
TCTAACCTAGCCTGCG-1,0,74,112,1307,1925
TCTACCCGCATCATTT-1,0,75,113,1202,1865
GTCTTACCACGCCAAG-1,0,74,114,1307,1804
AATAACGTCGCGCCCA-1,0,75,115,1201,1744
CGTTTCGGTTATATGC-1,0,74,116,1307,1683
TACGCTGCACGGTCGT-1,0,75,117,1201,1622
CGTTAAATACGACCAG-1,0,74,118,1306,1562
TCGACTGACGATGGCT-1,0,75,119,1201,1501
ACGCTACTGAATGGGC-1,0,74,120,1306,1440
AAGGGTTAGCCATGCG-1,0,75,121,1200,1380
ACGTTTCGGTGCACTT-1,0,74,122,1306,1319
TTAACCCGAGGCGTGT-1,0,75,123,1200,1259
GCCCGTCAAGCCCAAT-1,0,74,124,1306,1198
ATTCGTCCCGAGGTTA-1,0,75,125,1200,1137
TCAAATTATGTTCGAC-1,0,74,126,1305,1076
AACGTTCTACCATTGT-1,0,75,127,1200,1016
CTGTCCTGCGCACTAC-1,0,76,0,1112,8718
GCCCAGCGACACAAAG-1,0,77,1,1006,8657
TATAGCTATTATCTCT-1,0,76,2,1111,8596
AAGCTATGGATTGACC-1,0,77,3,1006,8536
CCGAAACACGACCTCT-1,0,76,4,1111,8475
ATCAGAAGCTGGTTGC-1,0,77,5,1006,8415
TGAACCTGAATGTGAG-1,0,76,6,1111,8354
TCAGAGCATGTCAACG-1,0,77,7,1005,8293
ATACCCTCCCGGCCAA-1,0,76,8,1111,8232
GCCACCTTATTCGCGA-1,0,77,9,1005,8172
CAACGAGCTTATTATG-1,0,76,10,1110,8111
GATCCAACCTTTAAAC-1,0,77,11,1005,8051
TTGTGGAGACAGCCGG-1,0,76,12,1110,7990
AGATAATCACACCTAT-1,0,77,13,1004,7930
GGTTAGGGATGCTAAT-1,0,76,14,1110,7869
TCATGAAGCGCTGCAT-1,0,77,15,1004,7808
CCAGGCGAGATGGTCT-1,0,76,16,1110,7747
CGACTTGCCGGGAAAT-1,0,77,17,1004,7687
GTGCCAAACGTTTCGA-1,0,76,18,1109,7626
TGCTCAAAGGATGCAC-1,0,77,19,1004,7566
GCCTCAGGTACCGGTC-1,0,76,20,1109,7505
ACAAGTAATTGTAAGG-1,0,77,21,1003,7444
TTAGAGTATTGTCGAG-1,0,76,22,1109,7384
GTCATCCCAAACTCAC-1,0,77,23,1003,7323
CTCCTAGTAATCGTGA-1,0,76,24,1108,7262
CCCTCATCACAGAGTA-1,0,77,25,1003,7202
GGAAACAGAGCTTGGG-1,0,76,26,1108,7141
ACATCGCAATATTCGG-1,0,77,27,1002,7081
TTAGCCATAGGGCTCG-1,0,76,28,1108,7020
CGGATTCTGCCTTATG-1,0,77,29,1002,6959
TTGTTGGCAATGACTG-1,0,76,30,1108,6898
GGATCTACCGTTCGTC-1,0,77,31,1002,6838
GGTGGGATTAGGTCCC-1,0,76,32,1107,6777
AATAGGCACGACCCTT-1,0,77,33,1002,6717
GAGGTCCGTTCGCTGT-1,0,76,34,1107,6656
TGACAACTTAAAGGTG-1,0,77,35,1001,6595
AGCTAAGCTCCGTCCG-1,0,76,36,1107,6535
CTAGCCCGGGAGACGA-1,0,77,37,1001,6474
CCCAGATTCCCGTGAC-1,0,76,38,1106,6413
GCCCGTTCACACAATT-1,0,77,39,1001,6353
ACAAACTCCATCAGAG-1,0,76,40,1106,6292
GGTTCCGTACGACTAA-1,0,77,41,1001,6232
TTGCGGAAAGCTGCCC-1,0,76,42,1106,6171
GGAACTCGTGAATACG-1,0,77,43,1000,6110
GGTTACCGCTCCCTAC-1,0,76,44,1106,6049
AGCGACTTTGAAGACA-1,0,77,45,1000,5989
CCGTTTCCTTTCCGTG-1,0,76,46,1105,5928
TGGATGGCATCTTGGA-1,0,77,47,1000,5868
CAAGTCGTTGAAATCT-1,0,76,48,1105,5807
TGCAAACGTACTAGTT-1,0,77,49,999,5746
GGCTGTCCTACTGCGG-1,0,76,50,1105,5686
TACTGCATGATTAAAT-1,0,77,51,999,5625
CGGACCTCTGTAGTTA-1,0,76,52,1105,5564
CCCTAGCTCTAAGGTC-1,0,77,53,999,5504
GTAACAGGTTAACGGC-1,0,76,54,1104,5443
CCCGCAAATAATCATC-1,0,77,55,999,5383
AATCCCGCTCAGAGCC-1,0,76,56,1104,5322
AACGTCATCCGGCTTG-1,0,77,57,998,5261
CTCGTGGCACTGAAAG-1,0,76,58,1104,5200
CTTTATCCGACGCATG-1,0,77,59,998,5140
AAATGACTGATCAAAC-1,0,76,60,1103,5079
TTCGTGCATGTTATAG-1,0,77,61,998,5019
ATCAAAGAGCCGTGGT-1,0,76,62,1103,4958
ATGTCATAATAAACGA-1,0,77,63,997,4898
CTTAATCGACTTAGTA-1,0,76,64,1103,4837
CTAAAGGATGAGATAC-1,0,77,65,997,4776
GTGCTATCCAGCTGGA-1,0,76,66,1103,4715
GACAGAGGTCTTCAGT-1,0,77,67,997,4655
TCGATTTACGAAACGA-1,0,76,68,1102,4594
AGGCTTAAGTTGCACA-1,0,77,69,997,4534
TAGGATCTTAACCGCA-1,0,76,70,1102,4473
GACTTTCGAGCGGTTC-1,0,77,71,996,4412
CCCTGGGAGGGATCCT-1,0,76,72,1102,4352
TAGTAGTTGCCGGACA-1,0,77,73,996,4291
GCCCTAAGTGCAGGAT-1,0,76,74,1101,4230
ACTTGGGCTTTCGCCA-1,0,77,75,996,4170
CATGATACGGTGAAAC-1,0,76,76,1101,4109
TCCTGCAGCCGCCAAT-1,0,77,77,996,4049
GTCCGTTAGAGGGCCT-1,0,76,78,1101,3988
GCTTTATTAAGTTACC-1,0,77,79,995,3927
AATCGAGGTCTCAAGG-1,0,76,80,1101,3866
GTGCTGTTAGAACATA-1,0,77,81,995,3806
GGCTTCTCGTGGGTGG-1,0,76,82,1100,3745
CCTACAGTTGAGGGAG-1,0,77,83,995,3685
TATCCCTCGATCTGCA-1,0,76,84,1100,3624
CCGGTATCTGGCGACT-1,0,77,85,994,3563
CTCTAACACCGGCAGC-1,0,76,86,1100,3503
CTTCATCACCAGGGCT-1,0,77,87,994,3442
GGCTGGCAATCCCACG-1,0,76,88,1100,3381
CAAACCATAAGCGTAT-1,0,77,89,994,3321
CATGTGGGCTCATCAC-1,0,76,90,1099,3260
CCCGTGACAGTGCCTT-1,0,77,91,994,3200
GATTATCTTGCATTAT-1,0,76,92,1099,3139
GAGTCCACCAGGTTTA-1,0,77,93,993,3078
TGTACTATCGCTCGTT-1,0,76,94,1099,3017
TTAGCGAATAGATAGG-1,0,77,95,993,2957
ACATACAATCAAGCGG-1,0,76,96,1098,2896
ATTCGTGTACCCATTC-1,0,77,97,993,2836
GCTAGCAACGCACCTA-1,0,76,98,1098,2775
ACCTCAGCGAGGCGCA-1,0,77,99,992,2714
TCCGGGCCACTAACGG-1,0,76,100,1098,2654
TCCCAATATCGACGAC-1,0,77,101,992,2593
GGATTGAAGTAGCCTC-1,0,76,102,1098,2532
GGCGCACAGTTTACCT-1,0,77,103,992,2472
CCCGGCACGTGTCAGG-1,0,76,104,1097,2411
AGTAAGGGACAGAATC-1,0,77,105,992,2351
TTGCGCACAACCACGT-1,0,76,106,1097,2290
CCTGCTACAACCATAC-1,0,77,107,991,2229
CTGGGCTACTGGAGAG-1,0,76,108,1097,2168
AGCTACGAATGGTGGT-1,0,77,109,991,2108
ATTCGTTTATCGTATT-1,0,76,110,1096,2047
GGCATTCCCTCCCTCG-1,0,77,111,991,1987
AGTTATTCAGACTGTG-1,0,76,112,1096,1926
CCACTTTCCTTCTAGG-1,0,77,113,991,1866
CGCAGTTCTATCTTTC-1,0,76,114,1096,1805
AGGAGCGTTTATTATC-1,0,77,115,990,1744
GACAGGTAATCCGTGT-1,0,76,116,1096,1683
TTCCCAAAGTACTGAT-1,0,77,117,990,1623
CTGCAGGGTGACGCTC-1,0,76,118,1095,1562
TCATGGAGGCCTTTGT-1,0,77,119,990,1502
ATGGCCCGAAAGGTTA-1,0,76,120,1095,1441
CGTAATATGGCCCTTG-1,0,77,121,989,1380
AGAGTCTTAATGAAAG-1,0,76,122,1095,1320
GAACGTTTGTATCCAC-1,0,77,123,989,1259
ATTGAATTCCCTGTAG-1,0,76,124,1095,1198
TACCTCACCAATTGTA-1,0,77,125,989,1138
AGTCGAATTAGCGTAA-1,0,76,126,1094,1077
TTGAAGTGCATCTACA-1,0,77,127,989,1017
